game_id,game_date,game_number,Tm,Opp,dest,home_team,br_home_code,schedule_team,source_url
SDN202403200,2024-03-20,0,LAD,SDP,@,SDP,SDN,LAD,https://www.baseball-reference.com/teams/LAD/2024-schedule-scores.shtml#all_team_schedule
LAN202403210,2024-03-21,0,LAD,SDP,,LAD,LAN,LAD,https://www.baseball-reference.com/teams/LAD/2024-schedule-scores.shtml#all_team_schedule
ARI202403280,2024-03-28,0,ARI,COL,,ARI,ARI,ARI,https://www.baseball-reference.com/teams/ARI/2024-schedule-scores.shtml#all_team_schedule
BAL202403280,2024-03-28,0,BAL,LAA,,BAL,BAL,BAL,https://www.baseball-reference.com/teams/BAL/2024-schedule-scores.shtml#all_team_schedule
CHA202403280,2024-03-28,0,CHW,DET,,CHW,CHA,CHW,https://www.baseball-reference.com/teams/CHW/2024-schedule-scores.shtml#all_team_schedule
CIN202403280,2024-03-28,0,CIN,WSN,,CIN,CIN,CIN,https://www.baseball-reference.com/teams/CIN/2024-schedule-scores.shtml#all_team_schedule
HOU202403280,2024-03-28,0,HOU,NYY,,HOU,HOU,HOU,https://www.baseball-reference.com/teams/HOU/2024-schedule-scores.shtml#all_team_schedule
KCA202403280,2024-03-28,0,KCR,MIN,,KCR,KCA,KCR,https://www.baseball-reference.com/teams/KCR/2024-schedule-scores.shtml#all_team_schedule
LAN202403280,2024-03-28,0,LAD,STL,,LAD,LAN,LAD,https://www.baseball-reference.com/teams/LAD/2024-schedule-scores.shtml#all_team_schedule
MIA202403280,2024-03-28,0,MIA,PIT,,MIA,MIA,MIA,https://www.baseball-reference.com/teams/MIA/2024-schedule-scores.shtml#all_team_schedule
OAK202403280,2024-03-28,0,CLE,OAK,@,OAK,OAK,CLE,https://www.baseball-reference.com/teams/CLE/2024-schedule-scores.shtml#all_team_schedule
SDN202403280,2024-03-28,0,SDP,SFG,,SDP,SDN,SDP,https://www.baseball-reference.com/teams/SDP/2024-schedule-scores.shtml#all_team_schedule
SEA202403280,2024-03-28,0,BOS,SEA,@,SEA,SEA,BOS,https://www.baseball-reference.com/teams/BOS/2024-schedule-scores.shtml#all_team_schedule
TBA202403280,2024-03-28,0,TBR,TOR,,TBR,TBA,TBR,https://www.baseball-reference.com/teams/TBR/2024-schedule-scores.shtml#all_team_schedule
TEX202403280,2024-03-28,0,CHC,TEX,@,TEX,TEX,CHC,https://www.baseball-reference.com/teams/CHC/2024-schedule-scores.shtml#all_team_schedule
ARI202403290,2024-03-29,0,ARI,COL,,ARI,ARI,ARI,https://www.baseball-reference.com/teams/ARI/2024-schedule-scores.shtml#all_team_schedule
HOU202403290,2024-03-29,0,HOU,NYY,,HOU,HOU,HOU,https://www.baseball-reference.com/teams/HOU/2024-schedule-scores.shtml#all_team_schedule
LAN202403290,2024-03-29,0,LAD,STL,,LAD,LAN,LAD,https://www.baseball-reference.com/teams/LAD/2024-schedule-scores.shtml#all_team_schedule
MIA202403290,2024-03-29,0,MIA,PIT,,MIA,MIA,MIA,https://www.baseball-reference.com/teams/MIA/2024-schedule-scores.shtml#all_team_schedule
NYN202403290,2024-03-29,0,MIL,NYM,@,NYM,NYN,MIL,https://www.baseball-reference.com/teams/MIL/2024-schedule-scores.shtml#all_team_schedule
OAK202403290,2024-03-29,0,CLE,OAK,@,OAK,OAK,CLE,https://www.baseball-reference.com/teams/CLE/2024-schedule-scores.shtml#all_team_schedule
PHI202403290,2024-03-29,0,ATL,PHI,@,PHI,PHI,ATL,https://www.baseball-reference.com/teams/ATL/2024-schedule-scores.shtml#all_team_schedule
SDN202403290,2024-03-29,0,SDP,SFG,,SDP,SDN,SDP,https://www.baseball-reference.com/teams/SDP/2024-schedule-scores.shtml#all_team_schedule
SEA202403290,2024-03-29,0,BOS,SEA,@,SEA,SEA,BOS,https://www.baseball-reference.com/teams/BOS/2024-schedule-scores.shtml#all_team_schedule
TBA202403290,2024-03-29,0,TBR,TOR,,TBR,TBA,TBR,https://www.baseball-reference.com/teams/TBR/2024-schedule-scores.shtml#all_team_schedule
ARI202403300,2024-03-30,0,ARI,COL,,ARI,ARI,ARI,https://www.baseball-reference.com/teams/ARI/2024-schedule-scores.shtml#all_team_schedule
BAL202403300,2024-03-30,0,BAL,LAA,,BAL,BAL,BAL,https://www.baseball-reference.com/teams/BAL/2024-schedule-scores.shtml#all_team_schedule
CHA202403300,2024-03-30,0,CHW,DET,,CHW,CHA,CHW,https://www.baseball-reference.com/teams/CHW/2024-schedule-scores.shtml#all_team_schedule
CIN202403300,2024-03-30,0,CIN,WSN,,CIN,CIN,CIN,https://www.baseball-reference.com/teams/CIN/2024-schedule-scores.shtml#all_team_schedule
HOU202403300,2024-03-30,0,HOU,NYY,,HOU,HOU,HOU,https://www.baseball-reference.com/teams/HOU/2024-schedule-scores.shtml#all_team_schedule
KCA202403300,2024-03-30,0,KCR,MIN,,KCR,KCA,KCR,https://www.baseball-reference.com/teams/KCR/2024-schedule-scores.shtml#all_team_schedule
LAN202403300,2024-03-30,0,LAD,STL,,LAD,LAN,LAD,https://www.baseball-reference.com/teams/LAD/2024-schedule-scores.shtml#all_team_schedule
MIA202403300,2024-03-30,0,MIA,PIT,,MIA,MIA,MIA,https://www.baseball-reference.com/teams/MIA/2024-schedule-scores.shtml#all_team_schedule
NYN202403300,2024-03-30,0,MIL,NYM,@,NYM,NYN,MIL,https://www.baseball-reference.com/teams/MIL/2024-schedule-scores.shtml#all_team_schedule
OAK202403300,2024-03-30,0,CLE,OAK,@,OAK,OAK,CLE,https://www.baseball-reference.com/teams/CLE/2024-schedule-scores.shtml#all_team_schedule
PHI202403300,2024-03-30,0,ATL,PHI,@,PHI,PHI,ATL,https://www.baseball-reference.com/teams/ATL/2024-schedule-scores.shtml#all_team_schedule
SDN202403300,2024-03-30,0,SDP,SFG,,SDP,SDN,SDP,https://www.baseball-reference.com/teams/SDP/2024-schedule-scores.shtml#all_team_schedule
SEA202403300,2024-03-30,0,BOS,SEA,@,SEA,SEA,BOS,https://www.baseball-reference.com/teams/BOS/2024-schedule-scores.shtml#all_team_schedule
TBA202403300,2024-03-30,0,TBR,TOR,,TBR,TBA,TBR,https://www.baseball-reference.com/teams/TBR/2024-schedule-scores.shtml#all_team_schedule
TEX202403300,2024-03-30,0,CHC,TEX,@,TEX,TEX,CHC,https://www.baseball-reference.com/teams/CHC/2024-schedule-scores.shtml#all_team_schedule
ARI202403310,2024-03-31,0,ARI,COL,,ARI,ARI,ARI,https://www.baseball-reference.com/teams/ARI/2024-schedule-scores.shtml#all_team_schedule
BAL202403310,2024-03-31,0,BAL,LAA,,BAL,BAL,BAL,https://www.baseball-reference.com/teams/BAL/2024-schedule-scores.shtml#all_team_schedule
CHA202403310,2024-03-31,0,CHW,DET,,CHW,CHA,CHW,https://www.baseball-reference.com/teams/CHW/2024-schedule-scores.shtml#all_team_schedule
CIN202403310,2024-03-31,0,CIN,WSN,,CIN,CIN,CIN,https://www.baseball-reference.com/teams/CIN/2024-schedule-scores.shtml#all_team_schedule
HOU202403310,2024-03-31,0,HOU,NYY,,HOU,HOU,HOU,https://www.baseball-reference.com/teams/HOU/2024-schedule-scores.shtml#all_team_schedule
KCA202403310,2024-03-31,0,KCR,MIN,,KCR,KCA,KCR,https://www.baseball-reference.com/teams/KCR/2024-schedule-scores.shtml#all_team_schedule
LAN202403310,2024-03-31,0,LAD,STL,,LAD,LAN,LAD,https://www.baseball-reference.com/teams/LAD/2024-schedule-scores.shtml#all_team_schedule
MIA202403310,2024-03-31,0,MIA,PIT,,MIA,MIA,MIA,https://www.baseball-reference.com/teams/MIA/2024-schedule-scores.shtml#all_team_schedule
NYN202403310,2024-03-31,0,MIL,NYM,@,NYM,NYN,MIL,https://www.baseball-reference.com/teams/MIL/2024-schedule-scores.shtml#all_team_schedule
OAK202403310,2024-03-31,0,CLE,OAK,@,OAK,OAK,CLE,https://www.baseball-reference.com/teams/CLE/2024-schedule-scores.shtml#all_team_schedule
PHI202403310,2024-03-31,0,ATL,PHI,@,PHI,PHI,ATL,https://www.baseball-reference.com/teams/ATL/2024-schedule-scores.shtml#all_team_schedule
SDN202403310,2024-03-31,0,SDP,SFG,,SDP,SDN,SDP,https://www.baseball-reference.com/teams/SDP/2024-schedule-scores.shtml#all_team_schedule
SEA202403310,2024-03-31,0,BOS,SEA,@,SEA,SEA,BOS,https://www.baseball-reference.com/teams/BOS/2024-schedule-scores.shtml#all_team_schedule
TBA202403310,2024-03-31,0,TBR,TOR,,TBR,TBA,TBR,https://www.baseball-reference.com/teams/TBR/2024-schedule-scores.shtml#all_team_schedule
TEX202403310,2024-03-31,0,CHC,TEX,@,TEX,TEX,CHC,https://www.baseball-reference.com/teams/CHC/2024-schedule-scores.shtml#all_team_schedule
ARI202404010,2024-04-01,0,ARI,NYY,,ARI,ARI,ARI,https://www.baseball-reference.com/teams/ARI/2024-schedule-scores.shtml#all_team_schedule
BAL202404010,2024-04-01,0,BAL,KCR,,BAL,BAL,BAL,https://www.baseball-reference.com/teams/BAL/2024-schedule-scores.shtml#all_team_schedule
CHA202404010,2024-04-01,0,ATL,CHW,@,CHW,CHA,ATL,https://www.baseball-reference.com/teams/ATL/2024-schedule-scores.shtml#all_team_schedule
CHN202404010,2024-04-01,0,CHC,COL,,CHC,CHN,CHC,https://www.baseball-reference.com/teams/CHC/2024-schedule-scores.shtml#all_team_schedule
HOU202404010,2024-04-01,0,HOU,TOR,,HOU,HOU,HOU,https://www.baseball-reference.com/teams/HOU/2024-schedule-scores.shtml#all_team_schedule
LAN202404010,2024-04-01,0,LAD,SFG,,LAD,LAN,LAD,https://www.baseball-reference.com/teams/LAD/2024-schedule-scores.shtml#all_team_schedule
MIA202404010,2024-04-01,0,LAA,MIA,@,MIA,MIA,LAA,https://www.baseball-reference.com/teams/LAA/2024-schedule-scores.shtml#all_team_schedule
NYN202404010,2024-04-01,0,DET,NYM,@,NYM,NYN,DET,https://www.baseball-reference.com/teams/DET/2024-schedule-scores.shtml#all_team_schedule
OAK202404010,2024-04-01,0,BOS,OAK,@,OAK,OAK,BOS,https://www.baseball-reference.com/teams/BOS/2024-schedule-scores.shtml#all_team_schedule
PHI202404010,2024-04-01,0,CIN,PHI,@,PHI,PHI,CIN,https://www.baseball-reference.com/teams/CIN/2024-schedule-scores.shtml#all_team_schedule
SDN202404010,2024-04-01,0,SDP,STL,,SDP,SDN,SDP,https://www.baseball-reference.com/teams/SDP/2024-schedule-scores.shtml#all_team_schedule
SEA202404010,2024-04-01,0,CLE,SEA,@,SEA,SEA,CLE,https://www.baseball-reference.com/teams/CLE/2024-schedule-scores.shtml#all_team_schedule
TBA202404010,2024-04-01,0,TBR,TEX,,TBR,TBA,TBR,https://www.baseball-reference.com/teams/TBR/2024-schedule-scores.shtml#all_team_schedule
WAS202404010,2024-04-01,0,PIT,WSN,@,WSN,WAS,PIT,https://www.baseball-reference.com/teams/PIT/2024-schedule-scores.shtml#all_team_schedule
ARI202404020,2024-04-02,0,ARI,NYY,,ARI,ARI,ARI,https://www.baseball-reference.com/teams/ARI/2024-schedule-scores.shtml#all_team_schedule
BAL202404020,2024-04-02,0,BAL,KCR,,BAL,BAL,BAL,https://www.baseball-reference.com/teams/BAL/2024-schedule-scores.shtml#all_team_schedule
CHA202404020,2024-04-02,0,ATL,CHW,@,CHW,CHA,ATL,https://www.baseball-reference.com/teams/ATL/2024-schedule-scores.shtml#all_team_schedule
CHN202404020,2024-04-02,0,CHC,COL,,CHC,CHN,CHC,https://www.baseball-reference.com/teams/CHC/2024-schedule-scores.shtml#all_team_schedule
HOU202404020,2024-04-02,0,HOU,TOR,,HOU,HOU,HOU,https://www.baseball-reference.com/teams/HOU/2024-schedule-scores.shtml#all_team_schedule
LAN202404020,2024-04-02,0,LAD,SFG,,LAD,LAN,LAD,https://www.baseball-reference.com/teams/LAD/2024-schedule-scores.shtml#all_team_schedule
MIA202404020,2024-04-02,0,LAA,MIA,@,MIA,MIA,LAA,https://www.baseball-reference.com/teams/LAA/2024-schedule-scores.shtml#all_team_schedule
MIL202404020,2024-04-02,0,MIL,MIN,,MIL,MIL,MIL,https://www.baseball-reference.com/teams/MIL/2024-schedule-scores.shtml#all_team_schedule
OAK202404020,2024-04-02,0,BOS,OAK,@,OAK,OAK,BOS,https://www.baseball-reference.com/teams/BOS/2024-schedule-scores.shtml#all_team_schedule
PHI202404020,2024-04-02,0,CIN,PHI,@,PHI,PHI,CIN,https://www.baseball-reference.com/teams/CIN/2024-schedule-scores.shtml#all_team_schedule
SDN202404020,2024-04-02,0,SDP,STL,,SDP,SDN,SDP,https://www.baseball-reference.com/teams/SDP/2024-schedule-scores.shtml#all_team_schedule
SEA202404020,2024-04-02,0,CLE,SEA,@,SEA,SEA,CLE,https://www.baseball-reference.com/teams/CLE/2024-schedule-scores.shtml#all_team_schedule
TBA202404020,2024-04-02,0,TBR,TEX,,TBR,TBA,TBR,https://www.baseball-reference.com/teams/TBR/2024-schedule-scores.shtml#all_team_schedule
ARI202404030,2024-04-03,0,ARI,NYY,,ARI,ARI,ARI,https://www.baseball-reference.com/teams/ARI/2024-schedule-scores.shtml#all_team_schedule
BAL202404030,2024-04-03,0,BAL,KCR,,BAL,BAL,BAL,https://www.baseball-reference.com/teams/BAL/2024-schedule-scores.shtml#all_team_schedule
CHN202404030,2024-04-03,0,CHC,COL,,CHC,CHN,CHC,https://www.baseball-reference.com/teams/CHC/2024-schedule-scores.shtml#all_team_schedule
HOU202404030,2024-04-03,0,HOU,TOR,,HOU,HOU,HOU,https://www.baseball-reference.com/teams/HOU/2024-schedule-scores.shtml#all_team_schedule
LAN202404030,2024-04-03,0,LAD,SFG,,LAD,LAN,LAD,https://www.baseball-reference.com/teams/LAD/2024-schedule-scores.shtml#all_team_schedule
MIA202404030,2024-04-03,0,LAA,MIA,@,MIA,MIA,LAA,https://www.baseball-reference.com/teams/LAA/2024-schedule-scores.shtml#all_team_schedule
MIL202404030,2024-04-03,0,MIL,MIN,,MIL,MIL,MIL,https://www.baseball-reference.com/teams/MIL/2024-schedule-scores.shtml#all_team_schedule
OAK202404030,2024-04-03,0,BOS,OAK,@,OAK,OAK,BOS,https://www.baseball-reference.com/teams/BOS/2024-schedule-scores.shtml#all_team_schedule
PHI202404030,2024-04-03,0,CIN,PHI,@,PHI,PHI,CIN,https://www.baseball-reference.com/teams/CIN/2024-schedule-scores.shtml#all_team_schedule
SDN202404030,2024-04-03,0,SDP,STL,,SDP,SDN,SDP,https://www.baseball-reference.com/teams/SDP/2024-schedule-scores.shtml#all_team_schedule
SEA202404030,2024-04-03,0,CLE,SEA,@,SEA,SEA,CLE,https://www.baseball-reference.com/teams/CLE/2024-schedule-scores.shtml#all_team_schedule
TBA202404030,2024-04-03,0,TBR,TEX,,TBR,TBA,TBR,https://www.baseball-reference.com/teams/TBR/2024-schedule-scores.shtml#all_team_schedule
WAS202404030,2024-04-03,0,PIT,WSN,@,WSN,WAS,PIT,https://www.baseball-reference.com/teams/PIT/2024-schedule-scores.shtml#all_team_schedule
KCA202404040,2024-04-04,0,CHW,KCR,@,KCR,KCA,CHW,https://www.baseball-reference.com/teams/CHW/2024-schedule-scores.shtml#all_team_schedule
MIN202404040,2024-04-04,0,CLE,MIN,@,MIN,MIN,CLE,https://www.baseball-reference.com/teams/CLE/2024-schedule-scores.shtml#all_team_schedule
NYN202404041,2024-04-04,1,DET,NYM,@,NYM,NYN,DET,https://www.baseball-reference.com/teams/DET/2024-schedule-scores.shtml#all_team_schedule
NYN202404042,2024-04-04,2,DET,NYM,@,NYM,NYN,DET,https://www.baseball-reference.com/teams/DET/2024-schedule-scores.shtml#all_team_schedule
SLN202404040,2024-04-04,0,MIA,STL,@,STL,SLN,MIA,https://www.baseball-reference.com/teams/MIA/2024-schedule-scores.shtml#all_team_schedule
WAS202404040,2024-04-04,0,PIT,WSN,@,WSN,WAS,PIT,https://www.baseball-reference.com/teams/PIT/2024-schedule-scores.shtml#all_team_schedule
ANA202404050,2024-04-05,0,BOS,LAA,@,LAA,ANA,BOS,https://www.baseball-reference.com/teams/BOS/2024-schedule-scores.shtml#all_team_schedule
ATL202404050,2024-04-05,0,ARI,ATL,@,ATL,ATL,ARI,https://www.baseball-reference.com/teams/ARI/2024-schedule-scores.shtml#all_team_schedule
CHN202404050,2024-04-05,0,CHC,LAD,,CHC,CHN,CHC,https://www.baseball-reference.com/teams/CHC/2024-schedule-scores.shtml#all_team_schedule
CIN202404050,2024-04-05,0,CIN,NYM,,CIN,CIN,CIN,https://www.baseball-reference.com/teams/CIN/2024-schedule-scores.shtml#all_team_schedule
COL202404050,2024-04-05,0,COL,TBR,,COL,COL,COL,https://www.baseball-reference.com/teams/COL/2024-schedule-scores.shtml#all_team_schedule
DET202404050,2024-04-05,0,DET,OAK,,DET,DET,DET,https://www.baseball-reference.com/teams/DET/2024-schedule-scores.shtml#all_team_schedule
KCA202404050,2024-04-05,0,CHW,KCR,@,KCR,KCA,CHW,https://www.baseball-reference.com/teams/CHW/2024-schedule-scores.shtml#all_team_schedule
MIL202404050,2024-04-05,0,MIL,SEA,,MIL,MIL,MIL,https://www.baseball-reference.com/teams/MIL/2024-schedule-scores.shtml#all_team_schedule
NYA202404050,2024-04-05,0,NYY,TOR,,NYY,NYA,NYY,https://www.baseball-reference.com/teams/NYY/2024-schedule-scores.shtml#all_team_schedule
PIT202404050,2024-04-05,0,BAL,PIT,@,PIT,PIT,BAL,https://www.baseball-reference.com/teams/BAL/2024-schedule-scores.shtml#all_team_schedule
SFN202404050,2024-04-05,0,SDP,SFG,@,SFG,SFN,SDP,https://www.baseball-reference.com/teams/SDP/2024-schedule-scores.shtml#all_team_schedule
TEX202404050,2024-04-05,0,HOU,TEX,@,TEX,TEX,HOU,https://www.baseball-reference.com/teams/HOU/2024-schedule-scores.shtml#all_team_schedule
WAS202404050,2024-04-05,0,PHI,WSN,@,WSN,WAS,PHI,https://www.baseball-reference.com/teams/PHI/2024-schedule-scores.shtml#all_team_schedule
ANA202404060,2024-04-06,0,BOS,LAA,@,LAA,ANA,BOS,https://www.baseball-reference.com/teams/BOS/2024-schedule-scores.shtml#all_team_schedule
ATL202404060,2024-04-06,0,ARI,ATL,@,ATL,ATL,ARI,https://www.baseball-reference.com/teams/ARI/2024-schedule-scores.shtml#all_team_schedule
CHN202404060,2024-04-06,0,CHC,LAD,,CHC,CHN,CHC,https://www.baseball-reference.com/teams/CHC/2024-schedule-scores.shtml#all_team_schedule
CIN202404060,2024-04-06,0,CIN,NYM,,CIN,CIN,CIN,https://www.baseball-reference.com/teams/CIN/2024-schedule-scores.shtml#all_team_schedule
COL202404060,2024-04-06,0,COL,TBR,,COL,COL,COL,https://www.baseball-reference.com/teams/COL/2024-schedule-scores.shtml#all_team_schedule
DET202404060,2024-04-06,0,DET,OAK,,DET,DET,DET,https://www.baseball-reference.com/teams/DET/2024-schedule-scores.shtml#all_team_schedule
KCA202404060,2024-04-06,0,CHW,KCR,@,KCR,KCA,CHW,https://www.baseball-reference.com/teams/CHW/2024-schedule-scores.shtml#all_team_schedule
MIL202404060,2024-04-06,0,MIL,SEA,,MIL,MIL,MIL,https://www.baseball-reference.com/teams/MIL/2024-schedule-scores.shtml#all_team_schedule
MIN202404060,2024-04-06,0,CLE,MIN,@,MIN,MIN,CLE,https://www.baseball-reference.com/teams/CLE/2024-schedule-scores.shtml#all_team_schedule
NYA202404060,2024-04-06,0,NYY,TOR,,NYY,NYA,NYY,https://www.baseball-reference.com/teams/NYY/2024-schedule-scores.shtml#all_team_schedule
PIT202404060,2024-04-06,0,BAL,PIT,@,PIT,PIT,BAL,https://www.baseball-reference.com/teams/BAL/2024-schedule-scores.shtml#all_team_schedule
SFN202404060,2024-04-06,0,SDP,SFG,@,SFG,SFN,SDP,https://www.baseball-reference.com/teams/SDP/2024-schedule-scores.shtml#all_team_schedule
SLN202404060,2024-04-06,0,MIA,STL,@,STL,SLN,MIA,https://www.baseball-reference.com/teams/MIA/2024-schedule-scores.shtml#all_team_schedule
TEX202404060,2024-04-06,0,HOU,TEX,@,TEX,TEX,HOU,https://www.baseball-reference.com/teams/HOU/2024-schedule-scores.shtml#all_team_schedule
WAS202404060,2024-04-06,0,PHI,WSN,@,WSN,WAS,PHI,https://www.baseball-reference.com/teams/PHI/2024-schedule-scores.shtml#all_team_schedule
ANA202404070,2024-04-07,0,BOS,LAA,@,LAA,ANA,BOS,https://www.baseball-reference.com/teams/BOS/2024-schedule-scores.shtml#all_team_schedule
ATL202404070,2024-04-07,0,ARI,ATL,@,ATL,ATL,ARI,https://www.baseball-reference.com/teams/ARI/2024-schedule-scores.shtml#all_team_schedule
CHN202404070,2024-04-07,0,CHC,LAD,,CHC,CHN,CHC,https://www.baseball-reference.com/teams/CHC/2024-schedule-scores.shtml#all_team_schedule
CIN202404070,2024-04-07,0,CIN,NYM,,CIN,CIN,CIN,https://www.baseball-reference.com/teams/CIN/2024-schedule-scores.shtml#all_team_schedule
COL202404070,2024-04-07,0,COL,TBR,,COL,COL,COL,https://www.baseball-reference.com/teams/COL/2024-schedule-scores.shtml#all_team_schedule
DET202404070,2024-04-07,0,DET,OAK,,DET,DET,DET,https://www.baseball-reference.com/teams/DET/2024-schedule-scores.shtml#all_team_schedule
KCA202404070,2024-04-07,0,CHW,KCR,@,KCR,KCA,CHW,https://www.baseball-reference.com/teams/CHW/2024-schedule-scores.shtml#all_team_schedule
MIL202404070,2024-04-07,0,MIL,SEA,,MIL,MIL,MIL,https://www.baseball-reference.com/teams/MIL/2024-schedule-scores.shtml#all_team_schedule
NYA202404070,2024-04-07,0,NYY,TOR,,NYY,NYA,NYY,https://www.baseball-reference.com/teams/NYY/2024-schedule-scores.shtml#all_team_schedule
PIT202404070,2024-04-07,0,BAL,PIT,@,PIT,PIT,BAL,https://www.baseball-reference.com/teams/BAL/2024-schedule-scores.shtml#all_team_schedule
SFN202404070,2024-04-07,0,SDP,SFG,@,SFG,SFN,SDP,https://www.baseball-reference.com/teams/SDP/2024-schedule-scores.shtml#all_team_schedule
SLN202404070,2024-04-07,0,MIA,STL,@,STL,SLN,MIA,https://www.baseball-reference.com/teams/MIA/2024-schedule-scores.shtml#all_team_schedule
TEX202404070,2024-04-07,0,HOU,TEX,@,TEX,TEX,HOU,https://www.baseball-reference.com/teams/HOU/2024-schedule-scores.shtml#all_team_schedule
WAS202404070,2024-04-07,0,PHI,WSN,@,WSN,WAS,PHI,https://www.baseball-reference.com/teams/PHI/2024-schedule-scores.shtml#all_team_schedule
ANA202404080,2024-04-08,0,LAA,TBR,,LAA,ANA,LAA,https://www.baseball-reference.com/teams/LAA/2024-schedule-scores.shtml#all_team_schedule
ATL202404080,2024-04-08,0,ATL,NYM,,ATL,ATL,ATL,https://www.baseball-reference.com/teams/ATL/2024-schedule-scores.shtml#all_team_schedule
CIN202404080,2024-04-08,0,CIN,MIL,,CIN,CIN,CIN,https://www.baseball-reference.com/teams/CIN/2024-schedule-scores.shtml#all_team_schedule
CLE202404080,2024-04-08,0,CHW,CLE,@,CLE,CLE,CHW,https://www.baseball-reference.com/teams/CHW/2024-schedule-scores.shtml#all_team_schedule
COL202404080,2024-04-08,0,ARI,COL,@,COL,COL,ARI,https://www.baseball-reference.com/teams/ARI/2024-schedule-scores.shtml#all_team_schedule
MIN202404080,2024-04-08,0,LAD,MIN,@,MIN,MIN,LAD,https://www.baseball-reference.com/teams/LAD/2024-schedule-scores.shtml#all_team_schedule
NYA202404080,2024-04-08,0,MIA,NYY,@,NYY,NYA,MIA,https://www.baseball-reference.com/teams/MIA/2024-schedule-scores.shtml#all_team_schedule
PIT202404080,2024-04-08,0,DET,PIT,@,PIT,PIT,DET,https://www.baseball-reference.com/teams/DET/2024-schedule-scores.shtml#all_team_schedule
SDN202404080,2024-04-08,0,CHC,SDP,@,SDP,SDN,CHC,https://www.baseball-reference.com/teams/CHC/2024-schedule-scores.shtml#all_team_schedule
SFN202404080,2024-04-08,0,SFG,WSN,,SFG,SFN,SFG,https://www.baseball-reference.com/teams/SFG/2024-schedule-scores.shtml#all_team_schedule
SLN202404080,2024-04-08,0,PHI,STL,@,STL,SLN,PHI,https://www.baseball-reference.com/teams/PHI/2024-schedule-scores.shtml#all_team_schedule
TEX202404080,2024-04-08,0,HOU,TEX,@,TEX,TEX,HOU,https://www.baseball-reference.com/teams/HOU/2024-schedule-scores.shtml#all_team_schedule
TOR202404080,2024-04-08,0,SEA,TOR,@,TOR,TOR,SEA,https://www.baseball-reference.com/teams/SEA/2024-schedule-scores.shtml#all_team_schedule
ANA202404090,2024-04-09,0,LAA,TBR,,LAA,ANA,LAA,https://www.baseball-reference.com/teams/LAA/2024-schedule-scores.shtml#all_team_schedule
ATL202404090,2024-04-09,0,ATL,NYM,,ATL,ATL,ATL,https://www.baseball-reference.com/teams/ATL/2024-schedule-scores.shtml#all_team_schedule
BOS202404090,2024-04-09,0,BAL,BOS,@,BOS,BOS,BAL,https://www.baseball-reference.com/teams/BAL/2024-schedule-scores.shtml#all_team_schedule
CIN202404090,2024-04-09,0,CIN,MIL,,CIN,CIN,CIN,https://www.baseball-reference.com/teams/CIN/2024-schedule-scores.shtml#all_team_schedule
CLE202404090,2024-04-09,0,CHW,CLE,@,CLE,CLE,CHW,https://www.baseball-reference.com/teams/CHW/2024-schedule-scores.shtml#all_team_schedule
COL202404090,2024-04-09,0,ARI,COL,@,COL,COL,ARI,https://www.baseball-reference.com/teams/ARI/2024-schedule-scores.shtml#all_team_schedule
KCA202404090,2024-04-09,0,HOU,KCR,@,KCR,KCA,HOU,https://www.baseball-reference.com/teams/HOU/2024-schedule-scores.shtml#all_team_schedule
MIN202404090,2024-04-09,0,LAD,MIN,@,MIN,MIN,LAD,https://www.baseball-reference.com/teams/LAD/2024-schedule-scores.shtml#all_team_schedule
NYA202404090,2024-04-09,0,MIA,NYY,@,NYY,NYA,MIA,https://www.baseball-reference.com/teams/MIA/2024-schedule-scores.shtml#all_team_schedule
PIT202404090,2024-04-09,0,DET,PIT,@,PIT,PIT,DET,https://www.baseball-reference.com/teams/DET/2024-schedule-scores.shtml#all_team_schedule
SDN202404090,2024-04-09,0,CHC,SDP,@,SDP,SDN,CHC,https://www.baseball-reference.com/teams/CHC/2024-schedule-scores.shtml#all_team_schedule
SFN202404090,2024-04-09,0,SFG,WSN,,SFG,SFN,SFG,https://www.baseball-reference.com/teams/SFG/2024-schedule-scores.shtml#all_team_schedule
SLN202404090,2024-04-09,0,PHI,STL,@,STL,SLN,PHI,https://www.baseball-reference.com/teams/PHI/2024-schedule-scores.shtml#all_team_schedule
TEX202404090,2024-04-09,0,OAK,TEX,@,TEX,TEX,OAK,https://www.baseball-reference.com/teams/OAK/2024-schedule-scores.shtml#all_team_schedule
TOR202404090,2024-04-09,0,SEA,TOR,@,TOR,TOR,SEA,https://www.baseball-reference.com/teams/SEA/2024-schedule-scores.shtml#all_team_schedule
ANA202404100,2024-04-10,0,LAA,TBR,,LAA,ANA,LAA,https://www.baseball-reference.com/teams/LAA/2024-schedule-scores.shtml#all_team_schedule
BOS202404100,2024-04-10,0,BAL,BOS,@,BOS,BOS,BAL,https://www.baseball-reference.com/teams/BAL/2024-schedule-scores.shtml#all_team_schedule
CIN202404100,2024-04-10,0,CIN,MIL,,CIN,CIN,CIN,https://www.baseball-reference.com/teams/CIN/2024-schedule-scores.shtml#all_team_schedule
CLE202404100,2024-04-10,0,CHW,CLE,@,CLE,CLE,CHW,https://www.baseball-reference.com/teams/CHW/2024-schedule-scores.shtml#all_team_schedule
COL202404100,2024-04-10,0,ARI,COL,@,COL,COL,ARI,https://www.baseball-reference.com/teams/ARI/2024-schedule-scores.shtml#all_team_schedule
KCA202404100,2024-04-10,0,HOU,KCR,@,KCR,KCA,HOU,https://www.baseball-reference.com/teams/HOU/2024-schedule-scores.shtml#all_team_schedule
MIN202404100,2024-04-10,0,LAD,MIN,@,MIN,MIN,LAD,https://www.baseball-reference.com/teams/LAD/2024-schedule-scores.shtml#all_team_schedule
NYA202404100,2024-04-10,0,MIA,NYY,@,NYY,NYA,MIA,https://www.baseball-reference.com/teams/MIA/2024-schedule-scores.shtml#all_team_schedule
SDN202404100,2024-04-10,0,CHC,SDP,@,SDP,SDN,CHC,https://www.baseball-reference.com/teams/CHC/2024-schedule-scores.shtml#all_team_schedule
SFN202404100,2024-04-10,0,SFG,WSN,,SFG,SFN,SFG,https://www.baseball-reference.com/teams/SFG/2024-schedule-scores.shtml#all_team_schedule
SLN202404100,2024-04-10,0,PHI,STL,@,STL,SLN,PHI,https://www.baseball-reference.com/teams/PHI/2024-schedule-scores.shtml#all_team_schedule
TEX202404100,2024-04-10,0,OAK,TEX,@,TEX,TEX,OAK,https://www.baseball-reference.com/teams/OAK/2024-schedule-scores.shtml#all_team_schedule
TOR202404100,2024-04-10,0,SEA,TOR,@,TOR,TOR,SEA,https://www.baseball-reference.com/teams/SEA/2024-schedule-scores.shtml#all_team_schedule
ATL202404110,2024-04-11,0,ATL,NYM,,ATL,ATL,ATL,https://www.baseball-reference.com/teams/ATL/2024-schedule-scores.shtml#all_team_schedule
BOS202404110,2024-04-11,0,BAL,BOS,@,BOS,BOS,BAL,https://www.baseball-reference.com/teams/BAL/2024-schedule-scores.shtml#all_team_schedule
KCA202404110,2024-04-11,0,HOU,KCR,@,KCR,KCA,HOU,https://www.baseball-reference.com/teams/HOU/2024-schedule-scores.shtml#all_team_schedule
PHI202404110,2024-04-11,0,PHI,PIT,,PHI,PHI,PHI,https://www.baseball-reference.com/teams/PHI/2024-schedule-scores.shtml#all_team_schedule
TEX202404110,2024-04-11,0,OAK,TEX,@,TEX,TEX,OAK,https://www.baseball-reference.com/teams/OAK/2024-schedule-scores.shtml#all_team_schedule
ARI202404120,2024-04-12,0,ARI,STL,,ARI,ARI,ARI,https://www.baseball-reference.com/teams/ARI/2024-schedule-scores.shtml#all_team_schedule
BAL202404120,2024-04-12,0,BAL,MIL,,BAL,BAL,BAL,https://www.baseball-reference.com/teams/BAL/2024-schedule-scores.shtml#all_team_schedule
BOS202404120,2024-04-12,0,BOS,LAA,,BOS,BOS,BOS,https://www.baseball-reference.com/teams/BOS/2024-schedule-scores.shtml#all_team_schedule
CHA202404120,2024-04-12,0,CHW,CIN,,CHW,CHA,CHW,https://www.baseball-reference.com/teams/CHW/2024-schedule-scores.shtml#all_team_schedule
DET202404120,2024-04-12,0,DET,MIN,,DET,DET,DET,https://www.baseball-reference.com/teams/DET/2024-schedule-scores.shtml#all_team_schedule
HOU202404120,2024-04-12,0,HOU,TEX,,HOU,HOU,HOU,https://www.baseball-reference.com/teams/HOU/2024-schedule-scores.shtml#all_team_schedule
LAN202404120,2024-04-12,0,LAD,SDP,,LAD,LAN,LAD,https://www.baseball-reference.com/teams/LAD/2024-schedule-scores.shtml#all_team_schedule
MIA202404120,2024-04-12,0,ATL,MIA,@,MIA,MIA,ATL,https://www.baseball-reference.com/teams/ATL/2024-schedule-scores.shtml#all_team_schedule
NYN202404120,2024-04-12,0,KCR,NYM,@,NYM,NYN,KCR,https://www.baseball-reference.com/teams/KCR/2024-schedule-scores.shtml#all_team_schedule
OAK202404120,2024-04-12,0,OAK,WSN,,OAK,OAK,OAK,https://www.baseball-reference.com/teams/OAK/2024-schedule-scores.shtml#all_team_schedule
PHI202404120,2024-04-12,0,PHI,PIT,,PHI,PHI,PHI,https://www.baseball-reference.com/teams/PHI/2024-schedule-scores.shtml#all_team_schedule
SEA202404120,2024-04-12,0,CHC,SEA,@,SEA,SEA,CHC,https://www.baseball-reference.com/teams/CHC/2024-schedule-scores.shtml#all_team_schedule
TBA202404120,2024-04-12,0,SFG,TBR,@,TBR,TBA,SFG,https://www.baseball-reference.com/teams/SFG/2024-schedule-scores.shtml#all_team_schedule
TOR202404120,2024-04-12,0,COL,TOR,@,TOR,TOR,COL,https://www.baseball-reference.com/teams/COL/2024-schedule-scores.shtml#all_team_schedule
ARI202404130,2024-04-13,0,ARI,STL,,ARI,ARI,ARI,https://www.baseball-reference.com/teams/ARI/2024-schedule-scores.shtml#all_team_schedule
BAL202404130,2024-04-13,0,BAL,MIL,,BAL,BAL,BAL,https://www.baseball-reference.com/teams/BAL/2024-schedule-scores.shtml#all_team_schedule
BOS202404130,2024-04-13,0,BOS,LAA,,BOS,BOS,BOS,https://www.baseball-reference.com/teams/BOS/2024-schedule-scores.shtml#all_team_schedule
CHA202404130,2024-04-13,0,CHW,CIN,,CHW,CHA,CHW,https://www.baseball-reference.com/teams/CHW/2024-schedule-scores.shtml#all_team_schedule
CLE202404131,2024-04-13,1,CLE,NYY,,CLE,CLE,CLE,https://www.baseball-reference.com/teams/CLE/2024-schedule-scores.shtml#all_team_schedule
CLE202404132,2024-04-13,2,CLE,NYY,,CLE,CLE,CLE,https://www.baseball-reference.com/teams/CLE/2024-schedule-scores.shtml#all_team_schedule
DET202404131,2024-04-13,1,DET,MIN,,DET,DET,DET,https://www.baseball-reference.com/teams/DET/2024-schedule-scores.shtml#all_team_schedule
DET202404132,2024-04-13,2,DET,MIN,,DET,DET,DET,https://www.baseball-reference.com/teams/DET/2024-schedule-scores.shtml#all_team_schedule
HOU202404130,2024-04-13,0,HOU,TEX,,HOU,HOU,HOU,https://www.baseball-reference.com/teams/HOU/2024-schedule-scores.shtml#all_team_schedule
LAN202404130,2024-04-13,0,LAD,SDP,,LAD,LAN,LAD,https://www.baseball-reference.com/teams/LAD/2024-schedule-scores.shtml#all_team_schedule
MIA202404130,2024-04-13,0,ATL,MIA,@,MIA,MIA,ATL,https://www.baseball-reference.com/teams/ATL/2024-schedule-scores.shtml#all_team_schedule
NYN202404130,2024-04-13,0,KCR,NYM,@,NYM,NYN,KCR,https://www.baseball-reference.com/teams/KCR/2024-schedule-scores.shtml#all_team_schedule
OAK202404130,2024-04-13,0,OAK,WSN,,OAK,OAK,OAK,https://www.baseball-reference.com/teams/OAK/2024-schedule-scores.shtml#all_team_schedule
PHI202404130,2024-04-13,0,PHI,PIT,,PHI,PHI,PHI,https://www.baseball-reference.com/teams/PHI/2024-schedule-scores.shtml#all_team_schedule
SEA202404130,2024-04-13,0,CHC,SEA,@,SEA,SEA,CHC,https://www.baseball-reference.com/teams/CHC/2024-schedule-scores.shtml#all_team_schedule
TBA202404130,2024-04-13,0,SFG,TBR,@,TBR,TBA,SFG,https://www.baseball-reference.com/teams/SFG/2024-schedule-scores.shtml#all_team_schedule
TOR202404130,2024-04-13,0,COL,TOR,@,TOR,TOR,COL,https://www.baseball-reference.com/teams/COL/2024-schedule-scores.shtml#all_team_schedule
ARI202404140,2024-04-14,0,ARI,STL,,ARI,ARI,ARI,https://www.baseball-reference.com/teams/ARI/2024-schedule-scores.shtml#all_team_schedule
BAL202404140,2024-04-14,0,BAL,MIL,,BAL,BAL,BAL,https://www.baseball-reference.com/teams/BAL/2024-schedule-scores.shtml#all_team_schedule
BOS202404140,2024-04-14,0,BOS,LAA,,BOS,BOS,BOS,https://www.baseball-reference.com/teams/BOS/2024-schedule-scores.shtml#all_team_schedule
CHA202404140,2024-04-14,0,CHW,CIN,,CHW,CHA,CHW,https://www.baseball-reference.com/teams/CHW/2024-schedule-scores.shtml#all_team_schedule
CLE202404140,2024-04-14,0,CLE,NYY,,CLE,CLE,CLE,https://www.baseball-reference.com/teams/CLE/2024-schedule-scores.shtml#all_team_schedule
DET202404140,2024-04-14,0,DET,MIN,,DET,DET,DET,https://www.baseball-reference.com/teams/DET/2024-schedule-scores.shtml#all_team_schedule
HOU202404140,2024-04-14,0,HOU,TEX,,HOU,HOU,HOU,https://www.baseball-reference.com/teams/HOU/2024-schedule-scores.shtml#all_team_schedule
LAN202404140,2024-04-14,0,LAD,SDP,,LAD,LAN,LAD,https://www.baseball-reference.com/teams/LAD/2024-schedule-scores.shtml#all_team_schedule
MIA202404140,2024-04-14,0,ATL,MIA,@,MIA,MIA,ATL,https://www.baseball-reference.com/teams/ATL/2024-schedule-scores.shtml#all_team_schedule
NYN202404140,2024-04-14,0,KCR,NYM,@,NYM,NYN,KCR,https://www.baseball-reference.com/teams/KCR/2024-schedule-scores.shtml#all_team_schedule
OAK202404140,2024-04-14,0,OAK,WSN,,OAK,OAK,OAK,https://www.baseball-reference.com/teams/OAK/2024-schedule-scores.shtml#all_team_schedule
PHI202404140,2024-04-14,0,PHI,PIT,,PHI,PHI,PHI,https://www.baseball-reference.com/teams/PHI/2024-schedule-scores.shtml#all_team_schedule
SEA202404140,2024-04-14,0,CHC,SEA,@,SEA,SEA,CHC,https://www.baseball-reference.com/teams/CHC/2024-schedule-scores.shtml#all_team_schedule
TBA202404140,2024-04-14,0,SFG,TBR,@,TBR,TBA,SFG,https://www.baseball-reference.com/teams/SFG/2024-schedule-scores.shtml#all_team_schedule
TOR202404140,2024-04-14,0,COL,TOR,@,TOR,TOR,COL,https://www.baseball-reference.com/teams/COL/2024-schedule-scores.shtml#all_team_schedule
ARI202404150,2024-04-15,0,ARI,CHC,,ARI,ARI,ARI,https://www.baseball-reference.com/teams/ARI/2024-schedule-scores.shtml#all_team_schedule
BAL202404150,2024-04-15,0,BAL,MIN,,BAL,BAL,BAL,https://www.baseball-reference.com/teams/BAL/2024-schedule-scores.shtml#all_team_schedule
BOS202404150,2024-04-15,0,BOS,CLE,,BOS,BOS,BOS,https://www.baseball-reference.com/teams/BOS/2024-schedule-scores.shtml#all_team_schedule
CHA202404150,2024-04-15,0,CHW,KCR,,CHW,CHA,CHW,https://www.baseball-reference.com/teams/CHW/2024-schedule-scores.shtml#all_team_schedule
DET202404150,2024-04-15,0,DET,TEX,,DET,DET,DET,https://www.baseball-reference.com/teams/DET/2024-schedule-scores.shtml#all_team_schedule
HOU202404150,2024-04-15,0,ATL,HOU,@,HOU,HOU,ATL,https://www.baseball-reference.com/teams/ATL/2024-schedule-scores.shtml#all_team_schedule
LAN202404150,2024-04-15,0,LAD,WSN,,LAD,LAN,LAD,https://www.baseball-reference.com/teams/LAD/2024-schedule-scores.shtml#all_team_schedule
MIA202404150,2024-04-15,0,MIA,SFG,,MIA,MIA,MIA,https://www.baseball-reference.com/teams/MIA/2024-schedule-scores.shtml#all_team_schedule
MIL202404150,2024-04-15,0,MIL,SDP,,MIL,MIL,MIL,https://www.baseball-reference.com/teams/MIL/2024-schedule-scores.shtml#all_team_schedule
NYN202404150,2024-04-15,0,NYM,PIT,,NYM,NYN,NYM,https://www.baseball-reference.com/teams/NYM/2024-schedule-scores.shtml#all_team_schedule
OAK202404150,2024-04-15,0,OAK,STL,,OAK,OAK,OAK,https://www.baseball-reference.com/teams/OAK/2024-schedule-scores.shtml#all_team_schedule
PHI202404150,2024-04-15,0,COL,PHI,@,PHI,PHI,COL,https://www.baseball-reference.com/teams/COL/2024-schedule-scores.shtml#all_team_schedule
SEA202404150,2024-04-15,0,CIN,SEA,@,SEA,SEA,CIN,https://www.baseball-reference.com/teams/CIN/2024-schedule-scores.shtml#all_team_schedule
TBA202404150,2024-04-15,0,LAA,TBR,@,TBR,TBA,LAA,https://www.baseball-reference.com/teams/LAA/2024-schedule-scores.shtml#all_team_schedule
TOR202404150,2024-04-15,0,NYY,TOR,@,TOR,TOR,NYY,https://www.baseball-reference.com/teams/NYY/2024-schedule-scores.shtml#all_team_schedule
ARI202404160,2024-04-16,0,ARI,CHC,,ARI,ARI,ARI,https://www.baseball-reference.com/teams/ARI/2024-schedule-scores.shtml#all_team_schedule
BAL202404160,2024-04-16,0,BAL,MIN,,BAL,BAL,BAL,https://www.baseball-reference.com/teams/BAL/2024-schedule-scores.shtml#all_team_schedule
BOS202404160,2024-04-16,0,BOS,CLE,,BOS,BOS,BOS,https://www.baseball-reference.com/teams/BOS/2024-schedule-scores.shtml#all_team_schedule
DET202404160,2024-04-16,0,DET,TEX,,DET,DET,DET,https://www.baseball-reference.com/teams/DET/2024-schedule-scores.shtml#all_team_schedule
HOU202404160,2024-04-16,0,ATL,HOU,@,HOU,HOU,ATL,https://www.baseball-reference.com/teams/ATL/2024-schedule-scores.shtml#all_team_schedule
LAN202404160,2024-04-16,0,LAD,WSN,,LAD,LAN,LAD,https://www.baseball-reference.com/teams/LAD/2024-schedule-scores.shtml#all_team_schedule
MIA202404160,2024-04-16,0,MIA,SFG,,MIA,MIA,MIA,https://www.baseball-reference.com/teams/MIA/2024-schedule-scores.shtml#all_team_schedule
MIL202404160,2024-04-16,0,MIL,SDP,,MIL,MIL,MIL,https://www.baseball-reference.com/teams/MIL/2024-schedule-scores.shtml#all_team_schedule
NYN202404160,2024-04-16,0,NYM,PIT,,NYM,NYN,NYM,https://www.baseball-reference.com/teams/NYM/2024-schedule-scores.shtml#all_team_schedule
OAK202404160,2024-04-16,0,OAK,STL,,OAK,OAK,OAK,https://www.baseball-reference.com/teams/OAK/2024-schedule-scores.shtml#all_team_schedule
PHI202404160,2024-04-16,0,COL,PHI,@,PHI,PHI,COL,https://www.baseball-reference.com/teams/COL/2024-schedule-scores.shtml#all_team_schedule
SEA202404160,2024-04-16,0,CIN,SEA,@,SEA,SEA,CIN,https://www.baseball-reference.com/teams/CIN/2024-schedule-scores.shtml#all_team_schedule
TBA202404160,2024-04-16,0,LAA,TBR,@,TBR,TBA,LAA,https://www.baseball-reference.com/teams/LAA/2024-schedule-scores.shtml#all_team_schedule
TOR202404160,2024-04-16,0,NYY,TOR,@,TOR,TOR,NYY,https://www.baseball-reference.com/teams/NYY/2024-schedule-scores.shtml#all_team_schedule
ARI202404170,2024-04-17,0,ARI,CHC,,ARI,ARI,ARI,https://www.baseball-reference.com/teams/ARI/2024-schedule-scores.shtml#all_team_schedule
BAL202404170,2024-04-17,0,BAL,MIN,,BAL,BAL,BAL,https://www.baseball-reference.com/teams/BAL/2024-schedule-scores.shtml#all_team_schedule
BOS202404170,2024-04-17,0,BOS,CLE,,BOS,BOS,BOS,https://www.baseball-reference.com/teams/BOS/2024-schedule-scores.shtml#all_team_schedule
CHA202404171,2024-04-17,1,CHW,KCR,,CHW,CHA,CHW,https://www.baseball-reference.com/teams/CHW/2024-schedule-scores.shtml#all_team_schedule
CHA202404172,2024-04-17,2,CHW,KCR,,CHW,CHA,CHW,https://www.baseball-reference.com/teams/CHW/2024-schedule-scores.shtml#all_team_schedule
DET202404170,2024-04-17,0,DET,TEX,,DET,DET,DET,https://www.baseball-reference.com/teams/DET/2024-schedule-scores.shtml#all_team_schedule
HOU202404170,2024-04-17,0,ATL,HOU,@,HOU,HOU,ATL,https://www.baseball-reference.com/teams/ATL/2024-schedule-scores.shtml#all_team_schedule
LAN202404170,2024-04-17,0,LAD,WSN,,LAD,LAN,LAD,https://www.baseball-reference.com/teams/LAD/2024-schedule-scores.shtml#all_team_schedule
MIA202404170,2024-04-17,0,MIA,SFG,,MIA,MIA,MIA,https://www.baseball-reference.com/teams/MIA/2024-schedule-scores.shtml#all_team_schedule
MIL202404170,2024-04-17,0,MIL,SDP,,MIL,MIL,MIL,https://www.baseball-reference.com/teams/MIL/2024-schedule-scores.shtml#all_team_schedule
NYN202404170,2024-04-17,0,NYM,PIT,,NYM,NYN,NYM,https://www.baseball-reference.com/teams/NYM/2024-schedule-scores.shtml#all_team_schedule
OAK202404170,2024-04-17,0,OAK,STL,,OAK,OAK,OAK,https://www.baseball-reference.com/teams/OAK/2024-schedule-scores.shtml#all_team_schedule
PHI202404170,2024-04-17,0,COL,PHI,@,PHI,PHI,COL,https://www.baseball-reference.com/teams/COL/2024-schedule-scores.shtml#all_team_schedule
SEA202404170,2024-04-17,0,CIN,SEA,@,SEA,SEA,CIN,https://www.baseball-reference.com/teams/CIN/2024-schedule-scores.shtml#all_team_schedule
TBA202404170,2024-04-17,0,LAA,TBR,@,TBR,TBA,LAA,https://www.baseball-reference.com/teams/LAA/2024-schedule-scores.shtml#all_team_schedule
TOR202404170,2024-04-17,0,NYY,TOR,@,TOR,TOR,NYY,https://www.baseball-reference.com/teams/NYY/2024-schedule-scores.shtml#all_team_schedule
BOS202404180,2024-04-18,0,BOS,CLE,,BOS,BOS,BOS,https://www.baseball-reference.com/teams/BOS/2024-schedule-scores.shtml#all_team_schedule
DET202404180,2024-04-18,0,DET,TEX,,DET,DET,DET,https://www.baseball-reference.com/teams/DET/2024-schedule-scores.shtml#all_team_schedule
SFN202404180,2024-04-18,0,ARI,SFG,@,SFG,SFN,ARI,https://www.baseball-reference.com/teams/ARI/2024-schedule-scores.shtml#all_team_schedule
TBA202404180,2024-04-18,0,LAA,TBR,@,TBR,TBA,LAA,https://www.baseball-reference.com/teams/LAA/2024-schedule-scores.shtml#all_team_schedule
ATL202404190,2024-04-19,0,ATL,TEX,,ATL,ATL,ATL,https://www.baseball-reference.com/teams/ATL/2024-schedule-scores.shtml#all_team_schedule
CHN202404190,2024-04-19,0,CHC,MIA,,CHC,CHN,CHC,https://www.baseball-reference.com/teams/CHC/2024-schedule-scores.shtml#all_team_schedule
CIN202404190,2024-04-19,0,CIN,LAA,,CIN,CIN,CIN,https://www.baseball-reference.com/teams/CIN/2024-schedule-scores.shtml#all_team_schedule
CLE202404190,2024-04-19,0,CLE,OAK,,CLE,CLE,CLE,https://www.baseball-reference.com/teams/CLE/2024-schedule-scores.shtml#all_team_schedule
KCA202404190,2024-04-19,0,BAL,KCR,@,KCR,KCA,BAL,https://www.baseball-reference.com/teams/BAL/2024-schedule-scores.shtml#all_team_schedule
LAN202404190,2024-04-19,0,LAD,NYM,,LAD,LAN,LAD,https://www.baseball-reference.com/teams/LAD/2024-schedule-scores.shtml#all_team_schedule
MIN202404190,2024-04-19,0,DET,MIN,@,MIN,MIN,DET,https://www.baseball-reference.com/teams/DET/2024-schedule-scores.shtml#all_team_schedule
NYA202404190,2024-04-19,0,NYY,TBR,,NYY,NYA,NYY,https://www.baseball-reference.com/teams/NYY/2024-schedule-scores.shtml#all_team_schedule
PHI202404190,2024-04-19,0,CHW,PHI,@,PHI,PHI,CHW,https://www.baseball-reference.com/teams/CHW/2024-schedule-scores.shtml#all_team_schedule
PIT202404190,2024-04-19,0,BOS,PIT,@,PIT,PIT,BOS,https://www.baseball-reference.com/teams/BOS/2024-schedule-scores.shtml#all_team_schedule
SDN202404190,2024-04-19,0,SDP,TOR,,SDP,SDN,SDP,https://www.baseball-reference.com/teams/SDP/2024-schedule-scores.shtml#all_team_schedule
SFN202404190,2024-04-19,0,ARI,SFG,@,SFG,SFN,ARI,https://www.baseball-reference.com/teams/ARI/2024-schedule-scores.shtml#all_team_schedule
SLN202404190,2024-04-19,0,MIL,STL,@,STL,SLN,MIL,https://www.baseball-reference.com/teams/MIL/2024-schedule-scores.shtml#all_team_schedule
WAS202404190,2024-04-19,0,HOU,WSN,@,WSN,WAS,HOU,https://www.baseball-reference.com/teams/HOU/2024-schedule-scores.shtml#all_team_schedule
ATL202404200,2024-04-20,0,ATL,TEX,,ATL,ATL,ATL,https://www.baseball-reference.com/teams/ATL/2024-schedule-scores.shtml#all_team_schedule
CHN202404201,2024-04-20,1,CHC,MIA,,CHC,CHN,CHC,https://www.baseball-reference.com/teams/CHC/2024-schedule-scores.shtml#all_team_schedule
CHN202404202,2024-04-20,2,CHC,MIA,,CHC,CHN,CHC,https://www.baseball-reference.com/teams/CHC/2024-schedule-scores.shtml#all_team_schedule
CIN202404200,2024-04-20,0,CIN,LAA,,CIN,CIN,CIN,https://www.baseball-reference.com/teams/CIN/2024-schedule-scores.shtml#all_team_schedule
CLE202404200,2024-04-20,0,CLE,OAK,,CLE,CLE,CLE,https://www.baseball-reference.com/teams/CLE/2024-schedule-scores.shtml#all_team_schedule
COL202404200,2024-04-20,0,COL,SEA,,COL,COL,COL,https://www.baseball-reference.com/teams/COL/2024-schedule-scores.shtml#all_team_schedule
KCA202404200,2024-04-20,0,BAL,KCR,@,KCR,KCA,BAL,https://www.baseball-reference.com/teams/BAL/2024-schedule-scores.shtml#all_team_schedule
LAN202404200,2024-04-20,0,LAD,NYM,,LAD,LAN,LAD,https://www.baseball-reference.com/teams/LAD/2024-schedule-scores.shtml#all_team_schedule
MIN202404200,2024-04-20,0,DET,MIN,@,MIN,MIN,DET,https://www.baseball-reference.com/teams/DET/2024-schedule-scores.shtml#all_team_schedule
NYA202404200,2024-04-20,0,NYY,TBR,,NYY,NYA,NYY,https://www.baseball-reference.com/teams/NYY/2024-schedule-scores.shtml#all_team_schedule
PHI202404200,2024-04-20,0,CHW,PHI,@,PHI,PHI,CHW,https://www.baseball-reference.com/teams/CHW/2024-schedule-scores.shtml#all_team_schedule
PIT202404200,2024-04-20,0,BOS,PIT,@,PIT,PIT,BOS,https://www.baseball-reference.com/teams/BOS/2024-schedule-scores.shtml#all_team_schedule
SDN202404200,2024-04-20,0,SDP,TOR,,SDP,SDN,SDP,https://www.baseball-reference.com/teams/SDP/2024-schedule-scores.shtml#all_team_schedule
SFN202404200,2024-04-20,0,ARI,SFG,@,SFG,SFN,ARI,https://www.baseball-reference.com/teams/ARI/2024-schedule-scores.shtml#all_team_schedule
SLN202404200,2024-04-20,0,MIL,STL,@,STL,SLN,MIL,https://www.baseball-reference.com/teams/MIL/2024-schedule-scores.shtml#all_team_schedule
WAS202404200,2024-04-20,0,HOU,WSN,@,WSN,WAS,HOU,https://www.baseball-reference.com/teams/HOU/2024-schedule-scores.shtml#all_team_schedule
ATL202404210,2024-04-21,0,ATL,TEX,,ATL,ATL,ATL,https://www.baseball-reference.com/teams/ATL/2024-schedule-scores.shtml#all_team_schedule
CHN202404210,2024-04-21,0,CHC,MIA,,CHC,CHN,CHC,https://www.baseball-reference.com/teams/CHC/2024-schedule-scores.shtml#all_team_schedule
CIN202404210,2024-04-21,0,CIN,LAA,,CIN,CIN,CIN,https://www.baseball-reference.com/teams/CIN/2024-schedule-scores.shtml#all_team_schedule
CLE202404210,2024-04-21,0,CLE,OAK,,CLE,CLE,CLE,https://www.baseball-reference.com/teams/CLE/2024-schedule-scores.shtml#all_team_schedule
COL202404211,2024-04-21,1,COL,SEA,,COL,COL,COL,https://www.baseball-reference.com/teams/COL/2024-schedule-scores.shtml#all_team_schedule
COL202404212,2024-04-21,2,COL,SEA,,COL,COL,COL,https://www.baseball-reference.com/teams/COL/2024-schedule-scores.shtml#all_team_schedule
KCA202404210,2024-04-21,0,BAL,KCR,@,KCR,KCA,BAL,https://www.baseball-reference.com/teams/BAL/2024-schedule-scores.shtml#all_team_schedule
LAN202404210,2024-04-21,0,LAD,NYM,,LAD,LAN,LAD,https://www.baseball-reference.com/teams/LAD/2024-schedule-scores.shtml#all_team_schedule
MIN202404210,2024-04-21,0,DET,MIN,@,MIN,MIN,DET,https://www.baseball-reference.com/teams/DET/2024-schedule-scores.shtml#all_team_schedule
NYA202404210,2024-04-21,0,NYY,TBR,,NYY,NYA,NYY,https://www.baseball-reference.com/teams/NYY/2024-schedule-scores.shtml#all_team_schedule
PHI202404210,2024-04-21,0,CHW,PHI,@,PHI,PHI,CHW,https://www.baseball-reference.com/teams/CHW/2024-schedule-scores.shtml#all_team_schedule
PIT202404210,2024-04-21,0,BOS,PIT,@,PIT,PIT,BOS,https://www.baseball-reference.com/teams/BOS/2024-schedule-scores.shtml#all_team_schedule
SDN202404210,2024-04-21,0,SDP,TOR,,SDP,SDN,SDP,https://www.baseball-reference.com/teams/SDP/2024-schedule-scores.shtml#all_team_schedule
SFN202404210,2024-04-21,0,ARI,SFG,@,SFG,SFN,ARI,https://www.baseball-reference.com/teams/ARI/2024-schedule-scores.shtml#all_team_schedule
SLN202404210,2024-04-21,0,MIL,STL,@,STL,SLN,MIL,https://www.baseball-reference.com/teams/MIL/2024-schedule-scores.shtml#all_team_schedule
WAS202404210,2024-04-21,0,HOU,WSN,@,WSN,WAS,HOU,https://www.baseball-reference.com/teams/HOU/2024-schedule-scores.shtml#all_team_schedule
ANA202404220,2024-04-22,0,BAL,LAA,@,LAA,ANA,BAL,https://www.baseball-reference.com/teams/BAL/2024-schedule-scores.shtml#all_team_schedule
ATL202404220,2024-04-22,0,ATL,MIA,,ATL,ATL,ATL,https://www.baseball-reference.com/teams/ATL/2024-schedule-scores.shtml#all_team_schedule
CIN202404220,2024-04-22,0,CIN,PHI,,CIN,CIN,CIN,https://www.baseball-reference.com/teams/CIN/2024-schedule-scores.shtml#all_team_schedule
COL202404220,2024-04-22,0,COL,SDP,,COL,COL,COL,https://www.baseball-reference.com/teams/COL/2024-schedule-scores.shtml#all_team_schedule
KCA202404220,2024-04-22,0,KCR,TOR,,KCR,KCA,KCR,https://www.baseball-reference.com/teams/KCR/2024-schedule-scores.shtml#all_team_schedule
MIN202404220,2024-04-22,0,CHW,MIN,@,MIN,MIN,CHW,https://www.baseball-reference.com/teams/CHW/2024-schedule-scores.shtml#all_team_schedule
NYA202404220,2024-04-22,0,NYY,OAK,,NYY,NYA,NYY,https://www.baseball-reference.com/teams/NYY/2024-schedule-scores.shtml#all_team_schedule
PIT202404220,2024-04-22,0,MIL,PIT,@,PIT,PIT,MIL,https://www.baseball-reference.com/teams/MIL/2024-schedule-scores.shtml#all_team_schedule
SFN202404220,2024-04-22,0,NYM,SFG,@,SFG,SFN,NYM,https://www.baseball-reference.com/teams/NYM/2024-schedule-scores.shtml#all_team_schedule
SLN202404220,2024-04-22,0,ARI,STL,@,STL,SLN,ARI,https://www.baseball-reference.com/teams/ARI/2024-schedule-scores.shtml#all_team_schedule
TBA202404220,2024-04-22,0,DET,TBR,@,TBR,TBA,DET,https://www.baseball-reference.com/teams/DET/2024-schedule-scores.shtml#all_team_schedule
ANA202404230,2024-04-23,0,BAL,LAA,@,LAA,ANA,BAL,https://www.baseball-reference.com/teams/BAL/2024-schedule-scores.shtml#all_team_schedule
ATL202404230,2024-04-23,0,ATL,MIA,,ATL,ATL,ATL,https://www.baseball-reference.com/teams/ATL/2024-schedule-scores.shtml#all_team_schedule
CHN202404230,2024-04-23,0,CHC,HOU,,CHC,CHN,CHC,https://www.baseball-reference.com/teams/CHC/2024-schedule-scores.shtml#all_team_schedule
CIN202404230,2024-04-23,0,CIN,PHI,,CIN,CIN,CIN,https://www.baseball-reference.com/teams/CIN/2024-schedule-scores.shtml#all_team_schedule
CLE202404230,2024-04-23,0,BOS,CLE,@,CLE,CLE,BOS,https://www.baseball-reference.com/teams/BOS/2024-schedule-scores.shtml#all_team_schedule
COL202404230,2024-04-23,0,COL,SDP,,COL,COL,COL,https://www.baseball-reference.com/teams/COL/2024-schedule-scores.shtml#all_team_schedule
KCA202404230,2024-04-23,0,KCR,TOR,,KCR,KCA,KCR,https://www.baseball-reference.com/teams/KCR/2024-schedule-scores.shtml#all_team_schedule
MIN202404230,2024-04-23,0,CHW,MIN,@,MIN,MIN,CHW,https://www.baseball-reference.com/teams/CHW/2024-schedule-scores.shtml#all_team_schedule
NYA202404230,2024-04-23,0,NYY,OAK,,NYY,NYA,NYY,https://www.baseball-reference.com/teams/NYY/2024-schedule-scores.shtml#all_team_schedule
PIT202404230,2024-04-23,0,MIL,PIT,@,PIT,PIT,MIL,https://www.baseball-reference.com/teams/MIL/2024-schedule-scores.shtml#all_team_schedule
SFN202404230,2024-04-23,0,NYM,SFG,@,SFG,SFN,NYM,https://www.baseball-reference.com/teams/NYM/2024-schedule-scores.shtml#all_team_schedule
SLN202404230,2024-04-23,0,ARI,STL,@,STL,SLN,ARI,https://www.baseball-reference.com/teams/ARI/2024-schedule-scores.shtml#all_team_schedule
TBA202404230,2024-04-23,0,DET,TBR,@,TBR,TBA,DET,https://www.baseball-reference.com/teams/DET/2024-schedule-scores.shtml#all_team_schedule
TEX202404230,2024-04-23,0,SEA,TEX,@,TEX,TEX,SEA,https://www.baseball-reference.com/teams/SEA/2024-schedule-scores.shtml#all_team_schedule
WAS202404230,2024-04-23,0,LAD,WSN,@,WSN,WAS,LAD,https://www.baseball-reference.com/teams/LAD/2024-schedule-scores.shtml#all_team_schedule
ANA202404240,2024-04-24,0,BAL,LAA,@,LAA,ANA,BAL,https://www.baseball-reference.com/teams/BAL/2024-schedule-scores.shtml#all_team_schedule
ATL202404240,2024-04-24,0,ATL,MIA,,ATL,ATL,ATL,https://www.baseball-reference.com/teams/ATL/2024-schedule-scores.shtml#all_team_schedule
CHN202404240,2024-04-24,0,CHC,HOU,,CHC,CHN,CHC,https://www.baseball-reference.com/teams/CHC/2024-schedule-scores.shtml#all_team_schedule
CIN202404240,2024-04-24,0,CIN,PHI,,CIN,CIN,CIN,https://www.baseball-reference.com/teams/CIN/2024-schedule-scores.shtml#all_team_schedule
CLE202404240,2024-04-24,0,BOS,CLE,@,CLE,CLE,BOS,https://www.baseball-reference.com/teams/BOS/2024-schedule-scores.shtml#all_team_schedule
COL202404240,2024-04-24,0,COL,SDP,,COL,COL,COL,https://www.baseball-reference.com/teams/COL/2024-schedule-scores.shtml#all_team_schedule
KCA202404240,2024-04-24,0,KCR,TOR,,KCR,KCA,KCR,https://www.baseball-reference.com/teams/KCR/2024-schedule-scores.shtml#all_team_schedule
MIN202404240,2024-04-24,0,CHW,MIN,@,MIN,MIN,CHW,https://www.baseball-reference.com/teams/CHW/2024-schedule-scores.shtml#all_team_schedule
NYA202404240,2024-04-24,0,NYY,OAK,,NYY,NYA,NYY,https://www.baseball-reference.com/teams/NYY/2024-schedule-scores.shtml#all_team_schedule
PIT202404240,2024-04-24,0,MIL,PIT,@,PIT,PIT,MIL,https://www.baseball-reference.com/teams/MIL/2024-schedule-scores.shtml#all_team_schedule
SFN202404240,2024-04-24,0,NYM,SFG,@,SFG,SFN,NYM,https://www.baseball-reference.com/teams/NYM/2024-schedule-scores.shtml#all_team_schedule
SLN202404240,2024-04-24,0,ARI,STL,@,STL,SLN,ARI,https://www.baseball-reference.com/teams/ARI/2024-schedule-scores.shtml#all_team_schedule
TBA202404240,2024-04-24,0,DET,TBR,@,TBR,TBA,DET,https://www.baseball-reference.com/teams/DET/2024-schedule-scores.shtml#all_team_schedule
TEX202404240,2024-04-24,0,SEA,TEX,@,TEX,TEX,SEA,https://www.baseball-reference.com/teams/SEA/2024-schedule-scores.shtml#all_team_schedule
WAS202404240,2024-04-24,0,LAD,WSN,@,WSN,WAS,LAD,https://www.baseball-reference.com/teams/LAD/2024-schedule-scores.shtml#all_team_schedule
CHN202404250,2024-04-25,0,CHC,HOU,,CHC,CHN,CHC,https://www.baseball-reference.com/teams/CHC/2024-schedule-scores.shtml#all_team_schedule
CIN202404250,2024-04-25,0,CIN,PHI,,CIN,CIN,CIN,https://www.baseball-reference.com/teams/CIN/2024-schedule-scores.shtml#all_team_schedule
CLE202404250,2024-04-25,0,BOS,CLE,@,CLE,CLE,BOS,https://www.baseball-reference.com/teams/BOS/2024-schedule-scores.shtml#all_team_schedule
COL202404250,2024-04-25,0,COL,SDP,,COL,COL,COL,https://www.baseball-reference.com/teams/COL/2024-schedule-scores.shtml#all_team_schedule
KCA202404250,2024-04-25,0,KCR,TOR,,KCR,KCA,KCR,https://www.baseball-reference.com/teams/KCR/2024-schedule-scores.shtml#all_team_schedule
MIN202404250,2024-04-25,0,CHW,MIN,@,MIN,MIN,CHW,https://www.baseball-reference.com/teams/CHW/2024-schedule-scores.shtml#all_team_schedule
NYA202404250,2024-04-25,0,NYY,OAK,,NYY,NYA,NYY,https://www.baseball-reference.com/teams/NYY/2024-schedule-scores.shtml#all_team_schedule
PIT202404250,2024-04-25,0,MIL,PIT,@,PIT,PIT,MIL,https://www.baseball-reference.com/teams/MIL/2024-schedule-scores.shtml#all_team_schedule
TEX202404250,2024-04-25,0,SEA,TEX,@,TEX,TEX,SEA,https://www.baseball-reference.com/teams/SEA/2024-schedule-scores.shtml#all_team_schedule
WAS202404250,2024-04-25,0,LAD,WSN,@,WSN,WAS,LAD,https://www.baseball-reference.com/teams/LAD/2024-schedule-scores.shtml#all_team_schedule
ANA202404260,2024-04-26,0,LAA,MIN,,LAA,ANA,LAA,https://www.baseball-reference.com/teams/LAA/2024-schedule-scores.shtml#all_team_schedule
ATL202404260,2024-04-26,0,ATL,CLE,,ATL,ATL,ATL,https://www.baseball-reference.com/teams/ATL/2024-schedule-scores.shtml#all_team_schedule
BAL202404260,2024-04-26,0,BAL,OAK,,BAL,BAL,BAL,https://www.baseball-reference.com/teams/BAL/2024-schedule-scores.shtml#all_team_schedule
BOS202404260,2024-04-26,0,BOS,CHC,,BOS,BOS,BOS,https://www.baseball-reference.com/teams/BOS/2024-schedule-scores.shtml#all_team_schedule
CHA202404260,2024-04-26,0,CHW,TBR,,CHW,CHA,CHW,https://www.baseball-reference.com/teams/CHW/2024-schedule-scores.shtml#all_team_schedule
DET202404260,2024-04-26,0,DET,KCR,,DET,DET,DET,https://www.baseball-reference.com/teams/DET/2024-schedule-scores.shtml#all_team_schedule
MIA202404260,2024-04-26,0,MIA,WSN,,MIA,MIA,MIA,https://www.baseball-reference.com/teams/MIA/2024-schedule-scores.shtml#all_team_schedule
MIL202404260,2024-04-26,0,MIL,NYY,,MIL,MIL,MIL,https://www.baseball-reference.com/teams/MIL/2024-schedule-scores.shtml#all_team_schedule
NYN202404260,2024-04-26,0,NYM,STL,,NYM,NYN,NYM,https://www.baseball-reference.com/teams/NYM/2024-schedule-scores.shtml#all_team_schedule
SDN202404260,2024-04-26,0,PHI,SDP,@,SDP,SDN,PHI,https://www.baseball-reference.com/teams/PHI/2024-schedule-scores.shtml#all_team_schedule
SEA202404260,2024-04-26,0,ARI,SEA,@,SEA,SEA,ARI,https://www.baseball-reference.com/teams/ARI/2024-schedule-scores.shtml#all_team_schedule
SFN202404260,2024-04-26,0,PIT,SFG,@,SFG,SFN,PIT,https://www.baseball-reference.com/teams/PIT/2024-schedule-scores.shtml#all_team_schedule
TEX202404260,2024-04-26,0,CIN,TEX,@,TEX,TEX,CIN,https://www.baseball-reference.com/teams/CIN/2024-schedule-scores.shtml#all_team_schedule
TOR202404260,2024-04-26,0,LAD,TOR,@,TOR,TOR,LAD,https://www.baseball-reference.com/teams/LAD/2024-schedule-scores.shtml#all_team_schedule
ANA202404270,2024-04-27,0,LAA,MIN,,LAA,ANA,LAA,https://www.baseball-reference.com/teams/LAA/2024-schedule-scores.shtml#all_team_schedule
ATL202404270,2024-04-27,0,ATL,CLE,,ATL,ATL,ATL,https://www.baseball-reference.com/teams/ATL/2024-schedule-scores.shtml#all_team_schedule
BAL202404270,2024-04-27,0,BAL,OAK,,BAL,BAL,BAL,https://www.baseball-reference.com/teams/BAL/2024-schedule-scores.shtml#all_team_schedule
BOS202404270,2024-04-27,0,BOS,CHC,,BOS,BOS,BOS,https://www.baseball-reference.com/teams/BOS/2024-schedule-scores.shtml#all_team_schedule
CHA202404270,2024-04-27,0,CHW,TBR,,CHW,CHA,CHW,https://www.baseball-reference.com/teams/CHW/2024-schedule-scores.shtml#all_team_schedule
COL202404270,2024-04-27,0,COL,HOU,,COL,COL,COL,https://www.baseball-reference.com/teams/COL/2024-schedule-scores.shtml#all_team_schedule
DET202404270,2024-04-27,0,DET,KCR,,DET,DET,DET,https://www.baseball-reference.com/teams/DET/2024-schedule-scores.shtml#all_team_schedule
MIA202404270,2024-04-27,0,MIA,WSN,,MIA,MIA,MIA,https://www.baseball-reference.com/teams/MIA/2024-schedule-scores.shtml#all_team_schedule
MIL202404270,2024-04-27,0,MIL,NYY,,MIL,MIL,MIL,https://www.baseball-reference.com/teams/MIL/2024-schedule-scores.shtml#all_team_schedule
NYN202404270,2024-04-27,0,NYM,STL,,NYM,NYN,NYM,https://www.baseball-reference.com/teams/NYM/2024-schedule-scores.shtml#all_team_schedule
SDN202404270,2024-04-27,0,PHI,SDP,@,SDP,SDN,PHI,https://www.baseball-reference.com/teams/PHI/2024-schedule-scores.shtml#all_team_schedule
SEA202404270,2024-04-27,0,ARI,SEA,@,SEA,SEA,ARI,https://www.baseball-reference.com/teams/ARI/2024-schedule-scores.shtml#all_team_schedule
SFN202404270,2024-04-27,0,PIT,SFG,@,SFG,SFN,PIT,https://www.baseball-reference.com/teams/PIT/2024-schedule-scores.shtml#all_team_schedule
TEX202404270,2024-04-27,0,CIN,TEX,@,TEX,TEX,CIN,https://www.baseball-reference.com/teams/CIN/2024-schedule-scores.shtml#all_team_schedule
TOR202404270,2024-04-27,0,LAD,TOR,@,TOR,TOR,LAD,https://www.baseball-reference.com/teams/LAD/2024-schedule-scores.shtml#all_team_schedule
ANA202404280,2024-04-28,0,LAA,MIN,,LAA,ANA,LAA,https://www.baseball-reference.com/teams/LAA/2024-schedule-scores.shtml#all_team_schedule
ATL202404280,2024-04-28,0,ATL,CLE,,ATL,ATL,ATL,https://www.baseball-reference.com/teams/ATL/2024-schedule-scores.shtml#all_team_schedule
BAL202404280,2024-04-28,0,BAL,OAK,,BAL,BAL,BAL,https://www.baseball-reference.com/teams/BAL/2024-schedule-scores.shtml#all_team_schedule
BOS202404280,2024-04-28,0,BOS,CHC,,BOS,BOS,BOS,https://www.baseball-reference.com/teams/BOS/2024-schedule-scores.shtml#all_team_schedule
CHA202404280,2024-04-28,0,CHW,TBR,,CHW,CHA,CHW,https://www.baseball-reference.com/teams/CHW/2024-schedule-scores.shtml#all_team_schedule
COL202404280,2024-04-28,0,COL,HOU,,COL,COL,COL,https://www.baseball-reference.com/teams/COL/2024-schedule-scores.shtml#all_team_schedule
DET202404280,2024-04-28,0,DET,KCR,,DET,DET,DET,https://www.baseball-reference.com/teams/DET/2024-schedule-scores.shtml#all_team_schedule
MIA202404280,2024-04-28,0,MIA,WSN,,MIA,MIA,MIA,https://www.baseball-reference.com/teams/MIA/2024-schedule-scores.shtml#all_team_schedule
MIL202404280,2024-04-28,0,MIL,NYY,,MIL,MIL,MIL,https://www.baseball-reference.com/teams/MIL/2024-schedule-scores.shtml#all_team_schedule
NYN202404280,2024-04-28,0,NYM,STL,,NYM,NYN,NYM,https://www.baseball-reference.com/teams/NYM/2024-schedule-scores.shtml#all_team_schedule
SDN202404280,2024-04-28,0,PHI,SDP,@,SDP,SDN,PHI,https://www.baseball-reference.com/teams/PHI/2024-schedule-scores.shtml#all_team_schedule
SEA202404280,2024-04-28,0,ARI,SEA,@,SEA,SEA,ARI,https://www.baseball-reference.com/teams/ARI/2024-schedule-scores.shtml#all_team_schedule
SFN202404280,2024-04-28,0,PIT,SFG,@,SFG,SFN,PIT,https://www.baseball-reference.com/teams/PIT/2024-schedule-scores.shtml#all_team_schedule
TEX202404280,2024-04-28,0,CIN,TEX,@,TEX,TEX,CIN,https://www.baseball-reference.com/teams/CIN/2024-schedule-scores.shtml#all_team_schedule
TOR202404280,2024-04-28,0,LAD,TOR,@,TOR,TOR,LAD,https://www.baseball-reference.com/teams/LAD/2024-schedule-scores.shtml#all_team_schedule
ANA202404290,2024-04-29,0,LAA,PHI,,LAA,ANA,LAA,https://www.baseball-reference.com/teams/LAA/2024-schedule-scores.shtml#all_team_schedule
ARI202404290,2024-04-29,0,ARI,LAD,,ARI,ARI,ARI,https://www.baseball-reference.com/teams/ARI/2024-schedule-scores.shtml#all_team_schedule
BAL202404290,2024-04-29,0,BAL,NYY,,BAL,BAL,BAL,https://www.baseball-reference.com/teams/BAL/2024-schedule-scores.shtml#all_team_schedule
CHA202404290,2024-04-29,0,CHW,MIN,,CHW,CHA,CHW,https://www.baseball-reference.com/teams/CHW/2024-schedule-scores.shtml#all_team_schedule
MIA202404290,2024-04-29,0,MIA,WSN,,MIA,MIA,MIA,https://www.baseball-reference.com/teams/MIA/2024-schedule-scores.shtml#all_team_schedule
MIL202404290,2024-04-29,0,MIL,TBR,,MIL,MIL,MIL,https://www.baseball-reference.com/teams/MIL/2024-schedule-scores.shtml#all_team_schedule
NYN202404290,2024-04-29,0,CHC,NYM,@,NYM,NYN,CHC,https://www.baseball-reference.com/teams/CHC/2024-schedule-scores.shtml#all_team_schedule
OAK202404290,2024-04-29,0,OAK,PIT,,OAK,OAK,OAK,https://www.baseball-reference.com/teams/OAK/2024-schedule-scores.shtml#all_team_schedule
SDN202404290,2024-04-29,0,CIN,SDP,@,SDP,SDN,CIN,https://www.baseball-reference.com/teams/CIN/2024-schedule-scores.shtml#all_team_schedule
SEA202404290,2024-04-29,0,ATL,SEA,@,SEA,SEA,ATL,https://www.baseball-reference.com/teams/ATL/2024-schedule-scores.shtml#all_team_schedule
TOR202404290,2024-04-29,0,KCR,TOR,@,TOR,TOR,KCR,https://www.baseball-reference.com/teams/KCR/2024-schedule-scores.shtml#all_team_schedule
ANA202404300,2024-04-30,0,LAA,PHI,,LAA,ANA,LAA,https://www.baseball-reference.com/teams/LAA/2024-schedule-scores.shtml#all_team_schedule
ARI202404300,2024-04-30,0,ARI,LAD,,ARI,ARI,ARI,https://www.baseball-reference.com/teams/ARI/2024-schedule-scores.shtml#all_team_schedule
BAL202404300,2024-04-30,0,BAL,NYY,,BAL,BAL,BAL,https://www.baseball-reference.com/teams/BAL/2024-schedule-scores.shtml#all_team_schedule
BOS202404300,2024-04-30,0,BOS,SFG,,BOS,BOS,BOS,https://www.baseball-reference.com/teams/BOS/2024-schedule-scores.shtml#all_team_schedule
CHA202404300,2024-04-30,0,CHW,MIN,,CHW,CHA,CHW,https://www.baseball-reference.com/teams/CHW/2024-schedule-scores.shtml#all_team_schedule
DET202404301,2024-04-30,1,DET,STL,,DET,DET,DET,https://www.baseball-reference.com/teams/DET/2024-schedule-scores.shtml#all_team_schedule
DET202404302,2024-04-30,2,DET,STL,,DET,DET,DET,https://www.baseball-reference.com/teams/DET/2024-schedule-scores.shtml#all_team_schedule
HOU202404300,2024-04-30,0,CLE,HOU,@,HOU,HOU,CLE,https://www.baseball-reference.com/teams/CLE/2024-schedule-scores.shtml#all_team_schedule
MIA202404300,2024-04-30,0,COL,MIA,@,MIA,MIA,COL,https://www.baseball-reference.com/teams/COL/2024-schedule-scores.shtml#all_team_schedule
MIL202404300,2024-04-30,0,MIL,TBR,,MIL,MIL,MIL,https://www.baseball-reference.com/teams/MIL/2024-schedule-scores.shtml#all_team_schedule
NYN202404300,2024-04-30,0,CHC,NYM,@,NYM,NYN,CHC,https://www.baseball-reference.com/teams/CHC/2024-schedule-scores.shtml#all_team_schedule
OAK202404300,2024-04-30,0,OAK,PIT,,OAK,OAK,OAK,https://www.baseball-reference.com/teams/OAK/2024-schedule-scores.shtml#all_team_schedule
SDN202404300,2024-04-30,0,CIN,SDP,@,SDP,SDN,CIN,https://www.baseball-reference.com/teams/CIN/2024-schedule-scores.shtml#all_team_schedule
SEA202404300,2024-04-30,0,ATL,SEA,@,SEA,SEA,ATL,https://www.baseball-reference.com/teams/ATL/2024-schedule-scores.shtml#all_team_schedule
TEX202404300,2024-04-30,0,TEX,WSN,,TEX,TEX,TEX,https://www.baseball-reference.com/teams/TEX/2024-schedule-scores.shtml#all_team_schedule
TOR202404300,2024-04-30,0,KCR,TOR,@,TOR,TOR,KCR,https://www.baseball-reference.com/teams/KCR/2024-schedule-scores.shtml#all_team_schedule
ANA202405010,2024-05-01,0,LAA,PHI,,LAA,ANA,LAA,https://www.baseball-reference.com/teams/LAA/2024-schedule-scores.shtml#all_team_schedule
ARI202405010,2024-05-01,0,ARI,LAD,,ARI,ARI,ARI,https://www.baseball-reference.com/teams/ARI/2024-schedule-scores.shtml#all_team_schedule
BAL202405010,2024-05-01,0,BAL,NYY,,BAL,BAL,BAL,https://www.baseball-reference.com/teams/BAL/2024-schedule-scores.shtml#all_team_schedule
BOS202405010,2024-05-01,0,BOS,SFG,,BOS,BOS,BOS,https://www.baseball-reference.com/teams/BOS/2024-schedule-scores.shtml#all_team_schedule
CHA202405010,2024-05-01,0,CHW,MIN,,CHW,CHA,CHW,https://www.baseball-reference.com/teams/CHW/2024-schedule-scores.shtml#all_team_schedule
DET202405010,2024-05-01,0,DET,STL,,DET,DET,DET,https://www.baseball-reference.com/teams/DET/2024-schedule-scores.shtml#all_team_schedule
HOU202405010,2024-05-01,0,CLE,HOU,@,HOU,HOU,CLE,https://www.baseball-reference.com/teams/CLE/2024-schedule-scores.shtml#all_team_schedule
MIA202405010,2024-05-01,0,COL,MIA,@,MIA,MIA,COL,https://www.baseball-reference.com/teams/COL/2024-schedule-scores.shtml#all_team_schedule
MIL202405010,2024-05-01,0,MIL,TBR,,MIL,MIL,MIL,https://www.baseball-reference.com/teams/MIL/2024-schedule-scores.shtml#all_team_schedule
NYN202405010,2024-05-01,0,CHC,NYM,@,NYM,NYN,CHC,https://www.baseball-reference.com/teams/CHC/2024-schedule-scores.shtml#all_team_schedule
OAK202405010,2024-05-01,0,OAK,PIT,,OAK,OAK,OAK,https://www.baseball-reference.com/teams/OAK/2024-schedule-scores.shtml#all_team_schedule
SDN202405010,2024-05-01,0,CIN,SDP,@,SDP,SDN,CIN,https://www.baseball-reference.com/teams/CIN/2024-schedule-scores.shtml#all_team_schedule
SEA202405010,2024-05-01,0,ATL,SEA,@,SEA,SEA,ATL,https://www.baseball-reference.com/teams/ATL/2024-schedule-scores.shtml#all_team_schedule
TEX202405010,2024-05-01,0,TEX,WSN,,TEX,TEX,TEX,https://www.baseball-reference.com/teams/TEX/2024-schedule-scores.shtml#all_team_schedule
TOR202405010,2024-05-01,0,KCR,TOR,@,TOR,TOR,KCR,https://www.baseball-reference.com/teams/KCR/2024-schedule-scores.shtml#all_team_schedule
BAL202405020,2024-05-02,0,BAL,NYY,,BAL,BAL,BAL,https://www.baseball-reference.com/teams/BAL/2024-schedule-scores.shtml#all_team_schedule
BOS202405020,2024-05-02,0,BOS,SFG,,BOS,BOS,BOS,https://www.baseball-reference.com/teams/BOS/2024-schedule-scores.shtml#all_team_schedule
HOU202405020,2024-05-02,0,CLE,HOU,@,HOU,HOU,CLE,https://www.baseball-reference.com/teams/CLE/2024-schedule-scores.shtml#all_team_schedule
MIA202405020,2024-05-02,0,COL,MIA,@,MIA,MIA,COL,https://www.baseball-reference.com/teams/COL/2024-schedule-scores.shtml#all_team_schedule
NYN202405020,2024-05-02,0,CHC,NYM,@,NYM,NYN,CHC,https://www.baseball-reference.com/teams/CHC/2024-schedule-scores.shtml#all_team_schedule
TEX202405020,2024-05-02,0,TEX,WSN,,TEX,TEX,TEX,https://www.baseball-reference.com/teams/TEX/2024-schedule-scores.shtml#all_team_schedule
ARI202405030,2024-05-03,0,ARI,SDP,,ARI,ARI,ARI,https://www.baseball-reference.com/teams/ARI/2024-schedule-scores.shtml#all_team_schedule
CHN202405030,2024-05-03,0,CHC,MIL,,CHC,CHN,CHC,https://www.baseball-reference.com/teams/CHC/2024-schedule-scores.shtml#all_team_schedule
CIN202405030,2024-05-03,0,BAL,CIN,@,CIN,CIN,BAL,https://www.baseball-reference.com/teams/BAL/2024-schedule-scores.shtml#all_team_schedule
CLE202405030,2024-05-03,0,CLE,LAA,,CLE,CLE,CLE,https://www.baseball-reference.com/teams/CLE/2024-schedule-scores.shtml#all_team_schedule
HOU202405030,2024-05-03,0,HOU,SEA,,HOU,HOU,HOU,https://www.baseball-reference.com/teams/HOU/2024-schedule-scores.shtml#all_team_schedule
KCA202405030,2024-05-03,0,KCR,TEX,,KCR,KCA,KCR,https://www.baseball-reference.com/teams/KCR/2024-schedule-scores.shtml#all_team_schedule
LAN202405030,2024-05-03,0,ATL,LAD,@,LAD,LAN,ATL,https://www.baseball-reference.com/teams/ATL/2024-schedule-scores.shtml#all_team_schedule
MIN202405030,2024-05-03,0,BOS,MIN,@,MIN,MIN,BOS,https://www.baseball-reference.com/teams/BOS/2024-schedule-scores.shtml#all_team_schedule
NYA202405030,2024-05-03,0,DET,NYY,@,NYY,NYA,DET,https://www.baseball-reference.com/teams/DET/2024-schedule-scores.shtml#all_team_schedule
OAK202405030,2024-05-03,0,MIA,OAK,@,OAK,OAK,MIA,https://www.baseball-reference.com/teams/MIA/2024-schedule-scores.shtml#all_team_schedule
PHI202405030,2024-05-03,0,PHI,SFG,,PHI,PHI,PHI,https://www.baseball-reference.com/teams/PHI/2024-schedule-scores.shtml#all_team_schedule
PIT202405030,2024-05-03,0,COL,PIT,@,PIT,PIT,COL,https://www.baseball-reference.com/teams/COL/2024-schedule-scores.shtml#all_team_schedule
SLN202405030,2024-05-03,0,CHW,STL,@,STL,SLN,CHW,https://www.baseball-reference.com/teams/CHW/2024-schedule-scores.shtml#all_team_schedule
TBA202405030,2024-05-03,0,NYM,TBR,@,TBR,TBA,NYM,https://www.baseball-reference.com/teams/NYM/2024-schedule-scores.shtml#all_team_schedule
WAS202405030,2024-05-03,0,TOR,WSN,@,WSN,WAS,TOR,https://www.baseball-reference.com/teams/TOR/2024-schedule-scores.shtml#all_team_schedule
ARI202405040,2024-05-04,0,ARI,SDP,,ARI,ARI,ARI,https://www.baseball-reference.com/teams/ARI/2024-schedule-scores.shtml#all_team_schedule
CHN202405040,2024-05-04,0,CHC,MIL,,CHC,CHN,CHC,https://www.baseball-reference.com/teams/CHC/2024-schedule-scores.shtml#all_team_schedule
CIN202405040,2024-05-04,0,BAL,CIN,@,CIN,CIN,BAL,https://www.baseball-reference.com/teams/BAL/2024-schedule-scores.shtml#all_team_schedule
CLE202405040,2024-05-04,0,CLE,LAA,,CLE,CLE,CLE,https://www.baseball-reference.com/teams/CLE/2024-schedule-scores.shtml#all_team_schedule
HOU202405040,2024-05-04,0,HOU,SEA,,HOU,HOU,HOU,https://www.baseball-reference.com/teams/HOU/2024-schedule-scores.shtml#all_team_schedule
KCA202405040,2024-05-04,0,KCR,TEX,,KCR,KCA,KCR,https://www.baseball-reference.com/teams/KCR/2024-schedule-scores.shtml#all_team_schedule
LAN202405040,2024-05-04,0,ATL,LAD,@,LAD,LAN,ATL,https://www.baseball-reference.com/teams/ATL/2024-schedule-scores.shtml#all_team_schedule
MIN202405040,2024-05-04,0,BOS,MIN,@,MIN,MIN,BOS,https://www.baseball-reference.com/teams/BOS/2024-schedule-scores.shtml#all_team_schedule
NYA202405040,2024-05-04,0,DET,NYY,@,NYY,NYA,DET,https://www.baseball-reference.com/teams/DET/2024-schedule-scores.shtml#all_team_schedule
OAK202405040,2024-05-04,0,MIA,OAK,@,OAK,OAK,MIA,https://www.baseball-reference.com/teams/MIA/2024-schedule-scores.shtml#all_team_schedule
PHI202405040,2024-05-04,0,PHI,SFG,,PHI,PHI,PHI,https://www.baseball-reference.com/teams/PHI/2024-schedule-scores.shtml#all_team_schedule
PIT202405040,2024-05-04,0,COL,PIT,@,PIT,PIT,COL,https://www.baseball-reference.com/teams/COL/2024-schedule-scores.shtml#all_team_schedule
SLN202405040,2024-05-04,0,CHW,STL,@,STL,SLN,CHW,https://www.baseball-reference.com/teams/CHW/2024-schedule-scores.shtml#all_team_schedule
TBA202405040,2024-05-04,0,NYM,TBR,@,TBR,TBA,NYM,https://www.baseball-reference.com/teams/NYM/2024-schedule-scores.shtml#all_team_schedule
WAS202405040,2024-05-04,0,TOR,WSN,@,WSN,WAS,TOR,https://www.baseball-reference.com/teams/TOR/2024-schedule-scores.shtml#all_team_schedule
ARI202405050,2024-05-05,0,ARI,SDP,,ARI,ARI,ARI,https://www.baseball-reference.com/teams/ARI/2024-schedule-scores.shtml#all_team_schedule
CHN202405050,2024-05-05,0,CHC,MIL,,CHC,CHN,CHC,https://www.baseball-reference.com/teams/CHC/2024-schedule-scores.shtml#all_team_schedule
CIN202405050,2024-05-05,0,BAL,CIN,@,CIN,CIN,BAL,https://www.baseball-reference.com/teams/BAL/2024-schedule-scores.shtml#all_team_schedule
CLE202405050,2024-05-05,0,CLE,LAA,,CLE,CLE,CLE,https://www.baseball-reference.com/teams/CLE/2024-schedule-scores.shtml#all_team_schedule
HOU202405050,2024-05-05,0,HOU,SEA,,HOU,HOU,HOU,https://www.baseball-reference.com/teams/HOU/2024-schedule-scores.shtml#all_team_schedule
KCA202405050,2024-05-05,0,KCR,TEX,,KCR,KCA,KCR,https://www.baseball-reference.com/teams/KCR/2024-schedule-scores.shtml#all_team_schedule
LAN202405050,2024-05-05,0,ATL,LAD,@,LAD,LAN,ATL,https://www.baseball-reference.com/teams/ATL/2024-schedule-scores.shtml#all_team_schedule
MIN202405050,2024-05-05,0,BOS,MIN,@,MIN,MIN,BOS,https://www.baseball-reference.com/teams/BOS/2024-schedule-scores.shtml#all_team_schedule
NYA202405050,2024-05-05,0,DET,NYY,@,NYY,NYA,DET,https://www.baseball-reference.com/teams/DET/2024-schedule-scores.shtml#all_team_schedule
OAK202405050,2024-05-05,0,MIA,OAK,@,OAK,OAK,MIA,https://www.baseball-reference.com/teams/MIA/2024-schedule-scores.shtml#all_team_schedule
PHI202405050,2024-05-05,0,PHI,SFG,,PHI,PHI,PHI,https://www.baseball-reference.com/teams/PHI/2024-schedule-scores.shtml#all_team_schedule
PIT202405050,2024-05-05,0,COL,PIT,@,PIT,PIT,COL,https://www.baseball-reference.com/teams/COL/2024-schedule-scores.shtml#all_team_schedule
SLN202405050,2024-05-05,0,CHW,STL,@,STL,SLN,CHW,https://www.baseball-reference.com/teams/CHW/2024-schedule-scores.shtml#all_team_schedule
TBA202405050,2024-05-05,0,NYM,TBR,@,TBR,TBA,NYM,https://www.baseball-reference.com/teams/NYM/2024-schedule-scores.shtml#all_team_schedule
WAS202405050,2024-05-05,0,TOR,WSN,@,WSN,WAS,TOR,https://www.baseball-reference.com/teams/TOR/2024-schedule-scores.shtml#all_team_schedule
CHN202405060,2024-05-06,0,CHC,SDP,,CHC,CHN,CHC,https://www.baseball-reference.com/teams/CHC/2024-schedule-scores.shtml#all_team_schedule
CLE202405060,2024-05-06,0,CLE,DET,,CLE,CLE,CLE,https://www.baseball-reference.com/teams/CLE/2024-schedule-scores.shtml#all_team_schedule
KCA202405060,2024-05-06,0,KCR,MIL,,KCR,KCA,KCR,https://www.baseball-reference.com/teams/KCR/2024-schedule-scores.shtml#all_team_schedule
LAN202405060,2024-05-06,0,LAD,MIA,,LAD,LAN,LAD,https://www.baseball-reference.com/teams/LAD/2024-schedule-scores.shtml#all_team_schedule
MIN202405060,2024-05-06,0,MIN,SEA,,MIN,MIN,MIN,https://www.baseball-reference.com/teams/MIN/2024-schedule-scores.shtml#all_team_schedule
OAK202405060,2024-05-06,0,OAK,TEX,,OAK,OAK,OAK,https://www.baseball-reference.com/teams/OAK/2024-schedule-scores.shtml#all_team_schedule
PHI202405060,2024-05-06,0,PHI,SFG,,PHI,PHI,PHI,https://www.baseball-reference.com/teams/PHI/2024-schedule-scores.shtml#all_team_schedule
PIT202405060,2024-05-06,0,LAA,PIT,@,PIT,PIT,LAA,https://www.baseball-reference.com/teams/LAA/2024-schedule-scores.shtml#all_team_schedule
SLN202405060,2024-05-06,0,NYM,STL,@,STL,SLN,NYM,https://www.baseball-reference.com/teams/NYM/2024-schedule-scores.shtml#all_team_schedule
TBA202405060,2024-05-06,0,CHW,TBR,@,TBR,TBA,CHW,https://www.baseball-reference.com/teams/CHW/2024-schedule-scores.shtml#all_team_schedule
ATL202405070,2024-05-07,0,ATL,BOS,,ATL,ATL,ATL,https://www.baseball-reference.com/teams/ATL/2024-schedule-scores.shtml#all_team_schedule
CHN202405070,2024-05-07,0,CHC,SDP,,CHC,CHN,CHC,https://www.baseball-reference.com/teams/CHC/2024-schedule-scores.shtml#all_team_schedule
CIN202405070,2024-05-07,0,ARI,CIN,@,CIN,CIN,ARI,https://www.baseball-reference.com/teams/ARI/2024-schedule-scores.shtml#all_team_schedule
CLE202405070,2024-05-07,0,CLE,DET,,CLE,CLE,CLE,https://www.baseball-reference.com/teams/CLE/2024-schedule-scores.shtml#all_team_schedule
COL202405070,2024-05-07,0,COL,SFG,,COL,COL,COL,https://www.baseball-reference.com/teams/COL/2024-schedule-scores.shtml#all_team_schedule
KCA202405070,2024-05-07,0,KCR,MIL,,KCR,KCA,KCR,https://www.baseball-reference.com/teams/KCR/2024-schedule-scores.shtml#all_team_schedule
LAN202405070,2024-05-07,0,LAD,MIA,,LAD,LAN,LAD,https://www.baseball-reference.com/teams/LAD/2024-schedule-scores.shtml#all_team_schedule
MIN202405070,2024-05-07,0,MIN,SEA,,MIN,MIN,MIN,https://www.baseball-reference.com/teams/MIN/2024-schedule-scores.shtml#all_team_schedule
NYA202405070,2024-05-07,0,HOU,NYY,@,NYY,NYA,HOU,https://www.baseball-reference.com/teams/HOU/2024-schedule-scores.shtml#all_team_schedule
OAK202405070,2024-05-07,0,OAK,TEX,,OAK,OAK,OAK,https://www.baseball-reference.com/teams/OAK/2024-schedule-scores.shtml#all_team_schedule
PHI202405070,2024-05-07,0,PHI,TOR,,PHI,PHI,PHI,https://www.baseball-reference.com/teams/PHI/2024-schedule-scores.shtml#all_team_schedule
PIT202405070,2024-05-07,0,LAA,PIT,@,PIT,PIT,LAA,https://www.baseball-reference.com/teams/LAA/2024-schedule-scores.shtml#all_team_schedule
SLN202405070,2024-05-07,0,NYM,STL,@,STL,SLN,NYM,https://www.baseball-reference.com/teams/NYM/2024-schedule-scores.shtml#all_team_schedule
TBA202405070,2024-05-07,0,CHW,TBR,@,TBR,TBA,CHW,https://www.baseball-reference.com/teams/CHW/2024-schedule-scores.shtml#all_team_schedule
WAS202405070,2024-05-07,0,BAL,WSN,@,WSN,WAS,BAL,https://www.baseball-reference.com/teams/BAL/2024-schedule-scores.shtml#all_team_schedule
ATL202405080,2024-05-08,0,ATL,BOS,,ATL,ATL,ATL,https://www.baseball-reference.com/teams/ATL/2024-schedule-scores.shtml#all_team_schedule
CHN202405080,2024-05-08,0,CHC,SDP,,CHC,CHN,CHC,https://www.baseball-reference.com/teams/CHC/2024-schedule-scores.shtml#all_team_schedule
CIN202405080,2024-05-08,0,ARI,CIN,@,CIN,CIN,ARI,https://www.baseball-reference.com/teams/ARI/2024-schedule-scores.shtml#all_team_schedule
CLE202405080,2024-05-08,0,CLE,DET,,CLE,CLE,CLE,https://www.baseball-reference.com/teams/CLE/2024-schedule-scores.shtml#all_team_schedule
COL202405080,2024-05-08,0,COL,SFG,,COL,COL,COL,https://www.baseball-reference.com/teams/COL/2024-schedule-scores.shtml#all_team_schedule
KCA202405080,2024-05-08,0,KCR,MIL,,KCR,KCA,KCR,https://www.baseball-reference.com/teams/KCR/2024-schedule-scores.shtml#all_team_schedule
LAN202405080,2024-05-08,0,LAD,MIA,,LAD,LAN,LAD,https://www.baseball-reference.com/teams/LAD/2024-schedule-scores.shtml#all_team_schedule
MIN202405080,2024-05-08,0,MIN,SEA,,MIN,MIN,MIN,https://www.baseball-reference.com/teams/MIN/2024-schedule-scores.shtml#all_team_schedule
NYA202405080,2024-05-08,0,HOU,NYY,@,NYY,NYA,HOU,https://www.baseball-reference.com/teams/HOU/2024-schedule-scores.shtml#all_team_schedule
OAK202405081,2024-05-08,1,OAK,TEX,,OAK,OAK,OAK,https://www.baseball-reference.com/teams/OAK/2024-schedule-scores.shtml#all_team_schedule
OAK202405082,2024-05-08,2,OAK,TEX,,OAK,OAK,OAK,https://www.baseball-reference.com/teams/OAK/2024-schedule-scores.shtml#all_team_schedule
PHI202405080,2024-05-08,0,PHI,TOR,,PHI,PHI,PHI,https://www.baseball-reference.com/teams/PHI/2024-schedule-scores.shtml#all_team_schedule
PIT202405080,2024-05-08,0,LAA,PIT,@,PIT,PIT,LAA,https://www.baseball-reference.com/teams/LAA/2024-schedule-scores.shtml#all_team_schedule
TBA202405080,2024-05-08,0,CHW,TBR,@,TBR,TBA,CHW,https://www.baseball-reference.com/teams/CHW/2024-schedule-scores.shtml#all_team_schedule
WAS202405080,2024-05-08,0,BAL,WSN,@,WSN,WAS,BAL,https://www.baseball-reference.com/teams/BAL/2024-schedule-scores.shtml#all_team_schedule
ANA202405090,2024-05-09,0,KCR,LAA,@,LAA,ANA,KCR,https://www.baseball-reference.com/teams/KCR/2024-schedule-scores.shtml#all_team_schedule
CHA202405090,2024-05-09,0,CHW,CLE,,CHW,CHA,CHW,https://www.baseball-reference.com/teams/CHW/2024-schedule-scores.shtml#all_team_schedule
CIN202405090,2024-05-09,0,ARI,CIN,@,CIN,CIN,ARI,https://www.baseball-reference.com/teams/ARI/2024-schedule-scores.shtml#all_team_schedule
COL202405090,2024-05-09,0,COL,SFG,,COL,COL,COL,https://www.baseball-reference.com/teams/COL/2024-schedule-scores.shtml#all_team_schedule
MIL202405090,2024-05-09,0,MIL,STL,,MIL,MIL,MIL,https://www.baseball-reference.com/teams/MIL/2024-schedule-scores.shtml#all_team_schedule
MIN202405090,2024-05-09,0,MIN,SEA,,MIN,MIN,MIN,https://www.baseball-reference.com/teams/MIN/2024-schedule-scores.shtml#all_team_schedule
NYA202405090,2024-05-09,0,HOU,NYY,@,NYY,NYA,HOU,https://www.baseball-reference.com/teams/HOU/2024-schedule-scores.shtml#all_team_schedule
ANA202405100,2024-05-10,0,KCR,LAA,@,LAA,ANA,KCR,https://www.baseball-reference.com/teams/KCR/2024-schedule-scores.shtml#all_team_schedule
BAL202405100,2024-05-10,0,ARI,BAL,@,BAL,BAL,ARI,https://www.baseball-reference.com/teams/ARI/2024-schedule-scores.shtml#all_team_schedule
BOS202405100,2024-05-10,0,BOS,WSN,,BOS,BOS,BOS,https://www.baseball-reference.com/teams/BOS/2024-schedule-scores.shtml#all_team_schedule
CHA202405100,2024-05-10,0,CHW,CLE,,CHW,CHA,CHW,https://www.baseball-reference.com/teams/CHW/2024-schedule-scores.shtml#all_team_schedule
COL202405100,2024-05-10,0,COL,TEX,,COL,COL,COL,https://www.baseball-reference.com/teams/COL/2024-schedule-scores.shtml#all_team_schedule
DET202405100,2024-05-10,0,DET,HOU,,DET,DET,DET,https://www.baseball-reference.com/teams/DET/2024-schedule-scores.shtml#all_team_schedule
MIA202405100,2024-05-10,0,MIA,PHI,,MIA,MIA,MIA,https://www.baseball-reference.com/teams/MIA/2024-schedule-scores.shtml#all_team_schedule
MIL202405100,2024-05-10,0,MIL,STL,,MIL,MIL,MIL,https://www.baseball-reference.com/teams/MIL/2024-schedule-scores.shtml#all_team_schedule
NYN202405100,2024-05-10,0,ATL,NYM,@,NYM,NYN,ATL,https://www.baseball-reference.com/teams/ATL/2024-schedule-scores.shtml#all_team_schedule
PIT202405100,2024-05-10,0,CHC,PIT,@,PIT,PIT,CHC,https://www.baseball-reference.com/teams/CHC/2024-schedule-scores.shtml#all_team_schedule
SDN202405100,2024-05-10,0,LAD,SDP,@,SDP,SDN,LAD,https://www.baseball-reference.com/teams/LAD/2024-schedule-scores.shtml#all_team_schedule
SEA202405100,2024-05-10,0,OAK,SEA,@,SEA,SEA,OAK,https://www.baseball-reference.com/teams/OAK/2024-schedule-scores.shtml#all_team_schedule
SFN202405100,2024-05-10,0,CIN,SFG,@,SFG,SFN,CIN,https://www.baseball-reference.com/teams/CIN/2024-schedule-scores.shtml#all_team_schedule
TBA202405100,2024-05-10,0,NYY,TBR,@,TBR,TBA,NYY,https://www.baseball-reference.com/teams/NYY/2024-schedule-scores.shtml#all_team_schedule
TOR202405100,2024-05-10,0,MIN,TOR,@,TOR,TOR,MIN,https://www.baseball-reference.com/teams/MIN/2024-schedule-scores.shtml#all_team_schedule
ANA202405110,2024-05-11,0,KCR,LAA,@,LAA,ANA,KCR,https://www.baseball-reference.com/teams/KCR/2024-schedule-scores.shtml#all_team_schedule
BAL202405110,2024-05-11,0,ARI,BAL,@,BAL,BAL,ARI,https://www.baseball-reference.com/teams/ARI/2024-schedule-scores.shtml#all_team_schedule
BOS202405110,2024-05-11,0,BOS,WSN,,BOS,BOS,BOS,https://www.baseball-reference.com/teams/BOS/2024-schedule-scores.shtml#all_team_schedule
CHA202405110,2024-05-11,0,CHW,CLE,,CHW,CHA,CHW,https://www.baseball-reference.com/teams/CHW/2024-schedule-scores.shtml#all_team_schedule
COL202405110,2024-05-11,0,COL,TEX,,COL,COL,COL,https://www.baseball-reference.com/teams/COL/2024-schedule-scores.shtml#all_team_schedule
DET202405110,2024-05-11,0,DET,HOU,,DET,DET,DET,https://www.baseball-reference.com/teams/DET/2024-schedule-scores.shtml#all_team_schedule
MIA202405110,2024-05-11,0,MIA,PHI,,MIA,MIA,MIA,https://www.baseball-reference.com/teams/MIA/2024-schedule-scores.shtml#all_team_schedule
MIL202405110,2024-05-11,0,MIL,STL,,MIL,MIL,MIL,https://www.baseball-reference.com/teams/MIL/2024-schedule-scores.shtml#all_team_schedule
NYN202405110,2024-05-11,0,ATL,NYM,@,NYM,NYN,ATL,https://www.baseball-reference.com/teams/ATL/2024-schedule-scores.shtml#all_team_schedule
PIT202405110,2024-05-11,0,CHC,PIT,@,PIT,PIT,CHC,https://www.baseball-reference.com/teams/CHC/2024-schedule-scores.shtml#all_team_schedule
SDN202405110,2024-05-11,0,LAD,SDP,@,SDP,SDN,LAD,https://www.baseball-reference.com/teams/LAD/2024-schedule-scores.shtml#all_team_schedule
SEA202405110,2024-05-11,0,OAK,SEA,@,SEA,SEA,OAK,https://www.baseball-reference.com/teams/OAK/2024-schedule-scores.shtml#all_team_schedule
SFN202405110,2024-05-11,0,CIN,SFG,@,SFG,SFN,CIN,https://www.baseball-reference.com/teams/CIN/2024-schedule-scores.shtml#all_team_schedule
TBA202405110,2024-05-11,0,NYY,TBR,@,TBR,TBA,NYY,https://www.baseball-reference.com/teams/NYY/2024-schedule-scores.shtml#all_team_schedule
TOR202405110,2024-05-11,0,MIN,TOR,@,TOR,TOR,MIN,https://www.baseball-reference.com/teams/MIN/2024-schedule-scores.shtml#all_team_schedule
ANA202405120,2024-05-12,0,KCR,LAA,@,LAA,ANA,KCR,https://www.baseball-reference.com/teams/KCR/2024-schedule-scores.shtml#all_team_schedule
BAL202405120,2024-05-12,0,ARI,BAL,@,BAL,BAL,ARI,https://www.baseball-reference.com/teams/ARI/2024-schedule-scores.shtml#all_team_schedule
BOS202405120,2024-05-12,0,BOS,WSN,,BOS,BOS,BOS,https://www.baseball-reference.com/teams/BOS/2024-schedule-scores.shtml#all_team_schedule
CHA202405120,2024-05-12,0,CHW,CLE,,CHW,CHA,CHW,https://www.baseball-reference.com/teams/CHW/2024-schedule-scores.shtml#all_team_schedule
COL202405120,2024-05-12,0,COL,TEX,,COL,COL,COL,https://www.baseball-reference.com/teams/COL/2024-schedule-scores.shtml#all_team_schedule
DET202405120,2024-05-12,0,DET,HOU,,DET,DET,DET,https://www.baseball-reference.com/teams/DET/2024-schedule-scores.shtml#all_team_schedule
MIA202405120,2024-05-12,0,MIA,PHI,,MIA,MIA,MIA,https://www.baseball-reference.com/teams/MIA/2024-schedule-scores.shtml#all_team_schedule
MIL202405120,2024-05-12,0,MIL,STL,,MIL,MIL,MIL,https://www.baseball-reference.com/teams/MIL/2024-schedule-scores.shtml#all_team_schedule
NYN202405120,2024-05-12,0,ATL,NYM,@,NYM,NYN,ATL,https://www.baseball-reference.com/teams/ATL/2024-schedule-scores.shtml#all_team_schedule
PIT202405120,2024-05-12,0,CHC,PIT,@,PIT,PIT,CHC,https://www.baseball-reference.com/teams/CHC/2024-schedule-scores.shtml#all_team_schedule
SDN202405120,2024-05-12,0,LAD,SDP,@,SDP,SDN,LAD,https://www.baseball-reference.com/teams/LAD/2024-schedule-scores.shtml#all_team_schedule
SEA202405120,2024-05-12,0,OAK,SEA,@,SEA,SEA,OAK,https://www.baseball-reference.com/teams/OAK/2024-schedule-scores.shtml#all_team_schedule
SFN202405120,2024-05-12,0,CIN,SFG,@,SFG,SFN,CIN,https://www.baseball-reference.com/teams/CIN/2024-schedule-scores.shtml#all_team_schedule
TBA202405120,2024-05-12,0,NYY,TBR,@,TBR,TBA,NYY,https://www.baseball-reference.com/teams/NYY/2024-schedule-scores.shtml#all_team_schedule
TOR202405120,2024-05-12,0,MIN,TOR,@,TOR,TOR,MIN,https://www.baseball-reference.com/teams/MIN/2024-schedule-scores.shtml#all_team_schedule
ANA202405130,2024-05-13,0,LAA,STL,,LAA,ANA,LAA,https://www.baseball-reference.com/teams/LAA/2024-schedule-scores.shtml#all_team_schedule
ARI202405130,2024-05-13,0,ARI,CIN,,ARI,ARI,ARI,https://www.baseball-reference.com/teams/ARI/2024-schedule-scores.shtml#all_team_schedule
ATL202405130,2024-05-13,0,ATL,CHC,,ATL,ATL,ATL,https://www.baseball-reference.com/teams/ATL/2024-schedule-scores.shtml#all_team_schedule
BAL202405130,2024-05-13,0,BAL,TOR,,BAL,BAL,BAL,https://www.baseball-reference.com/teams/BAL/2024-schedule-scores.shtml#all_team_schedule
BOS202405130,2024-05-13,0,BOS,TBR,,BOS,BOS,BOS,https://www.baseball-reference.com/teams/BOS/2024-schedule-scores.shtml#all_team_schedule
DET202405130,2024-05-13,0,DET,MIA,,DET,DET,DET,https://www.baseball-reference.com/teams/DET/2024-schedule-scores.shtml#all_team_schedule
HOU202405130,2024-05-13,0,HOU,OAK,,HOU,HOU,HOU,https://www.baseball-reference.com/teams/HOU/2024-schedule-scores.shtml#all_team_schedule
MIL202405130,2024-05-13,0,MIL,PIT,,MIL,MIL,MIL,https://www.baseball-reference.com/teams/MIL/2024-schedule-scores.shtml#all_team_schedule
NYN202405130,2024-05-13,0,NYM,PHI,,NYM,NYN,NYM,https://www.baseball-reference.com/teams/NYM/2024-schedule-scores.shtml#all_team_schedule
SDN202405130,2024-05-13,0,COL,SDP,@,SDP,SDN,COL,https://www.baseball-reference.com/teams/COL/2024-schedule-scores.shtml#all_team_schedule
SEA202405130,2024-05-13,0,KCR,SEA,@,SEA,SEA,KCR,https://www.baseball-reference.com/teams/KCR/2024-schedule-scores.shtml#all_team_schedule
SFN202405130,2024-05-13,0,LAD,SFG,@,SFG,SFN,LAD,https://www.baseball-reference.com/teams/LAD/2024-schedule-scores.shtml#all_team_schedule
TEX202405130,2024-05-13,0,CLE,TEX,@,TEX,TEX,CLE,https://www.baseball-reference.com/teams/CLE/2024-schedule-scores.shtml#all_team_schedule
ANA202405140,2024-05-14,0,LAA,STL,,LAA,ANA,LAA,https://www.baseball-reference.com/teams/LAA/2024-schedule-scores.shtml#all_team_schedule
ARI202405140,2024-05-14,0,ARI,CIN,,ARI,ARI,ARI,https://www.baseball-reference.com/teams/ARI/2024-schedule-scores.shtml#all_team_schedule
ATL202405140,2024-05-14,0,ATL,CHC,,ATL,ATL,ATL,https://www.baseball-reference.com/teams/ATL/2024-schedule-scores.shtml#all_team_schedule
BOS202405140,2024-05-14,0,BOS,TBR,,BOS,BOS,BOS,https://www.baseball-reference.com/teams/BOS/2024-schedule-scores.shtml#all_team_schedule
CHA202405141,2024-05-14,1,CHW,WSN,,CHW,CHA,CHW,https://www.baseball-reference.com/teams/CHW/2024-schedule-scores.shtml#all_team_schedule
CHA202405142,2024-05-14,2,CHW,WSN,,CHW,CHA,CHW,https://www.baseball-reference.com/teams/CHW/2024-schedule-scores.shtml#all_team_schedule
DET202405140,2024-05-14,0,DET,MIA,,DET,DET,DET,https://www.baseball-reference.com/teams/DET/2024-schedule-scores.shtml#all_team_schedule
HOU202405140,2024-05-14,0,HOU,OAK,,HOU,HOU,HOU,https://www.baseball-reference.com/teams/HOU/2024-schedule-scores.shtml#all_team_schedule
MIL202405140,2024-05-14,0,MIL,PIT,,MIL,MIL,MIL,https://www.baseball-reference.com/teams/MIL/2024-schedule-scores.shtml#all_team_schedule
MIN202405140,2024-05-14,0,MIN,NYY,,MIN,MIN,MIN,https://www.baseball-reference.com/teams/MIN/2024-schedule-scores.shtml#all_team_schedule
NYN202405140,2024-05-14,0,NYM,PHI,,NYM,NYN,NYM,https://www.baseball-reference.com/teams/NYM/2024-schedule-scores.shtml#all_team_schedule
SDN202405140,2024-05-14,0,COL,SDP,@,SDP,SDN,COL,https://www.baseball-reference.com/teams/COL/2024-schedule-scores.shtml#all_team_schedule
SEA202405140,2024-05-14,0,KCR,SEA,@,SEA,SEA,KCR,https://www.baseball-reference.com/teams/KCR/2024-schedule-scores.shtml#all_team_schedule
SFN202405140,2024-05-14,0,LAD,SFG,@,SFG,SFN,LAD,https://www.baseball-reference.com/teams/LAD/2024-schedule-scores.shtml#all_team_schedule
TEX202405140,2024-05-14,0,CLE,TEX,@,TEX,TEX,CLE,https://www.baseball-reference.com/teams/CLE/2024-schedule-scores.shtml#all_team_schedule
ANA202405150,2024-05-15,0,LAA,STL,,LAA,ANA,LAA,https://www.baseball-reference.com/teams/LAA/2024-schedule-scores.shtml#all_team_schedule
ARI202405150,2024-05-15,0,ARI,CIN,,ARI,ARI,ARI,https://www.baseball-reference.com/teams/ARI/2024-schedule-scores.shtml#all_team_schedule
ATL202405150,2024-05-15,0,ATL,CHC,,ATL,ATL,ATL,https://www.baseball-reference.com/teams/ATL/2024-schedule-scores.shtml#all_team_schedule
BAL202405150,2024-05-15,0,BAL,TOR,,BAL,BAL,BAL,https://www.baseball-reference.com/teams/BAL/2024-schedule-scores.shtml#all_team_schedule
BOS202405150,2024-05-15,0,BOS,TBR,,BOS,BOS,BOS,https://www.baseball-reference.com/teams/BOS/2024-schedule-scores.shtml#all_team_schedule
CHA202405150,2024-05-15,0,CHW,WSN,,CHW,CHA,CHW,https://www.baseball-reference.com/teams/CHW/2024-schedule-scores.shtml#all_team_schedule
DET202405150,2024-05-15,0,DET,MIA,,DET,DET,DET,https://www.baseball-reference.com/teams/DET/2024-schedule-scores.shtml#all_team_schedule
HOU202405150,2024-05-15,0,HOU,OAK,,HOU,HOU,HOU,https://www.baseball-reference.com/teams/HOU/2024-schedule-scores.shtml#all_team_schedule
MIL202405150,2024-05-15,0,MIL,PIT,,MIL,MIL,MIL,https://www.baseball-reference.com/teams/MIL/2024-schedule-scores.shtml#all_team_schedule
MIN202405150,2024-05-15,0,MIN,NYY,,MIN,MIN,MIN,https://www.baseball-reference.com/teams/MIN/2024-schedule-scores.shtml#all_team_schedule
PHI202405150,2024-05-15,0,NYM,PHI,@,PHI,PHI,NYM,https://www.baseball-reference.com/teams/NYM/2024-schedule-scores.shtml#all_team_schedule
SDN202405150,2024-05-15,0,COL,SDP,@,SDP,SDN,COL,https://www.baseball-reference.com/teams/COL/2024-schedule-scores.shtml#all_team_schedule
SEA202405150,2024-05-15,0,KCR,SEA,@,SEA,SEA,KCR,https://www.baseball-reference.com/teams/KCR/2024-schedule-scores.shtml#all_team_schedule
SFN202405150,2024-05-15,0,LAD,SFG,@,SFG,SFN,LAD,https://www.baseball-reference.com/teams/LAD/2024-schedule-scores.shtml#all_team_schedule
TEX202405150,2024-05-15,0,CLE,TEX,@,TEX,TEX,CLE,https://www.baseball-reference.com/teams/CLE/2024-schedule-scores.shtml#all_team_schedule
BOS202405160,2024-05-16,0,BOS,TBR,,BOS,BOS,BOS,https://www.baseball-reference.com/teams/BOS/2024-schedule-scores.shtml#all_team_schedule
CHN202405160,2024-05-16,0,CHC,PIT,,CHC,CHN,CHC,https://www.baseball-reference.com/teams/CHC/2024-schedule-scores.shtml#all_team_schedule
HOU202405160,2024-05-16,0,HOU,OAK,,HOU,HOU,HOU,https://www.baseball-reference.com/teams/HOU/2024-schedule-scores.shtml#all_team_schedule
LAN202405160,2024-05-16,0,CIN,LAD,@,LAD,LAN,CIN,https://www.baseball-reference.com/teams/CIN/2024-schedule-scores.shtml#all_team_schedule
MIN202405160,2024-05-16,0,MIN,NYY,,MIN,MIN,MIN,https://www.baseball-reference.com/teams/MIN/2024-schedule-scores.shtml#all_team_schedule
PHI202405160,2024-05-16,0,NYM,PHI,@,PHI,PHI,NYM,https://www.baseball-reference.com/teams/NYM/2024-schedule-scores.shtml#all_team_schedule
ARI202405170,2024-05-17,0,ARI,DET,,ARI,ARI,ARI,https://www.baseball-reference.com/teams/ARI/2024-schedule-scores.shtml#all_team_schedule
ATL202405170,2024-05-17,0,ATL,SDP,,ATL,ATL,ATL,https://www.baseball-reference.com/teams/ATL/2024-schedule-scores.shtml#all_team_schedule
BAL202405170,2024-05-17,0,BAL,SEA,,BAL,BAL,BAL,https://www.baseball-reference.com/teams/BAL/2024-schedule-scores.shtml#all_team_schedule
CHN202405170,2024-05-17,0,CHC,PIT,,CHC,CHN,CHC,https://www.baseball-reference.com/teams/CHC/2024-schedule-scores.shtml#all_team_schedule
CLE202405170,2024-05-17,0,CLE,MIN,,CLE,CLE,CLE,https://www.baseball-reference.com/teams/CLE/2024-schedule-scores.shtml#all_team_schedule
HOU202405170,2024-05-17,0,HOU,MIL,,HOU,HOU,HOU,https://www.baseball-reference.com/teams/HOU/2024-schedule-scores.shtml#all_team_schedule
KCA202405170,2024-05-17,0,KCR,OAK,,KCR,KCA,KCR,https://www.baseball-reference.com/teams/KCR/2024-schedule-scores.shtml#all_team_schedule
LAN202405170,2024-05-17,0,CIN,LAD,@,LAD,LAN,CIN,https://www.baseball-reference.com/teams/CIN/2024-schedule-scores.shtml#all_team_schedule
MIA202405170,2024-05-17,0,MIA,NYM,,MIA,MIA,MIA,https://www.baseball-reference.com/teams/MIA/2024-schedule-scores.shtml#all_team_schedule
NYA202405170,2024-05-17,0,CHW,NYY,@,NYY,NYA,CHW,https://www.baseball-reference.com/teams/CHW/2024-schedule-scores.shtml#all_team_schedule
PHI202405170,2024-05-17,0,PHI,WSN,,PHI,PHI,PHI,https://www.baseball-reference.com/teams/PHI/2024-schedule-scores.shtml#all_team_schedule
SFN202405170,2024-05-17,0,COL,SFG,@,SFG,SFN,COL,https://www.baseball-reference.com/teams/COL/2024-schedule-scores.shtml#all_team_schedule
SLN202405170,2024-05-17,0,BOS,STL,@,STL,SLN,BOS,https://www.baseball-reference.com/teams/BOS/2024-schedule-scores.shtml#all_team_schedule
TEX202405170,2024-05-17,0,LAA,TEX,@,TEX,TEX,LAA,https://www.baseball-reference.com/teams/LAA/2024-schedule-scores.shtml#all_team_schedule
TOR202405170,2024-05-17,0,TBR,TOR,@,TOR,TOR,TBR,https://www.baseball-reference.com/teams/TBR/2024-schedule-scores.shtml#all_team_schedule
ARI202405180,2024-05-18,0,ARI,DET,,ARI,ARI,ARI,https://www.baseball-reference.com/teams/ARI/2024-schedule-scores.shtml#all_team_schedule
BAL202405180,2024-05-18,0,BAL,SEA,,BAL,BAL,BAL,https://www.baseball-reference.com/teams/BAL/2024-schedule-scores.shtml#all_team_schedule
CHN202405180,2024-05-18,0,CHC,PIT,,CHC,CHN,CHC,https://www.baseball-reference.com/teams/CHC/2024-schedule-scores.shtml#all_team_schedule
CLE202405180,2024-05-18,0,CLE,MIN,,CLE,CLE,CLE,https://www.baseball-reference.com/teams/CLE/2024-schedule-scores.shtml#all_team_schedule
HOU202405180,2024-05-18,0,HOU,MIL,,HOU,HOU,HOU,https://www.baseball-reference.com/teams/HOU/2024-schedule-scores.shtml#all_team_schedule
KCA202405180,2024-05-18,0,KCR,OAK,,KCR,KCA,KCR,https://www.baseball-reference.com/teams/KCR/2024-schedule-scores.shtml#all_team_schedule
LAN202405180,2024-05-18,0,CIN,LAD,@,LAD,LAN,CIN,https://www.baseball-reference.com/teams/CIN/2024-schedule-scores.shtml#all_team_schedule
MIA202405180,2024-05-18,0,MIA,NYM,,MIA,MIA,MIA,https://www.baseball-reference.com/teams/MIA/2024-schedule-scores.shtml#all_team_schedule
NYA202405180,2024-05-18,0,CHW,NYY,@,NYY,NYA,CHW,https://www.baseball-reference.com/teams/CHW/2024-schedule-scores.shtml#all_team_schedule
PHI202405180,2024-05-18,0,PHI,WSN,,PHI,PHI,PHI,https://www.baseball-reference.com/teams/PHI/2024-schedule-scores.shtml#all_team_schedule
SFN202405180,2024-05-18,0,COL,SFG,@,SFG,SFN,COL,https://www.baseball-reference.com/teams/COL/2024-schedule-scores.shtml#all_team_schedule
SLN202405180,2024-05-18,0,BOS,STL,@,STL,SLN,BOS,https://www.baseball-reference.com/teams/BOS/2024-schedule-scores.shtml#all_team_schedule
TEX202405180,2024-05-18,0,LAA,TEX,@,TEX,TEX,LAA,https://www.baseball-reference.com/teams/LAA/2024-schedule-scores.shtml#all_team_schedule
TOR202405180,2024-05-18,0,TBR,TOR,@,TOR,TOR,TBR,https://www.baseball-reference.com/teams/TBR/2024-schedule-scores.shtml#all_team_schedule
ARI202405190,2024-05-19,0,ARI,DET,,ARI,ARI,ARI,https://www.baseball-reference.com/teams/ARI/2024-schedule-scores.shtml#all_team_schedule
ATL202405190,2024-05-19,0,ATL,SDP,,ATL,ATL,ATL,https://www.baseball-reference.com/teams/ATL/2024-schedule-scores.shtml#all_team_schedule
BAL202405190,2024-05-19,0,BAL,SEA,,BAL,BAL,BAL,https://www.baseball-reference.com/teams/BAL/2024-schedule-scores.shtml#all_team_schedule
CHN202405190,2024-05-19,0,CHC,PIT,,CHC,CHN,CHC,https://www.baseball-reference.com/teams/CHC/2024-schedule-scores.shtml#all_team_schedule
CLE202405190,2024-05-19,0,CLE,MIN,,CLE,CLE,CLE,https://www.baseball-reference.com/teams/CLE/2024-schedule-scores.shtml#all_team_schedule
HOU202405190,2024-05-19,0,HOU,MIL,,HOU,HOU,HOU,https://www.baseball-reference.com/teams/HOU/2024-schedule-scores.shtml#all_team_schedule
KCA202405190,2024-05-19,0,KCR,OAK,,KCR,KCA,KCR,https://www.baseball-reference.com/teams/KCR/2024-schedule-scores.shtml#all_team_schedule
LAN202405190,2024-05-19,0,CIN,LAD,@,LAD,LAN,CIN,https://www.baseball-reference.com/teams/CIN/2024-schedule-scores.shtml#all_team_schedule
MIA202405190,2024-05-19,0,MIA,NYM,,MIA,MIA,MIA,https://www.baseball-reference.com/teams/MIA/2024-schedule-scores.shtml#all_team_schedule
NYA202405190,2024-05-19,0,CHW,NYY,@,NYY,NYA,CHW,https://www.baseball-reference.com/teams/CHW/2024-schedule-scores.shtml#all_team_schedule
PHI202405190,2024-05-19,0,PHI,WSN,,PHI,PHI,PHI,https://www.baseball-reference.com/teams/PHI/2024-schedule-scores.shtml#all_team_schedule
SFN202405190,2024-05-19,0,COL,SFG,@,SFG,SFN,COL,https://www.baseball-reference.com/teams/COL/2024-schedule-scores.shtml#all_team_schedule
SLN202405190,2024-05-19,0,BOS,STL,@,STL,SLN,BOS,https://www.baseball-reference.com/teams/BOS/2024-schedule-scores.shtml#all_team_schedule
TEX202405190,2024-05-19,0,LAA,TEX,@,TEX,TEX,LAA,https://www.baseball-reference.com/teams/LAA/2024-schedule-scores.shtml#all_team_schedule
TOR202405190,2024-05-19,0,TBR,TOR,@,TOR,TOR,TBR,https://www.baseball-reference.com/teams/TBR/2024-schedule-scores.shtml#all_team_schedule
ATL202405201,2024-05-20,1,ATL,SDP,,ATL,ATL,ATL,https://www.baseball-reference.com/teams/ATL/2024-schedule-scores.shtml#all_team_schedule
ATL202405202,2024-05-20,2,ATL,SDP,,ATL,ATL,ATL,https://www.baseball-reference.com/teams/ATL/2024-schedule-scores.shtml#all_team_schedule
CLE202405200,2024-05-20,0,CLE,NYM,,CLE,CLE,CLE,https://www.baseball-reference.com/teams/CLE/2024-schedule-scores.shtml#all_team_schedule
HOU202405200,2024-05-20,0,HOU,LAA,,HOU,HOU,HOU,https://www.baseball-reference.com/teams/HOU/2024-schedule-scores.shtml#all_team_schedule
KCA202405200,2024-05-20,0,DET,KCR,@,KCR,KCA,DET,https://www.baseball-reference.com/teams/DET/2024-schedule-scores.shtml#all_team_schedule
LAN202405200,2024-05-20,0,ARI,LAD,@,LAD,LAN,ARI,https://www.baseball-reference.com/teams/ARI/2024-schedule-scores.shtml#all_team_schedule
MIA202405200,2024-05-20,0,MIA,MIL,,MIA,MIA,MIA,https://www.baseball-reference.com/teams/MIA/2024-schedule-scores.shtml#all_team_schedule
NYA202405200,2024-05-20,0,NYY,SEA,,NYY,NYA,NYY,https://www.baseball-reference.com/teams/NYY/2024-schedule-scores.shtml#all_team_schedule
SLN202405200,2024-05-20,0,BAL,STL,@,STL,SLN,BAL,https://www.baseball-reference.com/teams/BAL/2024-schedule-scores.shtml#all_team_schedule
TBA202405200,2024-05-20,0,BOS,TBR,@,TBR,TBA,BOS,https://www.baseball-reference.com/teams/BOS/2024-schedule-scores.shtml#all_team_schedule
TOR202405200,2024-05-20,0,CHW,TOR,@,TOR,TOR,CHW,https://www.baseball-reference.com/teams/CHW/2024-schedule-scores.shtml#all_team_schedule
WAS202405200,2024-05-20,0,MIN,WSN,@,WSN,WAS,MIN,https://www.baseball-reference.com/teams/MIN/2024-schedule-scores.shtml#all_team_schedule
CHN202405210,2024-05-21,0,ATL,CHC,@,CHC,CHN,ATL,https://www.baseball-reference.com/teams/ATL/2024-schedule-scores.shtml#all_team_schedule
CIN202405210,2024-05-21,0,CIN,SDP,,CIN,CIN,CIN,https://www.baseball-reference.com/teams/CIN/2024-schedule-scores.shtml#all_team_schedule
CLE202405210,2024-05-21,0,CLE,NYM,,CLE,CLE,CLE,https://www.baseball-reference.com/teams/CLE/2024-schedule-scores.shtml#all_team_schedule
HOU202405210,2024-05-21,0,HOU,LAA,,HOU,HOU,HOU,https://www.baseball-reference.com/teams/HOU/2024-schedule-scores.shtml#all_team_schedule
KCA202405210,2024-05-21,0,DET,KCR,@,KCR,KCA,DET,https://www.baseball-reference.com/teams/DET/2024-schedule-scores.shtml#all_team_schedule
LAN202405210,2024-05-21,0,ARI,LAD,@,LAD,LAN,ARI,https://www.baseball-reference.com/teams/ARI/2024-schedule-scores.shtml#all_team_schedule
MIA202405210,2024-05-21,0,MIA,MIL,,MIA,MIA,MIA,https://www.baseball-reference.com/teams/MIA/2024-schedule-scores.shtml#all_team_schedule
NYA202405210,2024-05-21,0,NYY,SEA,,NYY,NYA,NYY,https://www.baseball-reference.com/teams/NYY/2024-schedule-scores.shtml#all_team_schedule
OAK202405210,2024-05-21,0,COL,OAK,@,OAK,OAK,COL,https://www.baseball-reference.com/teams/COL/2024-schedule-scores.shtml#all_team_schedule
PHI202405210,2024-05-21,0,PHI,TEX,,PHI,PHI,PHI,https://www.baseball-reference.com/teams/PHI/2024-schedule-scores.shtml#all_team_schedule
PIT202405210,2024-05-21,0,PIT,SFG,,PIT,PIT,PIT,https://www.baseball-reference.com/teams/PIT/2024-schedule-scores.shtml#all_team_schedule
SLN202405210,2024-05-21,0,BAL,STL,@,STL,SLN,BAL,https://www.baseball-reference.com/teams/BAL/2024-schedule-scores.shtml#all_team_schedule
TBA202405210,2024-05-21,0,BOS,TBR,@,TBR,TBA,BOS,https://www.baseball-reference.com/teams/BOS/2024-schedule-scores.shtml#all_team_schedule
TOR202405210,2024-05-21,0,CHW,TOR,@,TOR,TOR,CHW,https://www.baseball-reference.com/teams/CHW/2024-schedule-scores.shtml#all_team_schedule
WAS202405210,2024-05-21,0,MIN,WSN,@,WSN,WAS,MIN,https://www.baseball-reference.com/teams/MIN/2024-schedule-scores.shtml#all_team_schedule
CHN202405220,2024-05-22,0,ATL,CHC,@,CHC,CHN,ATL,https://www.baseball-reference.com/teams/ATL/2024-schedule-scores.shtml#all_team_schedule
CIN202405220,2024-05-22,0,CIN,SDP,,CIN,CIN,CIN,https://www.baseball-reference.com/teams/CIN/2024-schedule-scores.shtml#all_team_schedule
CLE202405220,2024-05-22,0,CLE,NYM,,CLE,CLE,CLE,https://www.baseball-reference.com/teams/CLE/2024-schedule-scores.shtml#all_team_schedule
HOU202405220,2024-05-22,0,HOU,LAA,,HOU,HOU,HOU,https://www.baseball-reference.com/teams/HOU/2024-schedule-scores.shtml#all_team_schedule
KCA202405220,2024-05-22,0,DET,KCR,@,KCR,KCA,DET,https://www.baseball-reference.com/teams/DET/2024-schedule-scores.shtml#all_team_schedule
LAN202405220,2024-05-22,0,ARI,LAD,@,LAD,LAN,ARI,https://www.baseball-reference.com/teams/ARI/2024-schedule-scores.shtml#all_team_schedule
MIA202405220,2024-05-22,0,MIA,MIL,,MIA,MIA,MIA,https://www.baseball-reference.com/teams/MIA/2024-schedule-scores.shtml#all_team_schedule
NYA202405220,2024-05-22,0,NYY,SEA,,NYY,NYA,NYY,https://www.baseball-reference.com/teams/NYY/2024-schedule-scores.shtml#all_team_schedule
OAK202405220,2024-05-22,0,COL,OAK,@,OAK,OAK,COL,https://www.baseball-reference.com/teams/COL/2024-schedule-scores.shtml#all_team_schedule
PHI202405220,2024-05-22,0,PHI,TEX,,PHI,PHI,PHI,https://www.baseball-reference.com/teams/PHI/2024-schedule-scores.shtml#all_team_schedule
PIT202405220,2024-05-22,0,PIT,SFG,,PIT,PIT,PIT,https://www.baseball-reference.com/teams/PIT/2024-schedule-scores.shtml#all_team_schedule
SLN202405220,2024-05-22,0,BAL,STL,@,STL,SLN,BAL,https://www.baseball-reference.com/teams/BAL/2024-schedule-scores.shtml#all_team_schedule
TBA202405220,2024-05-22,0,BOS,TBR,@,TBR,TBA,BOS,https://www.baseball-reference.com/teams/BOS/2024-schedule-scores.shtml#all_team_schedule
TOR202405220,2024-05-22,0,CHW,TOR,@,TOR,TOR,CHW,https://www.baseball-reference.com/teams/CHW/2024-schedule-scores.shtml#all_team_schedule
WAS202405220,2024-05-22,0,MIN,WSN,@,WSN,WAS,MIN,https://www.baseball-reference.com/teams/MIN/2024-schedule-scores.shtml#all_team_schedule
CHA202405230,2024-05-23,0,BAL,CHW,@,CHW,CHA,BAL,https://www.baseball-reference.com/teams/BAL/2024-schedule-scores.shtml#all_team_schedule
CHN202405230,2024-05-23,0,ATL,CHC,@,CHC,CHN,ATL,https://www.baseball-reference.com/teams/ATL/2024-schedule-scores.shtml#all_team_schedule
CIN202405230,2024-05-23,0,CIN,SDP,,CIN,CIN,CIN,https://www.baseball-reference.com/teams/CIN/2024-schedule-scores.shtml#all_team_schedule
DET202405230,2024-05-23,0,DET,TOR,,DET,DET,DET,https://www.baseball-reference.com/teams/DET/2024-schedule-scores.shtml#all_team_schedule
NYA202405230,2024-05-23,0,NYY,SEA,,NYY,NYA,NYY,https://www.baseball-reference.com/teams/NYY/2024-schedule-scores.shtml#all_team_schedule
OAK202405230,2024-05-23,0,COL,OAK,@,OAK,OAK,COL,https://www.baseball-reference.com/teams/COL/2024-schedule-scores.shtml#all_team_schedule
PHI202405230,2024-05-23,0,PHI,TEX,,PHI,PHI,PHI,https://www.baseball-reference.com/teams/PHI/2024-schedule-scores.shtml#all_team_schedule
PIT202405230,2024-05-23,0,PIT,SFG,,PIT,PIT,PIT,https://www.baseball-reference.com/teams/PIT/2024-schedule-scores.shtml#all_team_schedule
ANA202405240,2024-05-24,0,CLE,LAA,@,LAA,ANA,CLE,https://www.baseball-reference.com/teams/CLE/2024-schedule-scores.shtml#all_team_schedule
ARI202405240,2024-05-24,0,ARI,MIA,,ARI,ARI,ARI,https://www.baseball-reference.com/teams/ARI/2024-schedule-scores.shtml#all_team_schedule
BOS202405240,2024-05-24,0,BOS,MIL,,BOS,BOS,BOS,https://www.baseball-reference.com/teams/BOS/2024-schedule-scores.shtml#all_team_schedule
CHA202405240,2024-05-24,0,BAL,CHW,@,CHW,CHA,BAL,https://www.baseball-reference.com/teams/BAL/2024-schedule-scores.shtml#all_team_schedule
CIN202405240,2024-05-24,0,CIN,LAD,,CIN,CIN,CIN,https://www.baseball-reference.com/teams/CIN/2024-schedule-scores.shtml#all_team_schedule
COL202405240,2024-05-24,0,COL,PHI,,COL,COL,COL,https://www.baseball-reference.com/teams/COL/2024-schedule-scores.shtml#all_team_schedule
DET202405240,2024-05-24,0,DET,TOR,,DET,DET,DET,https://www.baseball-reference.com/teams/DET/2024-schedule-scores.shtml#all_team_schedule
MIN202405240,2024-05-24,0,MIN,TEX,,MIN,MIN,MIN,https://www.baseball-reference.com/teams/MIN/2024-schedule-scores.shtml#all_team_schedule
NYN202405240,2024-05-24,0,NYM,SFG,,NYM,NYN,NYM,https://www.baseball-reference.com/teams/NYM/2024-schedule-scores.shtml#all_team_schedule
OAK202405240,2024-05-24,0,HOU,OAK,@,OAK,OAK,HOU,https://www.baseball-reference.com/teams/HOU/2024-schedule-scores.shtml#all_team_schedule
PIT202405240,2024-05-24,0,ATL,PIT,@,PIT,PIT,ATL,https://www.baseball-reference.com/teams/ATL/2024-schedule-scores.shtml#all_team_schedule
SDN202405240,2024-05-24,0,NYY,SDP,@,SDP,SDN,NYY,https://www.baseball-reference.com/teams/NYY/2024-schedule-scores.shtml#all_team_schedule
TBA202405240,2024-05-24,0,KCR,TBR,@,TBR,TBA,KCR,https://www.baseball-reference.com/teams/KCR/2024-schedule-scores.shtml#all_team_schedule
WAS202405240,2024-05-24,0,SEA,WSN,@,WSN,WAS,SEA,https://www.baseball-reference.com/teams/SEA/2024-schedule-scores.shtml#all_team_schedule
ANA202405250,2024-05-25,0,CLE,LAA,@,LAA,ANA,CLE,https://www.baseball-reference.com/teams/CLE/2024-schedule-scores.shtml#all_team_schedule
ARI202405250,2024-05-25,0,ARI,MIA,,ARI,ARI,ARI,https://www.baseball-reference.com/teams/ARI/2024-schedule-scores.shtml#all_team_schedule
BOS202405250,2024-05-25,0,BOS,MIL,,BOS,BOS,BOS,https://www.baseball-reference.com/teams/BOS/2024-schedule-scores.shtml#all_team_schedule
CHA202405250,2024-05-25,0,BAL,CHW,@,CHW,CHA,BAL,https://www.baseball-reference.com/teams/BAL/2024-schedule-scores.shtml#all_team_schedule
CIN202405250,2024-05-25,0,CIN,LAD,,CIN,CIN,CIN,https://www.baseball-reference.com/teams/CIN/2024-schedule-scores.shtml#all_team_schedule
COL202405250,2024-05-25,0,COL,PHI,,COL,COL,COL,https://www.baseball-reference.com/teams/COL/2024-schedule-scores.shtml#all_team_schedule
DET202405250,2024-05-25,0,DET,TOR,,DET,DET,DET,https://www.baseball-reference.com/teams/DET/2024-schedule-scores.shtml#all_team_schedule
MIN202405250,2024-05-25,0,MIN,TEX,,MIN,MIN,MIN,https://www.baseball-reference.com/teams/MIN/2024-schedule-scores.shtml#all_team_schedule
NYN202405250,2024-05-25,0,NYM,SFG,,NYM,NYN,NYM,https://www.baseball-reference.com/teams/NYM/2024-schedule-scores.shtml#all_team_schedule
OAK202405250,2024-05-25,0,HOU,OAK,@,OAK,OAK,HOU,https://www.baseball-reference.com/teams/HOU/2024-schedule-scores.shtml#all_team_schedule
PIT202405250,2024-05-25,0,ATL,PIT,@,PIT,PIT,ATL,https://www.baseball-reference.com/teams/ATL/2024-schedule-scores.shtml#all_team_schedule
SDN202405250,2024-05-25,0,NYY,SDP,@,SDP,SDN,NYY,https://www.baseball-reference.com/teams/NYY/2024-schedule-scores.shtml#all_team_schedule
SLN202405250,2024-05-25,0,CHC,STL,@,STL,SLN,CHC,https://www.baseball-reference.com/teams/CHC/2024-schedule-scores.shtml#all_team_schedule
TBA202405250,2024-05-25,0,KCR,TBR,@,TBR,TBA,KCR,https://www.baseball-reference.com/teams/KCR/2024-schedule-scores.shtml#all_team_schedule
WAS202405250,2024-05-25,0,SEA,WSN,@,WSN,WAS,SEA,https://www.baseball-reference.com/teams/SEA/2024-schedule-scores.shtml#all_team_schedule
ANA202405260,2024-05-26,0,CLE,LAA,@,LAA,ANA,CLE,https://www.baseball-reference.com/teams/CLE/2024-schedule-scores.shtml#all_team_schedule
ARI202405260,2024-05-26,0,ARI,MIA,,ARI,ARI,ARI,https://www.baseball-reference.com/teams/ARI/2024-schedule-scores.shtml#all_team_schedule
BOS202405260,2024-05-26,0,BOS,MIL,,BOS,BOS,BOS,https://www.baseball-reference.com/teams/BOS/2024-schedule-scores.shtml#all_team_schedule
CHA202405260,2024-05-26,0,BAL,CHW,@,CHW,CHA,BAL,https://www.baseball-reference.com/teams/BAL/2024-schedule-scores.shtml#all_team_schedule
CIN202405260,2024-05-26,0,CIN,LAD,,CIN,CIN,CIN,https://www.baseball-reference.com/teams/CIN/2024-schedule-scores.shtml#all_team_schedule
COL202405260,2024-05-26,0,COL,PHI,,COL,COL,COL,https://www.baseball-reference.com/teams/COL/2024-schedule-scores.shtml#all_team_schedule
DET202405260,2024-05-26,0,DET,TOR,,DET,DET,DET,https://www.baseball-reference.com/teams/DET/2024-schedule-scores.shtml#all_team_schedule
MIN202405260,2024-05-26,0,MIN,TEX,,MIN,MIN,MIN,https://www.baseball-reference.com/teams/MIN/2024-schedule-scores.shtml#all_team_schedule
NYN202405260,2024-05-26,0,NYM,SFG,,NYM,NYN,NYM,https://www.baseball-reference.com/teams/NYM/2024-schedule-scores.shtml#all_team_schedule
OAK202405260,2024-05-26,0,HOU,OAK,@,OAK,OAK,HOU,https://www.baseball-reference.com/teams/HOU/2024-schedule-scores.shtml#all_team_schedule
PIT202405260,2024-05-26,0,ATL,PIT,@,PIT,PIT,ATL,https://www.baseball-reference.com/teams/ATL/2024-schedule-scores.shtml#all_team_schedule
SDN202405260,2024-05-26,0,NYY,SDP,@,SDP,SDN,NYY,https://www.baseball-reference.com/teams/NYY/2024-schedule-scores.shtml#all_team_schedule
SLN202405260,2024-05-26,0,CHC,STL,@,STL,SLN,CHC,https://www.baseball-reference.com/teams/CHC/2024-schedule-scores.shtml#all_team_schedule
TBA202405260,2024-05-26,0,KCR,TBR,@,TBR,TBA,KCR,https://www.baseball-reference.com/teams/KCR/2024-schedule-scores.shtml#all_team_schedule
WAS202405260,2024-05-26,0,SEA,WSN,@,WSN,WAS,SEA,https://www.baseball-reference.com/teams/SEA/2024-schedule-scores.shtml#all_team_schedule
ATL202405270,2024-05-27,0,ATL,WSN,,ATL,ATL,ATL,https://www.baseball-reference.com/teams/ATL/2024-schedule-scores.shtml#all_team_schedule
BAL202405270,2024-05-27,0,BAL,BOS,,BAL,BAL,BAL,https://www.baseball-reference.com/teams/BAL/2024-schedule-scores.shtml#all_team_schedule
CHA202405270,2024-05-27,0,CHW,TOR,,CHW,CHA,CHW,https://www.baseball-reference.com/teams/CHW/2024-schedule-scores.shtml#all_team_schedule
CIN202405270,2024-05-27,0,CIN,STL,,CIN,CIN,CIN,https://www.baseball-reference.com/teams/CIN/2024-schedule-scores.shtml#all_team_schedule
COL202405270,2024-05-27,0,CLE,COL,@,COL,COL,CLE,https://www.baseball-reference.com/teams/CLE/2024-schedule-scores.shtml#all_team_schedule
MIL202405270,2024-05-27,0,CHC,MIL,@,MIL,MIL,CHC,https://www.baseball-reference.com/teams/CHC/2024-schedule-scores.shtml#all_team_schedule
MIN202405270,2024-05-27,0,KCR,MIN,@,MIN,MIN,KCR,https://www.baseball-reference.com/teams/KCR/2024-schedule-scores.shtml#all_team_schedule
SDN202405270,2024-05-27,0,MIA,SDP,@,SDP,SDN,MIA,https://www.baseball-reference.com/teams/MIA/2024-schedule-scores.shtml#all_team_schedule
SEA202405270,2024-05-27,0,HOU,SEA,@,SEA,SEA,HOU,https://www.baseball-reference.com/teams/HOU/2024-schedule-scores.shtml#all_team_schedule
SFN202405270,2024-05-27,0,PHI,SFG,@,SFG,SFN,PHI,https://www.baseball-reference.com/teams/PHI/2024-schedule-scores.shtml#all_team_schedule
ANA202405280,2024-05-28,0,LAA,NYY,,LAA,ANA,LAA,https://www.baseball-reference.com/teams/LAA/2024-schedule-scores.shtml#all_team_schedule
ATL202405280,2024-05-28,0,ATL,WSN,,ATL,ATL,ATL,https://www.baseball-reference.com/teams/ATL/2024-schedule-scores.shtml#all_team_schedule
BAL202405280,2024-05-28,0,BAL,BOS,,BAL,BAL,BAL,https://www.baseball-reference.com/teams/BAL/2024-schedule-scores.shtml#all_team_schedule
CHA202405280,2024-05-28,0,CHW,TOR,,CHW,CHA,CHW,https://www.baseball-reference.com/teams/CHW/2024-schedule-scores.shtml#all_team_schedule
CIN202405280,2024-05-28,0,CIN,STL,,CIN,CIN,CIN,https://www.baseball-reference.com/teams/CIN/2024-schedule-scores.shtml#all_team_schedule
COL202405280,2024-05-28,0,CLE,COL,@,COL,COL,CLE,https://www.baseball-reference.com/teams/CLE/2024-schedule-scores.shtml#all_team_schedule
MIL202405280,2024-05-28,0,CHC,MIL,@,MIL,MIL,CHC,https://www.baseball-reference.com/teams/CHC/2024-schedule-scores.shtml#all_team_schedule
MIN202405280,2024-05-28,0,KCR,MIN,@,MIN,MIN,KCR,https://www.baseball-reference.com/teams/KCR/2024-schedule-scores.shtml#all_team_schedule
NYN202405281,2024-05-28,1,LAD,NYM,@,NYM,NYN,LAD,https://www.baseball-reference.com/teams/LAD/2024-schedule-scores.shtml#all_team_schedule
NYN202405282,2024-05-28,2,LAD,NYM,@,NYM,NYN,LAD,https://www.baseball-reference.com/teams/LAD/2024-schedule-scores.shtml#all_team_schedule
SDN202405280,2024-05-28,0,MIA,SDP,@,SDP,SDN,MIA,https://www.baseball-reference.com/teams/MIA/2024-schedule-scores.shtml#all_team_schedule
SEA202405280,2024-05-28,0,HOU,SEA,@,SEA,SEA,HOU,https://www.baseball-reference.com/teams/HOU/2024-schedule-scores.shtml#all_team_schedule
SFN202405280,2024-05-28,0,PHI,SFG,@,SFG,SFN,PHI,https://www.baseball-reference.com/teams/PHI/2024-schedule-scores.shtml#all_team_schedule
TBA202405280,2024-05-28,0,OAK,TBR,@,TBR,TBA,OAK,https://www.baseball-reference.com/teams/OAK/2024-schedule-scores.shtml#all_team_schedule
TEX202405280,2024-05-28,0,ARI,TEX,@,TEX,TEX,ARI,https://www.baseball-reference.com/teams/ARI/2024-schedule-scores.shtml#all_team_schedule
ANA202405290,2024-05-29,0,LAA,NYY,,LAA,ANA,LAA,https://www.baseball-reference.com/teams/LAA/2024-schedule-scores.shtml#all_team_schedule
ATL202405290,2024-05-29,0,ATL,WSN,,ATL,ATL,ATL,https://www.baseball-reference.com/teams/ATL/2024-schedule-scores.shtml#all_team_schedule
BAL202405290,2024-05-29,0,BAL,BOS,,BAL,BAL,BAL,https://www.baseball-reference.com/teams/BAL/2024-schedule-scores.shtml#all_team_schedule
CHA202405290,2024-05-29,0,CHW,TOR,,CHW,CHA,CHW,https://www.baseball-reference.com/teams/CHW/2024-schedule-scores.shtml#all_team_schedule
CIN202405290,2024-05-29,0,CIN,STL,,CIN,CIN,CIN,https://www.baseball-reference.com/teams/CIN/2024-schedule-scores.shtml#all_team_schedule
COL202405290,2024-05-29,0,CLE,COL,@,COL,COL,CLE,https://www.baseball-reference.com/teams/CLE/2024-schedule-scores.shtml#all_team_schedule
DET202405291,2024-05-29,1,DET,PIT,,DET,DET,DET,https://www.baseball-reference.com/teams/DET/2024-schedule-scores.shtml#all_team_schedule
DET202405292,2024-05-29,2,DET,PIT,,DET,DET,DET,https://www.baseball-reference.com/teams/DET/2024-schedule-scores.shtml#all_team_schedule
MIL202405290,2024-05-29,0,CHC,MIL,@,MIL,MIL,CHC,https://www.baseball-reference.com/teams/CHC/2024-schedule-scores.shtml#all_team_schedule
MIN202405290,2024-05-29,0,KCR,MIN,@,MIN,MIN,KCR,https://www.baseball-reference.com/teams/KCR/2024-schedule-scores.shtml#all_team_schedule
NYN202405290,2024-05-29,0,LAD,NYM,@,NYM,NYN,LAD,https://www.baseball-reference.com/teams/LAD/2024-schedule-scores.shtml#all_team_schedule
SDN202405290,2024-05-29,0,MIA,SDP,@,SDP,SDN,MIA,https://www.baseball-reference.com/teams/MIA/2024-schedule-scores.shtml#all_team_schedule
SEA202405290,2024-05-29,0,HOU,SEA,@,SEA,SEA,HOU,https://www.baseball-reference.com/teams/HOU/2024-schedule-scores.shtml#all_team_schedule
SFN202405290,2024-05-29,0,PHI,SFG,@,SFG,SFN,PHI,https://www.baseball-reference.com/teams/PHI/2024-schedule-scores.shtml#all_team_schedule
TBA202405290,2024-05-29,0,OAK,TBR,@,TBR,TBA,OAK,https://www.baseball-reference.com/teams/OAK/2024-schedule-scores.shtml#all_team_schedule
TEX202405290,2024-05-29,0,ARI,TEX,@,TEX,TEX,ARI,https://www.baseball-reference.com/teams/ARI/2024-schedule-scores.shtml#all_team_schedule
ANA202405300,2024-05-30,0,LAA,NYY,,LAA,ANA,LAA,https://www.baseball-reference.com/teams/LAA/2024-schedule-scores.shtml#all_team_schedule
ATL202405300,2024-05-30,0,ATL,WSN,,ATL,ATL,ATL,https://www.baseball-reference.com/teams/ATL/2024-schedule-scores.shtml#all_team_schedule
BOS202405300,2024-05-30,0,BOS,DET,,BOS,BOS,BOS,https://www.baseball-reference.com/teams/BOS/2024-schedule-scores.shtml#all_team_schedule
MIL202405300,2024-05-30,0,CHC,MIL,@,MIL,MIL,CHC,https://www.baseball-reference.com/teams/CHC/2024-schedule-scores.shtml#all_team_schedule
MIN202405300,2024-05-30,0,KCR,MIN,@,MIN,MIN,KCR,https://www.baseball-reference.com/teams/KCR/2024-schedule-scores.shtml#all_team_schedule
NYN202405300,2024-05-30,0,ARI,NYM,@,NYM,NYN,ARI,https://www.baseball-reference.com/teams/ARI/2024-schedule-scores.shtml#all_team_schedule
SEA202405300,2024-05-30,0,HOU,SEA,@,SEA,SEA,HOU,https://www.baseball-reference.com/teams/HOU/2024-schedule-scores.shtml#all_team_schedule
TBA202405300,2024-05-30,0,OAK,TBR,@,TBR,TBA,OAK,https://www.baseball-reference.com/teams/OAK/2024-schedule-scores.shtml#all_team_schedule
ATL202405310,2024-05-31,0,ATL,OAK,,ATL,ATL,ATL,https://www.baseball-reference.com/teams/ATL/2024-schedule-scores.shtml#all_team_schedule
BAL202405310,2024-05-31,0,BAL,TBR,,BAL,BAL,BAL,https://www.baseball-reference.com/teams/BAL/2024-schedule-scores.shtml#all_team_schedule
BOS202405310,2024-05-31,0,BOS,DET,,BOS,BOS,BOS,https://www.baseball-reference.com/teams/BOS/2024-schedule-scores.shtml#all_team_schedule
CHN202405310,2024-05-31,0,CHC,CIN,,CHC,CHN,CHC,https://www.baseball-reference.com/teams/CHC/2024-schedule-scores.shtml#all_team_schedule
CLE202405310,2024-05-31,0,CLE,WSN,,CLE,CLE,CLE,https://www.baseball-reference.com/teams/CLE/2024-schedule-scores.shtml#all_team_schedule
HOU202405310,2024-05-31,0,HOU,MIN,,HOU,HOU,HOU,https://www.baseball-reference.com/teams/HOU/2024-schedule-scores.shtml#all_team_schedule
KCA202405310,2024-05-31,0,KCR,SDP,,KCR,KCA,KCR,https://www.baseball-reference.com/teams/KCR/2024-schedule-scores.shtml#all_team_schedule
LAN202405310,2024-05-31,0,COL,LAD,@,LAD,LAN,COL,https://www.baseball-reference.com/teams/COL/2024-schedule-scores.shtml#all_team_schedule
MIA202405310,2024-05-31,0,MIA,TEX,,MIA,MIA,MIA,https://www.baseball-reference.com/teams/MIA/2024-schedule-scores.shtml#all_team_schedule
MIL202405310,2024-05-31,0,CHW,MIL,@,MIL,MIL,CHW,https://www.baseball-reference.com/teams/CHW/2024-schedule-scores.shtml#all_team_schedule
NYN202405310,2024-05-31,0,ARI,NYM,@,NYM,NYN,ARI,https://www.baseball-reference.com/teams/ARI/2024-schedule-scores.shtml#all_team_schedule
PHI202405310,2024-05-31,0,PHI,STL,,PHI,PHI,PHI,https://www.baseball-reference.com/teams/PHI/2024-schedule-scores.shtml#all_team_schedule
SEA202405310,2024-05-31,0,LAA,SEA,@,SEA,SEA,LAA,https://www.baseball-reference.com/teams/LAA/2024-schedule-scores.shtml#all_team_schedule
SFN202405310,2024-05-31,0,NYY,SFG,@,SFG,SFN,NYY,https://www.baseball-reference.com/teams/NYY/2024-schedule-scores.shtml#all_team_schedule
TOR202405310,2024-05-31,0,PIT,TOR,@,TOR,TOR,PIT,https://www.baseball-reference.com/teams/PIT/2024-schedule-scores.shtml#all_team_schedule
ATL202406010,2024-06-01,0,ATL,OAK,,ATL,ATL,ATL,https://www.baseball-reference.com/teams/ATL/2024-schedule-scores.shtml#all_team_schedule
BAL202406010,2024-06-01,0,BAL,TBR,,BAL,BAL,BAL,https://www.baseball-reference.com/teams/BAL/2024-schedule-scores.shtml#all_team_schedule
BOS202406010,2024-06-01,0,BOS,DET,,BOS,BOS,BOS,https://www.baseball-reference.com/teams/BOS/2024-schedule-scores.shtml#all_team_schedule
CHN202406010,2024-06-01,0,CHC,CIN,,CHC,CHN,CHC,https://www.baseball-reference.com/teams/CHC/2024-schedule-scores.shtml#all_team_schedule
CLE202406010,2024-06-01,0,CLE,WSN,,CLE,CLE,CLE,https://www.baseball-reference.com/teams/CLE/2024-schedule-scores.shtml#all_team_schedule
HOU202406010,2024-06-01,0,HOU,MIN,,HOU,HOU,HOU,https://www.baseball-reference.com/teams/HOU/2024-schedule-scores.shtml#all_team_schedule
KCA202406010,2024-06-01,0,KCR,SDP,,KCR,KCA,KCR,https://www.baseball-reference.com/teams/KCR/2024-schedule-scores.shtml#all_team_schedule
LAN202406010,2024-06-01,0,COL,LAD,@,LAD,LAN,COL,https://www.baseball-reference.com/teams/COL/2024-schedule-scores.shtml#all_team_schedule
MIA202406010,2024-06-01,0,MIA,TEX,,MIA,MIA,MIA,https://www.baseball-reference.com/teams/MIA/2024-schedule-scores.shtml#all_team_schedule
MIL202406010,2024-06-01,0,CHW,MIL,@,MIL,MIL,CHW,https://www.baseball-reference.com/teams/CHW/2024-schedule-scores.shtml#all_team_schedule
NYN202406010,2024-06-01,0,ARI,NYM,@,NYM,NYN,ARI,https://www.baseball-reference.com/teams/ARI/2024-schedule-scores.shtml#all_team_schedule
PHI202406010,2024-06-01,0,PHI,STL,,PHI,PHI,PHI,https://www.baseball-reference.com/teams/PHI/2024-schedule-scores.shtml#all_team_schedule
SEA202406010,2024-06-01,0,LAA,SEA,@,SEA,SEA,LAA,https://www.baseball-reference.com/teams/LAA/2024-schedule-scores.shtml#all_team_schedule
SFN202406010,2024-06-01,0,NYY,SFG,@,SFG,SFN,NYY,https://www.baseball-reference.com/teams/NYY/2024-schedule-scores.shtml#all_team_schedule
TOR202406010,2024-06-01,0,PIT,TOR,@,TOR,TOR,PIT,https://www.baseball-reference.com/teams/PIT/2024-schedule-scores.shtml#all_team_schedule
ATL202406020,2024-06-02,0,ATL,OAK,,ATL,ATL,ATL,https://www.baseball-reference.com/teams/ATL/2024-schedule-scores.shtml#all_team_schedule
BAL202406020,2024-06-02,0,BAL,TBR,,BAL,BAL,BAL,https://www.baseball-reference.com/teams/BAL/2024-schedule-scores.shtml#all_team_schedule
BOS202406020,2024-06-02,0,BOS,DET,,BOS,BOS,BOS,https://www.baseball-reference.com/teams/BOS/2024-schedule-scores.shtml#all_team_schedule
CHN202406020,2024-06-02,0,CHC,CIN,,CHC,CHN,CHC,https://www.baseball-reference.com/teams/CHC/2024-schedule-scores.shtml#all_team_schedule
CLE202406020,2024-06-02,0,CLE,WSN,,CLE,CLE,CLE,https://www.baseball-reference.com/teams/CLE/2024-schedule-scores.shtml#all_team_schedule
HOU202406020,2024-06-02,0,HOU,MIN,,HOU,HOU,HOU,https://www.baseball-reference.com/teams/HOU/2024-schedule-scores.shtml#all_team_schedule
KCA202406020,2024-06-02,0,KCR,SDP,,KCR,KCA,KCR,https://www.baseball-reference.com/teams/KCR/2024-schedule-scores.shtml#all_team_schedule
LAN202406020,2024-06-02,0,COL,LAD,@,LAD,LAN,COL,https://www.baseball-reference.com/teams/COL/2024-schedule-scores.shtml#all_team_schedule
MIA202406020,2024-06-02,0,MIA,TEX,,MIA,MIA,MIA,https://www.baseball-reference.com/teams/MIA/2024-schedule-scores.shtml#all_team_schedule
MIL202406020,2024-06-02,0,CHW,MIL,@,MIL,MIL,CHW,https://www.baseball-reference.com/teams/CHW/2024-schedule-scores.shtml#all_team_schedule
NYN202406020,2024-06-02,0,ARI,NYM,@,NYM,NYN,ARI,https://www.baseball-reference.com/teams/ARI/2024-schedule-scores.shtml#all_team_schedule
PHI202406020,2024-06-02,0,PHI,STL,,PHI,PHI,PHI,https://www.baseball-reference.com/teams/PHI/2024-schedule-scores.shtml#all_team_schedule
SEA202406020,2024-06-02,0,LAA,SEA,@,SEA,SEA,LAA,https://www.baseball-reference.com/teams/LAA/2024-schedule-scores.shtml#all_team_schedule
SFN202406020,2024-06-02,0,NYY,SFG,@,SFG,SFN,NYY,https://www.baseball-reference.com/teams/NYY/2024-schedule-scores.shtml#all_team_schedule
TOR202406020,2024-06-02,0,PIT,TOR,@,TOR,TOR,PIT,https://www.baseball-reference.com/teams/PIT/2024-schedule-scores.shtml#all_team_schedule
ANA202406030,2024-06-03,0,LAA,SDP,,LAA,ANA,LAA,https://www.baseball-reference.com/teams/LAA/2024-schedule-scores.shtml#all_team_schedule
ARI202406030,2024-06-03,0,ARI,SFG,,ARI,ARI,ARI,https://www.baseball-reference.com/teams/ARI/2024-schedule-scores.shtml#all_team_schedule
COL202406030,2024-06-03,0,CIN,COL,@,COL,COL,CIN,https://www.baseball-reference.com/teams/CIN/2024-schedule-scores.shtml#all_team_schedule
HOU202406030,2024-06-03,0,HOU,STL,,HOU,HOU,HOU,https://www.baseball-reference.com/teams/HOU/2024-schedule-scores.shtml#all_team_schedule
PHI202406030,2024-06-03,0,MIL,PHI,@,PHI,PHI,MIL,https://www.baseball-reference.com/teams/MIL/2024-schedule-scores.shtml#all_team_schedule
TEX202406030,2024-06-03,0,DET,TEX,@,TEX,TEX,DET,https://www.baseball-reference.com/teams/DET/2024-schedule-scores.shtml#all_team_schedule
TOR202406030,2024-06-03,0,BAL,TOR,@,TOR,TOR,BAL,https://www.baseball-reference.com/teams/BAL/2024-schedule-scores.shtml#all_team_schedule
WAS202406030,2024-06-03,0,NYM,WSN,@,WSN,WAS,NYM,https://www.baseball-reference.com/teams/NYM/2024-schedule-scores.shtml#all_team_schedule
ANA202406040,2024-06-04,0,LAA,SDP,,LAA,ANA,LAA,https://www.baseball-reference.com/teams/LAA/2024-schedule-scores.shtml#all_team_schedule
ARI202406040,2024-06-04,0,ARI,SFG,,ARI,ARI,ARI,https://www.baseball-reference.com/teams/ARI/2024-schedule-scores.shtml#all_team_schedule
BOS202406040,2024-06-04,0,ATL,BOS,@,BOS,BOS,ATL,https://www.baseball-reference.com/teams/ATL/2024-schedule-scores.shtml#all_team_schedule
CHN202406040,2024-06-04,0,CHC,CHW,,CHC,CHN,CHC,https://www.baseball-reference.com/teams/CHC/2024-schedule-scores.shtml#all_team_schedule
CLE202406040,2024-06-04,0,CLE,KCR,,CLE,CLE,CLE,https://www.baseball-reference.com/teams/CLE/2024-schedule-scores.shtml#all_team_schedule
COL202406040,2024-06-04,0,CIN,COL,@,COL,COL,CIN,https://www.baseball-reference.com/teams/CIN/2024-schedule-scores.shtml#all_team_schedule
HOU202406040,2024-06-04,0,HOU,STL,,HOU,HOU,HOU,https://www.baseball-reference.com/teams/HOU/2024-schedule-scores.shtml#all_team_schedule
MIA202406040,2024-06-04,0,MIA,TBR,,MIA,MIA,MIA,https://www.baseball-reference.com/teams/MIA/2024-schedule-scores.shtml#all_team_schedule
NYA202406040,2024-06-04,0,MIN,NYY,@,NYY,NYA,MIN,https://www.baseball-reference.com/teams/MIN/2024-schedule-scores.shtml#all_team_schedule
OAK202406040,2024-06-04,0,OAK,SEA,,OAK,OAK,OAK,https://www.baseball-reference.com/teams/OAK/2024-schedule-scores.shtml#all_team_schedule
PHI202406040,2024-06-04,0,MIL,PHI,@,PHI,PHI,MIL,https://www.baseball-reference.com/teams/MIL/2024-schedule-scores.shtml#all_team_schedule
PIT202406040,2024-06-04,0,LAD,PIT,@,PIT,PIT,LAD,https://www.baseball-reference.com/teams/LAD/2024-schedule-scores.shtml#all_team_schedule
TEX202406040,2024-06-04,0,DET,TEX,@,TEX,TEX,DET,https://www.baseball-reference.com/teams/DET/2024-schedule-scores.shtml#all_team_schedule
TOR202406040,2024-06-04,0,BAL,TOR,@,TOR,TOR,BAL,https://www.baseball-reference.com/teams/BAL/2024-schedule-scores.shtml#all_team_schedule
WAS202406040,2024-06-04,0,NYM,WSN,@,WSN,WAS,NYM,https://www.baseball-reference.com/teams/NYM/2024-schedule-scores.shtml#all_team_schedule
ANA202406050,2024-06-05,0,LAA,SDP,,LAA,ANA,LAA,https://www.baseball-reference.com/teams/LAA/2024-schedule-scores.shtml#all_team_schedule
ARI202406050,2024-06-05,0,ARI,SFG,,ARI,ARI,ARI,https://www.baseball-reference.com/teams/ARI/2024-schedule-scores.shtml#all_team_schedule
BOS202406050,2024-06-05,0,ATL,BOS,@,BOS,BOS,ATL,https://www.baseball-reference.com/teams/ATL/2024-schedule-scores.shtml#all_team_schedule
CHN202406050,2024-06-05,0,CHC,CHW,,CHC,CHN,CHC,https://www.baseball-reference.com/teams/CHC/2024-schedule-scores.shtml#all_team_schedule
COL202406050,2024-06-05,0,CIN,COL,@,COL,COL,CIN,https://www.baseball-reference.com/teams/CIN/2024-schedule-scores.shtml#all_team_schedule
HOU202406050,2024-06-05,0,HOU,STL,,HOU,HOU,HOU,https://www.baseball-reference.com/teams/HOU/2024-schedule-scores.shtml#all_team_schedule
MIA202406050,2024-06-05,0,MIA,TBR,,MIA,MIA,MIA,https://www.baseball-reference.com/teams/MIA/2024-schedule-scores.shtml#all_team_schedule
NYA202406050,2024-06-05,0,MIN,NYY,@,NYY,NYA,MIN,https://www.baseball-reference.com/teams/MIN/2024-schedule-scores.shtml#all_team_schedule
OAK202406050,2024-06-05,0,OAK,SEA,,OAK,OAK,OAK,https://www.baseball-reference.com/teams/OAK/2024-schedule-scores.shtml#all_team_schedule
PHI202406050,2024-06-05,0,MIL,PHI,@,PHI,PHI,MIL,https://www.baseball-reference.com/teams/MIL/2024-schedule-scores.shtml#all_team_schedule
PIT202406050,2024-06-05,0,LAD,PIT,@,PIT,PIT,LAD,https://www.baseball-reference.com/teams/LAD/2024-schedule-scores.shtml#all_team_schedule
TEX202406050,2024-06-05,0,DET,TEX,@,TEX,TEX,DET,https://www.baseball-reference.com/teams/DET/2024-schedule-scores.shtml#all_team_schedule
TOR202406050,2024-06-05,0,BAL,TOR,@,TOR,TOR,BAL,https://www.baseball-reference.com/teams/BAL/2024-schedule-scores.shtml#all_team_schedule
WAS202406050,2024-06-05,0,NYM,WSN,@,WSN,WAS,NYM,https://www.baseball-reference.com/teams/NYM/2024-schedule-scores.shtml#all_team_schedule
CHA202406060,2024-06-06,0,BOS,CHW,@,CHW,CHA,BOS,https://www.baseball-reference.com/teams/BOS/2024-schedule-scores.shtml#all_team_schedule
CIN202406060,2024-06-06,0,CHC,CIN,@,CIN,CIN,CHC,https://www.baseball-reference.com/teams/CHC/2024-schedule-scores.shtml#all_team_schedule
CLE202406060,2024-06-06,0,CLE,KCR,,CLE,CLE,CLE,https://www.baseball-reference.com/teams/CLE/2024-schedule-scores.shtml#all_team_schedule
NYA202406060,2024-06-06,0,MIN,NYY,@,NYY,NYA,MIN,https://www.baseball-reference.com/teams/MIN/2024-schedule-scores.shtml#all_team_schedule
OAK202406060,2024-06-06,0,OAK,SEA,,OAK,OAK,OAK,https://www.baseball-reference.com/teams/OAK/2024-schedule-scores.shtml#all_team_schedule
PIT202406060,2024-06-06,0,LAD,PIT,@,PIT,PIT,LAD,https://www.baseball-reference.com/teams/LAD/2024-schedule-scores.shtml#all_team_schedule
SDN202406060,2024-06-06,0,ARI,SDP,@,SDP,SDN,ARI,https://www.baseball-reference.com/teams/ARI/2024-schedule-scores.shtml#all_team_schedule
SLN202406060,2024-06-06,0,COL,STL,@,STL,SLN,COL,https://www.baseball-reference.com/teams/COL/2024-schedule-scores.shtml#all_team_schedule
TOR202406060,2024-06-06,0,BAL,TOR,@,TOR,TOR,BAL,https://www.baseball-reference.com/teams/BAL/2024-schedule-scores.shtml#all_team_schedule
WAS202406060,2024-06-06,0,ATL,WSN,@,WSN,WAS,ATL,https://www.baseball-reference.com/teams/ATL/2024-schedule-scores.shtml#all_team_schedule
ANA202406070,2024-06-07,0,HOU,LAA,@,LAA,ANA,HOU,https://www.baseball-reference.com/teams/HOU/2024-schedule-scores.shtml#all_team_schedule
CHA202406070,2024-06-07,0,BOS,CHW,@,CHW,CHA,BOS,https://www.baseball-reference.com/teams/BOS/2024-schedule-scores.shtml#all_team_schedule
CIN202406070,2024-06-07,0,CHC,CIN,@,CIN,CIN,CHC,https://www.baseball-reference.com/teams/CHC/2024-schedule-scores.shtml#all_team_schedule
DET202406070,2024-06-07,0,DET,MIL,,DET,DET,DET,https://www.baseball-reference.com/teams/DET/2024-schedule-scores.shtml#all_team_schedule
KCA202406070,2024-06-07,0,KCR,SEA,,KCR,KCA,KCR,https://www.baseball-reference.com/teams/KCR/2024-schedule-scores.shtml#all_team_schedule
MIA202406070,2024-06-07,0,CLE,MIA,@,MIA,MIA,CLE,https://www.baseball-reference.com/teams/CLE/2024-schedule-scores.shtml#all_team_schedule
NYA202406070,2024-06-07,0,LAD,NYY,@,NYY,NYA,LAD,https://www.baseball-reference.com/teams/LAD/2024-schedule-scores.shtml#all_team_schedule
OAK202406070,2024-06-07,0,OAK,TOR,,OAK,OAK,OAK,https://www.baseball-reference.com/teams/OAK/2024-schedule-scores.shtml#all_team_schedule
PIT202406070,2024-06-07,0,MIN,PIT,@,PIT,PIT,MIN,https://www.baseball-reference.com/teams/MIN/2024-schedule-scores.shtml#all_team_schedule
SDN202406070,2024-06-07,0,ARI,SDP,@,SDP,SDN,ARI,https://www.baseball-reference.com/teams/ARI/2024-schedule-scores.shtml#all_team_schedule
SLN202406070,2024-06-07,0,COL,STL,@,STL,SLN,COL,https://www.baseball-reference.com/teams/COL/2024-schedule-scores.shtml#all_team_schedule
TBA202406070,2024-06-07,0,BAL,TBR,@,TBR,TBA,BAL,https://www.baseball-reference.com/teams/BAL/2024-schedule-scores.shtml#all_team_schedule
TEX202406070,2024-06-07,0,SFG,TEX,@,TEX,TEX,SFG,https://www.baseball-reference.com/teams/SFG/2024-schedule-scores.shtml#all_team_schedule
WAS202406070,2024-06-07,0,ATL,WSN,@,WSN,WAS,ATL,https://www.baseball-reference.com/teams/ATL/2024-schedule-scores.shtml#all_team_schedule
ANA202406080,2024-06-08,0,HOU,LAA,@,LAA,ANA,HOU,https://www.baseball-reference.com/teams/HOU/2024-schedule-scores.shtml#all_team_schedule
CHA202406080,2024-06-08,0,BOS,CHW,@,CHW,CHA,BOS,https://www.baseball-reference.com/teams/BOS/2024-schedule-scores.shtml#all_team_schedule
CIN202406080,2024-06-08,0,CHC,CIN,@,CIN,CIN,CHC,https://www.baseball-reference.com/teams/CHC/2024-schedule-scores.shtml#all_team_schedule
DET202406080,2024-06-08,0,DET,MIL,,DET,DET,DET,https://www.baseball-reference.com/teams/DET/2024-schedule-scores.shtml#all_team_schedule
KCA202406080,2024-06-08,0,KCR,SEA,,KCR,KCA,KCR,https://www.baseball-reference.com/teams/KCR/2024-schedule-scores.shtml#all_team_schedule
MIA202406080,2024-06-08,0,CLE,MIA,@,MIA,MIA,CLE,https://www.baseball-reference.com/teams/CLE/2024-schedule-scores.shtml#all_team_schedule
NYA202406080,2024-06-08,0,LAD,NYY,@,NYY,NYA,LAD,https://www.baseball-reference.com/teams/LAD/2024-schedule-scores.shtml#all_team_schedule
NYN202406080,2024-06-08,0,NYM,PHI,,NYM,NYN,NYM,https://www.baseball-reference.com/teams/NYM/2024-schedule-scores.shtml#all_team_schedule
OAK202406080,2024-06-08,0,OAK,TOR,,OAK,OAK,OAK,https://www.baseball-reference.com/teams/OAK/2024-schedule-scores.shtml#all_team_schedule
PIT202406080,2024-06-08,0,MIN,PIT,@,PIT,PIT,MIN,https://www.baseball-reference.com/teams/MIN/2024-schedule-scores.shtml#all_team_schedule
SDN202406080,2024-06-08,0,ARI,SDP,@,SDP,SDN,ARI,https://www.baseball-reference.com/teams/ARI/2024-schedule-scores.shtml#all_team_schedule
SLN202406080,2024-06-08,0,COL,STL,@,STL,SLN,COL,https://www.baseball-reference.com/teams/COL/2024-schedule-scores.shtml#all_team_schedule
TBA202406080,2024-06-08,0,BAL,TBR,@,TBR,TBA,BAL,https://www.baseball-reference.com/teams/BAL/2024-schedule-scores.shtml#all_team_schedule
TEX202406080,2024-06-08,0,SFG,TEX,@,TEX,TEX,SFG,https://www.baseball-reference.com/teams/SFG/2024-schedule-scores.shtml#all_team_schedule
WAS202406080,2024-06-08,0,ATL,WSN,@,WSN,WAS,ATL,https://www.baseball-reference.com/teams/ATL/2024-schedule-scores.shtml#all_team_schedule
ANA202406090,2024-06-09,0,HOU,LAA,@,LAA,ANA,HOU,https://www.baseball-reference.com/teams/HOU/2024-schedule-scores.shtml#all_team_schedule
CHA202406090,2024-06-09,0,BOS,CHW,@,CHW,CHA,BOS,https://www.baseball-reference.com/teams/BOS/2024-schedule-scores.shtml#all_team_schedule
CIN202406090,2024-06-09,0,CHC,CIN,@,CIN,CIN,CHC,https://www.baseball-reference.com/teams/CHC/2024-schedule-scores.shtml#all_team_schedule
DET202406090,2024-06-09,0,DET,MIL,,DET,DET,DET,https://www.baseball-reference.com/teams/DET/2024-schedule-scores.shtml#all_team_schedule
KCA202406090,2024-06-09,0,KCR,SEA,,KCR,KCA,KCR,https://www.baseball-reference.com/teams/KCR/2024-schedule-scores.shtml#all_team_schedule
MIA202406090,2024-06-09,0,CLE,MIA,@,MIA,MIA,CLE,https://www.baseball-reference.com/teams/CLE/2024-schedule-scores.shtml#all_team_schedule
NYA202406090,2024-06-09,0,LAD,NYY,@,NYY,NYA,LAD,https://www.baseball-reference.com/teams/LAD/2024-schedule-scores.shtml#all_team_schedule
OAK202406090,2024-06-09,0,OAK,TOR,,OAK,OAK,OAK,https://www.baseball-reference.com/teams/OAK/2024-schedule-scores.shtml#all_team_schedule
PHI202406090,2024-06-09,0,NYM,PHI,@,PHI,PHI,NYM,https://www.baseball-reference.com/teams/NYM/2024-schedule-scores.shtml#all_team_schedule
PIT202406090,2024-06-09,0,MIN,PIT,@,PIT,PIT,MIN,https://www.baseball-reference.com/teams/MIN/2024-schedule-scores.shtml#all_team_schedule
SDN202406090,2024-06-09,0,ARI,SDP,@,SDP,SDN,ARI,https://www.baseball-reference.com/teams/ARI/2024-schedule-scores.shtml#all_team_schedule
SLN202406090,2024-06-09,0,COL,STL,@,STL,SLN,COL,https://www.baseball-reference.com/teams/COL/2024-schedule-scores.shtml#all_team_schedule
TBA202406090,2024-06-09,0,BAL,TBR,@,TBR,TBA,BAL,https://www.baseball-reference.com/teams/BAL/2024-schedule-scores.shtml#all_team_schedule
TEX202406090,2024-06-09,0,SFG,TEX,@,TEX,TEX,SFG,https://www.baseball-reference.com/teams/SFG/2024-schedule-scores.shtml#all_team_schedule
WAS202406090,2024-06-09,0,ATL,WSN,@,WSN,WAS,ATL,https://www.baseball-reference.com/teams/ATL/2024-schedule-scores.shtml#all_team_schedule
KCA202406100,2024-06-10,0,KCR,NYY,,KCR,KCA,KCR,https://www.baseball-reference.com/teams/KCR/2024-schedule-scores.shtml#all_team_schedule
MIL202406100,2024-06-10,0,MIL,TOR,,MIL,MIL,MIL,https://www.baseball-reference.com/teams/MIL/2024-schedule-scores.shtml#all_team_schedule
MIN202406100,2024-06-10,0,COL,MIN,@,MIN,MIN,COL,https://www.baseball-reference.com/teams/COL/2024-schedule-scores.shtml#all_team_schedule
SDN202406100,2024-06-10,0,OAK,SDP,@,SDP,SDN,OAK,https://www.baseball-reference.com/teams/OAK/2024-schedule-scores.shtml#all_team_schedule
SEA202406100,2024-06-10,0,CHW,SEA,@,SEA,SEA,CHW,https://www.baseball-reference.com/teams/CHW/2024-schedule-scores.shtml#all_team_schedule
SFN202406100,2024-06-10,0,HOU,SFG,@,SFG,SFN,HOU,https://www.baseball-reference.com/teams/HOU/2024-schedule-scores.shtml#all_team_schedule
TBA202406100,2024-06-10,0,BAL,TBR,@,TBR,TBA,BAL,https://www.baseball-reference.com/teams/BAL/2024-schedule-scores.shtml#all_team_schedule
ARI202406110,2024-06-11,0,ARI,LAA,,ARI,ARI,ARI,https://www.baseball-reference.com/teams/ARI/2024-schedule-scores.shtml#all_team_schedule
BAL202406110,2024-06-11,0,ATL,BAL,@,BAL,BAL,ATL,https://www.baseball-reference.com/teams/ATL/2024-schedule-scores.shtml#all_team_schedule
BOS202406110,2024-06-11,0,BOS,PHI,,BOS,BOS,BOS,https://www.baseball-reference.com/teams/BOS/2024-schedule-scores.shtml#all_team_schedule
CIN202406110,2024-06-11,0,CIN,CLE,,CIN,CIN,CIN,https://www.baseball-reference.com/teams/CIN/2024-schedule-scores.shtml#all_team_schedule
DET202406110,2024-06-11,0,DET,WSN,,DET,DET,DET,https://www.baseball-reference.com/teams/DET/2024-schedule-scores.shtml#all_team_schedule
KCA202406110,2024-06-11,0,KCR,NYY,,KCR,KCA,KCR,https://www.baseball-reference.com/teams/KCR/2024-schedule-scores.shtml#all_team_schedule
LAN202406110,2024-06-11,0,LAD,TEX,,LAD,LAN,LAD,https://www.baseball-reference.com/teams/LAD/2024-schedule-scores.shtml#all_team_schedule
MIL202406110,2024-06-11,0,MIL,TOR,,MIL,MIL,MIL,https://www.baseball-reference.com/teams/MIL/2024-schedule-scores.shtml#all_team_schedule
MIN202406110,2024-06-11,0,COL,MIN,@,MIN,MIN,COL,https://www.baseball-reference.com/teams/COL/2024-schedule-scores.shtml#all_team_schedule
NYN202406110,2024-06-11,0,MIA,NYM,@,NYM,NYN,MIA,https://www.baseball-reference.com/teams/MIA/2024-schedule-scores.shtml#all_team_schedule
SDN202406110,2024-06-11,0,OAK,SDP,@,SDP,SDN,OAK,https://www.baseball-reference.com/teams/OAK/2024-schedule-scores.shtml#all_team_schedule
SEA202406110,2024-06-11,0,CHW,SEA,@,SEA,SEA,CHW,https://www.baseball-reference.com/teams/CHW/2024-schedule-scores.shtml#all_team_schedule
SFN202406110,2024-06-11,0,HOU,SFG,@,SFG,SFN,HOU,https://www.baseball-reference.com/teams/HOU/2024-schedule-scores.shtml#all_team_schedule
SLN202406110,2024-06-11,0,PIT,STL,@,STL,SLN,PIT,https://www.baseball-reference.com/teams/PIT/2024-schedule-scores.shtml#all_team_schedule
TBA202406110,2024-06-11,0,CHC,TBR,@,TBR,TBA,CHC,https://www.baseball-reference.com/teams/CHC/2024-schedule-scores.shtml#all_team_schedule
ARI202406120,2024-06-12,0,ARI,LAA,,ARI,ARI,ARI,https://www.baseball-reference.com/teams/ARI/2024-schedule-scores.shtml#all_team_schedule
BAL202406120,2024-06-12,0,ATL,BAL,@,BAL,BAL,ATL,https://www.baseball-reference.com/teams/ATL/2024-schedule-scores.shtml#all_team_schedule
BOS202406120,2024-06-12,0,BOS,PHI,,BOS,BOS,BOS,https://www.baseball-reference.com/teams/BOS/2024-schedule-scores.shtml#all_team_schedule
CIN202406120,2024-06-12,0,CIN,CLE,,CIN,CIN,CIN,https://www.baseball-reference.com/teams/CIN/2024-schedule-scores.shtml#all_team_schedule
DET202406120,2024-06-12,0,DET,WSN,,DET,DET,DET,https://www.baseball-reference.com/teams/DET/2024-schedule-scores.shtml#all_team_schedule
KCA202406120,2024-06-12,0,KCR,NYY,,KCR,KCA,KCR,https://www.baseball-reference.com/teams/KCR/2024-schedule-scores.shtml#all_team_schedule
LAN202406120,2024-06-12,0,LAD,TEX,,LAD,LAN,LAD,https://www.baseball-reference.com/teams/LAD/2024-schedule-scores.shtml#all_team_schedule
MIL202406120,2024-06-12,0,MIL,TOR,,MIL,MIL,MIL,https://www.baseball-reference.com/teams/MIL/2024-schedule-scores.shtml#all_team_schedule
MIN202406120,2024-06-12,0,COL,MIN,@,MIN,MIN,COL,https://www.baseball-reference.com/teams/COL/2024-schedule-scores.shtml#all_team_schedule
NYN202406120,2024-06-12,0,MIA,NYM,@,NYM,NYN,MIA,https://www.baseball-reference.com/teams/MIA/2024-schedule-scores.shtml#all_team_schedule
SDN202406120,2024-06-12,0,OAK,SDP,@,SDP,SDN,OAK,https://www.baseball-reference.com/teams/OAK/2024-schedule-scores.shtml#all_team_schedule
SEA202406120,2024-06-12,0,CHW,SEA,@,SEA,SEA,CHW,https://www.baseball-reference.com/teams/CHW/2024-schedule-scores.shtml#all_team_schedule
SFN202406120,2024-06-12,0,HOU,SFG,@,SFG,SFN,HOU,https://www.baseball-reference.com/teams/HOU/2024-schedule-scores.shtml#all_team_schedule
SLN202406120,2024-06-12,0,PIT,STL,@,STL,SLN,PIT,https://www.baseball-reference.com/teams/PIT/2024-schedule-scores.shtml#all_team_schedule
TBA202406120,2024-06-12,0,CHC,TBR,@,TBR,TBA,CHC,https://www.baseball-reference.com/teams/CHC/2024-schedule-scores.shtml#all_team_schedule
ARI202406130,2024-06-13,0,ARI,LAA,,ARI,ARI,ARI,https://www.baseball-reference.com/teams/ARI/2024-schedule-scores.shtml#all_team_schedule
BAL202406130,2024-06-13,0,ATL,BAL,@,BAL,BAL,ATL,https://www.baseball-reference.com/teams/ATL/2024-schedule-scores.shtml#all_team_schedule
BOS202406130,2024-06-13,0,BOS,PHI,,BOS,BOS,BOS,https://www.baseball-reference.com/teams/BOS/2024-schedule-scores.shtml#all_team_schedule
DET202406130,2024-06-13,0,DET,WSN,,DET,DET,DET,https://www.baseball-reference.com/teams/DET/2024-schedule-scores.shtml#all_team_schedule
KCA202406130,2024-06-13,0,KCR,NYY,,KCR,KCA,KCR,https://www.baseball-reference.com/teams/KCR/2024-schedule-scores.shtml#all_team_schedule
LAN202406130,2024-06-13,0,LAD,TEX,,LAD,LAN,LAD,https://www.baseball-reference.com/teams/LAD/2024-schedule-scores.shtml#all_team_schedule
MIN202406130,2024-06-13,0,MIN,OAK,,MIN,MIN,MIN,https://www.baseball-reference.com/teams/MIN/2024-schedule-scores.shtml#all_team_schedule
NYN202406130,2024-06-13,0,MIA,NYM,@,NYM,NYN,MIA,https://www.baseball-reference.com/teams/MIA/2024-schedule-scores.shtml#all_team_schedule
SEA202406130,2024-06-13,0,CHW,SEA,@,SEA,SEA,CHW,https://www.baseball-reference.com/teams/CHW/2024-schedule-scores.shtml#all_team_schedule
SLN202406130,2024-06-13,0,PIT,STL,@,STL,SLN,PIT,https://www.baseball-reference.com/teams/PIT/2024-schedule-scores.shtml#all_team_schedule
TBA202406130,2024-06-13,0,CHC,TBR,@,TBR,TBA,CHC,https://www.baseball-reference.com/teams/CHC/2024-schedule-scores.shtml#all_team_schedule
ARI202406140,2024-06-14,0,ARI,CHW,,ARI,ARI,ARI,https://www.baseball-reference.com/teams/ARI/2024-schedule-scores.shtml#all_team_schedule
ATL202406140,2024-06-14,0,ATL,TBR,,ATL,ATL,ATL,https://www.baseball-reference.com/teams/ATL/2024-schedule-scores.shtml#all_team_schedule
BAL202406140,2024-06-14,0,BAL,PHI,,BAL,BAL,BAL,https://www.baseball-reference.com/teams/BAL/2024-schedule-scores.shtml#all_team_schedule
BOS202406140,2024-06-14,0,BOS,NYY,,BOS,BOS,BOS,https://www.baseball-reference.com/teams/BOS/2024-schedule-scores.shtml#all_team_schedule
CHN202406140,2024-06-14,0,CHC,STL,,CHC,CHN,CHC,https://www.baseball-reference.com/teams/CHC/2024-schedule-scores.shtml#all_team_schedule
COL202406140,2024-06-14,0,COL,PIT,,COL,COL,COL,https://www.baseball-reference.com/teams/COL/2024-schedule-scores.shtml#all_team_schedule
HOU202406140,2024-06-14,0,DET,HOU,@,HOU,HOU,DET,https://www.baseball-reference.com/teams/DET/2024-schedule-scores.shtml#all_team_schedule
LAN202406140,2024-06-14,0,KCR,LAD,@,LAD,LAN,KCR,https://www.baseball-reference.com/teams/KCR/2024-schedule-scores.shtml#all_team_schedule
MIL202406140,2024-06-14,0,CIN,MIL,@,MIL,MIL,CIN,https://www.baseball-reference.com/teams/CIN/2024-schedule-scores.shtml#all_team_schedule
MIN202406140,2024-06-14,0,MIN,OAK,,MIN,MIN,MIN,https://www.baseball-reference.com/teams/MIN/2024-schedule-scores.shtml#all_team_schedule
NYN202406140,2024-06-14,0,NYM,SDP,,NYM,NYN,NYM,https://www.baseball-reference.com/teams/NYM/2024-schedule-scores.shtml#all_team_schedule
SEA202406140,2024-06-14,0,SEA,TEX,,SEA,SEA,SEA,https://www.baseball-reference.com/teams/SEA/2024-schedule-scores.shtml#all_team_schedule
SFN202406140,2024-06-14,0,LAA,SFG,@,SFG,SFN,LAA,https://www.baseball-reference.com/teams/LAA/2024-schedule-scores.shtml#all_team_schedule
TOR202406140,2024-06-14,0,CLE,TOR,@,TOR,TOR,CLE,https://www.baseball-reference.com/teams/CLE/2024-schedule-scores.shtml#all_team_schedule
WAS202406140,2024-06-14,0,MIA,WSN,@,WSN,WAS,MIA,https://www.baseball-reference.com/teams/MIA/2024-schedule-scores.shtml#all_team_schedule
ARI202406150,2024-06-15,0,ARI,CHW,,ARI,ARI,ARI,https://www.baseball-reference.com/teams/ARI/2024-schedule-scores.shtml#all_team_schedule
ATL202406150,2024-06-15,0,ATL,TBR,,ATL,ATL,ATL,https://www.baseball-reference.com/teams/ATL/2024-schedule-scores.shtml#all_team_schedule
BAL202406150,2024-06-15,0,BAL,PHI,,BAL,BAL,BAL,https://www.baseball-reference.com/teams/BAL/2024-schedule-scores.shtml#all_team_schedule
BOS202406150,2024-06-15,0,BOS,NYY,,BOS,BOS,BOS,https://www.baseball-reference.com/teams/BOS/2024-schedule-scores.shtml#all_team_schedule
CHN202406150,2024-06-15,0,CHC,STL,,CHC,CHN,CHC,https://www.baseball-reference.com/teams/CHC/2024-schedule-scores.shtml#all_team_schedule
COL202406150,2024-06-15,0,COL,PIT,,COL,COL,COL,https://www.baseball-reference.com/teams/COL/2024-schedule-scores.shtml#all_team_schedule
HOU202406150,2024-06-15,0,DET,HOU,@,HOU,HOU,DET,https://www.baseball-reference.com/teams/DET/2024-schedule-scores.shtml#all_team_schedule
LAN202406150,2024-06-15,0,KCR,LAD,@,LAD,LAN,KCR,https://www.baseball-reference.com/teams/KCR/2024-schedule-scores.shtml#all_team_schedule
MIL202406150,2024-06-15,0,CIN,MIL,@,MIL,MIL,CIN,https://www.baseball-reference.com/teams/CIN/2024-schedule-scores.shtml#all_team_schedule
NYN202406150,2024-06-15,0,NYM,SDP,,NYM,NYN,NYM,https://www.baseball-reference.com/teams/NYM/2024-schedule-scores.shtml#all_team_schedule
SEA202406150,2024-06-15,0,SEA,TEX,,SEA,SEA,SEA,https://www.baseball-reference.com/teams/SEA/2024-schedule-scores.shtml#all_team_schedule
SFN202406150,2024-06-15,0,LAA,SFG,@,SFG,SFN,LAA,https://www.baseball-reference.com/teams/LAA/2024-schedule-scores.shtml#all_team_schedule
TOR202406150,2024-06-15,0,CLE,TOR,@,TOR,TOR,CLE,https://www.baseball-reference.com/teams/CLE/2024-schedule-scores.shtml#all_team_schedule
WAS202406150,2024-06-15,0,MIA,WSN,@,WSN,WAS,MIA,https://www.baseball-reference.com/teams/MIA/2024-schedule-scores.shtml#all_team_schedule
ARI202406160,2024-06-16,0,ARI,CHW,,ARI,ARI,ARI,https://www.baseball-reference.com/teams/ARI/2024-schedule-scores.shtml#all_team_schedule
ATL202406160,2024-06-16,0,ATL,TBR,,ATL,ATL,ATL,https://www.baseball-reference.com/teams/ATL/2024-schedule-scores.shtml#all_team_schedule
BAL202406160,2024-06-16,0,BAL,PHI,,BAL,BAL,BAL,https://www.baseball-reference.com/teams/BAL/2024-schedule-scores.shtml#all_team_schedule
BOS202406160,2024-06-16,0,BOS,NYY,,BOS,BOS,BOS,https://www.baseball-reference.com/teams/BOS/2024-schedule-scores.shtml#all_team_schedule
CHN202406160,2024-06-16,0,CHC,STL,,CHC,CHN,CHC,https://www.baseball-reference.com/teams/CHC/2024-schedule-scores.shtml#all_team_schedule
COL202406160,2024-06-16,0,COL,PIT,,COL,COL,COL,https://www.baseball-reference.com/teams/COL/2024-schedule-scores.shtml#all_team_schedule
HOU202406160,2024-06-16,0,DET,HOU,@,HOU,HOU,DET,https://www.baseball-reference.com/teams/DET/2024-schedule-scores.shtml#all_team_schedule
LAN202406160,2024-06-16,0,KCR,LAD,@,LAD,LAN,KCR,https://www.baseball-reference.com/teams/KCR/2024-schedule-scores.shtml#all_team_schedule
MIL202406160,2024-06-16,0,CIN,MIL,@,MIL,MIL,CIN,https://www.baseball-reference.com/teams/CIN/2024-schedule-scores.shtml#all_team_schedule
MIN202406161,2024-06-16,1,MIN,OAK,,MIN,MIN,MIN,https://www.baseball-reference.com/teams/MIN/2024-schedule-scores.shtml#all_team_schedule
MIN202406162,2024-06-16,2,MIN,OAK,,MIN,MIN,MIN,https://www.baseball-reference.com/teams/MIN/2024-schedule-scores.shtml#all_team_schedule
NYN202406160,2024-06-16,0,NYM,SDP,,NYM,NYN,NYM,https://www.baseball-reference.com/teams/NYM/2024-schedule-scores.shtml#all_team_schedule
SEA202406160,2024-06-16,0,SEA,TEX,,SEA,SEA,SEA,https://www.baseball-reference.com/teams/SEA/2024-schedule-scores.shtml#all_team_schedule
SFN202406160,2024-06-16,0,LAA,SFG,@,SFG,SFN,LAA,https://www.baseball-reference.com/teams/LAA/2024-schedule-scores.shtml#all_team_schedule
TOR202406160,2024-06-16,0,CLE,TOR,@,TOR,TOR,CLE,https://www.baseball-reference.com/teams/CLE/2024-schedule-scores.shtml#all_team_schedule
WAS202406160,2024-06-16,0,MIA,WSN,@,WSN,WAS,MIA,https://www.baseball-reference.com/teams/MIA/2024-schedule-scores.shtml#all_team_schedule
ANA202406170,2024-06-17,0,LAA,MIL,,LAA,ANA,LAA,https://www.baseball-reference.com/teams/LAA/2024-schedule-scores.shtml#all_team_schedule
ATL202406170,2024-06-17,0,ATL,DET,,ATL,ATL,ATL,https://www.baseball-reference.com/teams/ATL/2024-schedule-scores.shtml#all_team_schedule
CHN202406170,2024-06-17,0,CHC,SFG,,CHC,CHN,CHC,https://www.baseball-reference.com/teams/CHC/2024-schedule-scores.shtml#all_team_schedule
COL202406170,2024-06-17,0,COL,LAD,,COL,COL,COL,https://www.baseball-reference.com/teams/COL/2024-schedule-scores.shtml#all_team_schedule
MIA202406170,2024-06-17,0,MIA,STL,,MIA,MIA,MIA,https://www.baseball-reference.com/teams/MIA/2024-schedule-scores.shtml#all_team_schedule
PHI202406170,2024-06-17,0,PHI,SDP,,PHI,PHI,PHI,https://www.baseball-reference.com/teams/PHI/2024-schedule-scores.shtml#all_team_schedule
PIT202406170,2024-06-17,0,CIN,PIT,@,PIT,PIT,CIN,https://www.baseball-reference.com/teams/CIN/2024-schedule-scores.shtml#all_team_schedule
TEX202406170,2024-06-17,0,NYM,TEX,@,TEX,TEX,NYM,https://www.baseball-reference.com/teams/NYM/2024-schedule-scores.shtml#all_team_schedule
TOR202406170,2024-06-17,0,BOS,TOR,@,TOR,TOR,BOS,https://www.baseball-reference.com/teams/BOS/2024-schedule-scores.shtml#all_team_schedule
ANA202406180,2024-06-18,0,LAA,MIL,,LAA,ANA,LAA,https://www.baseball-reference.com/teams/LAA/2024-schedule-scores.shtml#all_team_schedule
ATL202406180,2024-06-18,0,ATL,DET,,ATL,ATL,ATL,https://www.baseball-reference.com/teams/ATL/2024-schedule-scores.shtml#all_team_schedule
CHA202406180,2024-06-18,0,CHW,HOU,,CHW,CHA,CHW,https://www.baseball-reference.com/teams/CHW/2024-schedule-scores.shtml#all_team_schedule
CHN202406180,2024-06-18,0,CHC,SFG,,CHC,CHN,CHC,https://www.baseball-reference.com/teams/CHC/2024-schedule-scores.shtml#all_team_schedule
CLE202406180,2024-06-18,0,CLE,SEA,,CLE,CLE,CLE,https://www.baseball-reference.com/teams/CLE/2024-schedule-scores.shtml#all_team_schedule
COL202406180,2024-06-18,0,COL,LAD,,COL,COL,COL,https://www.baseball-reference.com/teams/COL/2024-schedule-scores.shtml#all_team_schedule
MIA202406180,2024-06-18,0,MIA,STL,,MIA,MIA,MIA,https://www.baseball-reference.com/teams/MIA/2024-schedule-scores.shtml#all_team_schedule
MIN202406180,2024-06-18,0,MIN,TBR,,MIN,MIN,MIN,https://www.baseball-reference.com/teams/MIN/2024-schedule-scores.shtml#all_team_schedule
NYA202406180,2024-06-18,0,BAL,NYY,@,NYY,NYA,BAL,https://www.baseball-reference.com/teams/BAL/2024-schedule-scores.shtml#all_team_schedule
OAK202406180,2024-06-18,0,KCR,OAK,@,OAK,OAK,KCR,https://www.baseball-reference.com/teams/KCR/2024-schedule-scores.shtml#all_team_schedule
PHI202406180,2024-06-18,0,PHI,SDP,,PHI,PHI,PHI,https://www.baseball-reference.com/teams/PHI/2024-schedule-scores.shtml#all_team_schedule
PIT202406180,2024-06-18,0,CIN,PIT,@,PIT,PIT,CIN,https://www.baseball-reference.com/teams/CIN/2024-schedule-scores.shtml#all_team_schedule
TEX202406180,2024-06-18,0,NYM,TEX,@,TEX,TEX,NYM,https://www.baseball-reference.com/teams/NYM/2024-schedule-scores.shtml#all_team_schedule
TOR202406180,2024-06-18,0,BOS,TOR,@,TOR,TOR,BOS,https://www.baseball-reference.com/teams/BOS/2024-schedule-scores.shtml#all_team_schedule
WAS202406180,2024-06-18,0,ARI,WSN,@,WSN,WAS,ARI,https://www.baseball-reference.com/teams/ARI/2024-schedule-scores.shtml#all_team_schedule
ANA202406190,2024-06-19,0,LAA,MIL,,LAA,ANA,LAA,https://www.baseball-reference.com/teams/LAA/2024-schedule-scores.shtml#all_team_schedule
ATL202406190,2024-06-19,0,ATL,DET,,ATL,ATL,ATL,https://www.baseball-reference.com/teams/ATL/2024-schedule-scores.shtml#all_team_schedule
CHA202406190,2024-06-19,0,CHW,HOU,,CHW,CHA,CHW,https://www.baseball-reference.com/teams/CHW/2024-schedule-scores.shtml#all_team_schedule
CHN202406190,2024-06-19,0,CHC,SFG,,CHC,CHN,CHC,https://www.baseball-reference.com/teams/CHC/2024-schedule-scores.shtml#all_team_schedule
CLE202406190,2024-06-19,0,CLE,SEA,,CLE,CLE,CLE,https://www.baseball-reference.com/teams/CLE/2024-schedule-scores.shtml#all_team_schedule
COL202406190,2024-06-19,0,COL,LAD,,COL,COL,COL,https://www.baseball-reference.com/teams/COL/2024-schedule-scores.shtml#all_team_schedule
MIA202406190,2024-06-19,0,MIA,STL,,MIA,MIA,MIA,https://www.baseball-reference.com/teams/MIA/2024-schedule-scores.shtml#all_team_schedule
MIN202406190,2024-06-19,0,MIN,TBR,,MIN,MIN,MIN,https://www.baseball-reference.com/teams/MIN/2024-schedule-scores.shtml#all_team_schedule
NYA202406190,2024-06-19,0,BAL,NYY,@,NYY,NYA,BAL,https://www.baseball-reference.com/teams/BAL/2024-schedule-scores.shtml#all_team_schedule
OAK202406190,2024-06-19,0,KCR,OAK,@,OAK,OAK,KCR,https://www.baseball-reference.com/teams/KCR/2024-schedule-scores.shtml#all_team_schedule
PHI202406190,2024-06-19,0,PHI,SDP,,PHI,PHI,PHI,https://www.baseball-reference.com/teams/PHI/2024-schedule-scores.shtml#all_team_schedule
PIT202406190,2024-06-19,0,CIN,PIT,@,PIT,PIT,CIN,https://www.baseball-reference.com/teams/CIN/2024-schedule-scores.shtml#all_team_schedule
TEX202406190,2024-06-19,0,NYM,TEX,@,TEX,TEX,NYM,https://www.baseball-reference.com/teams/NYM/2024-schedule-scores.shtml#all_team_schedule
TOR202406190,2024-06-19,0,BOS,TOR,@,TOR,TOR,BOS,https://www.baseball-reference.com/teams/BOS/2024-schedule-scores.shtml#all_team_schedule
WAS202406190,2024-06-19,0,ARI,WSN,@,WSN,WAS,ARI,https://www.baseball-reference.com/teams/ARI/2024-schedule-scores.shtml#all_team_schedule
CHA202406200,2024-06-20,0,CHW,HOU,,CHW,CHA,CHW,https://www.baseball-reference.com/teams/CHW/2024-schedule-scores.shtml#all_team_schedule
CLE202406200,2024-06-20,0,CLE,SEA,,CLE,CLE,CLE,https://www.baseball-reference.com/teams/CLE/2024-schedule-scores.shtml#all_team_schedule
COL202406200,2024-06-20,0,COL,LAD,,COL,COL,COL,https://www.baseball-reference.com/teams/COL/2024-schedule-scores.shtml#all_team_schedule
MIN202406200,2024-06-20,0,MIN,TBR,,MIN,MIN,MIN,https://www.baseball-reference.com/teams/MIN/2024-schedule-scores.shtml#all_team_schedule
NYA202406200,2024-06-20,0,BAL,NYY,@,NYY,NYA,BAL,https://www.baseball-reference.com/teams/BAL/2024-schedule-scores.shtml#all_team_schedule
OAK202406200,2024-06-20,0,KCR,OAK,@,OAK,OAK,KCR,https://www.baseball-reference.com/teams/KCR/2024-schedule-scores.shtml#all_team_schedule
SDN202406200,2024-06-20,0,MIL,SDP,@,SDP,SDN,MIL,https://www.baseball-reference.com/teams/MIL/2024-schedule-scores.shtml#all_team_schedule
SLN202406200,2024-06-20,0,SFG,STL,@,STL,SLN,SFG,https://www.baseball-reference.com/teams/SFG/2024-schedule-scores.shtml#all_team_schedule
WAS202406200,2024-06-20,0,ARI,WSN,@,WSN,WAS,ARI,https://www.baseball-reference.com/teams/ARI/2024-schedule-scores.shtml#all_team_schedule
CHN202406210,2024-06-21,0,CHC,NYM,,CHC,CHN,CHC,https://www.baseball-reference.com/teams/CHC/2024-schedule-scores.shtml#all_team_schedule
CIN202406210,2024-06-21,0,BOS,CIN,@,CIN,CIN,BOS,https://www.baseball-reference.com/teams/BOS/2024-schedule-scores.shtml#all_team_schedule
CLE202406210,2024-06-21,0,CLE,TOR,,CLE,CLE,CLE,https://www.baseball-reference.com/teams/CLE/2024-schedule-scores.shtml#all_team_schedule
COL202406210,2024-06-21,0,COL,WSN,,COL,COL,COL,https://www.baseball-reference.com/teams/COL/2024-schedule-scores.shtml#all_team_schedule
DET202406210,2024-06-21,0,CHW,DET,@,DET,DET,CHW,https://www.baseball-reference.com/teams/CHW/2024-schedule-scores.shtml#all_team_schedule
HOU202406210,2024-06-21,0,BAL,HOU,@,HOU,HOU,BAL,https://www.baseball-reference.com/teams/BAL/2024-schedule-scores.shtml#all_team_schedule
LAN202406210,2024-06-21,0,LAA,LAD,@,LAD,LAN,LAA,https://www.baseball-reference.com/teams/LAA/2024-schedule-scores.shtml#all_team_schedule
MIA202406210,2024-06-21,0,MIA,SEA,,MIA,MIA,MIA,https://www.baseball-reference.com/teams/MIA/2024-schedule-scores.shtml#all_team_schedule
NYA202406210,2024-06-21,0,ATL,NYY,@,NYY,NYA,ATL,https://www.baseball-reference.com/teams/ATL/2024-schedule-scores.shtml#all_team_schedule
OAK202406210,2024-06-21,0,MIN,OAK,@,OAK,OAK,MIN,https://www.baseball-reference.com/teams/MIN/2024-schedule-scores.shtml#all_team_schedule
PHI202406210,2024-06-21,0,ARI,PHI,@,PHI,PHI,ARI,https://www.baseball-reference.com/teams/ARI/2024-schedule-scores.shtml#all_team_schedule
PIT202406210,2024-06-21,0,PIT,TBR,,PIT,PIT,PIT,https://www.baseball-reference.com/teams/PIT/2024-schedule-scores.shtml#all_team_schedule
SDN202406210,2024-06-21,0,MIL,SDP,@,SDP,SDN,MIL,https://www.baseball-reference.com/teams/MIL/2024-schedule-scores.shtml#all_team_schedule
TEX202406210,2024-06-21,0,KCR,TEX,@,TEX,TEX,KCR,https://www.baseball-reference.com/teams/KCR/2024-schedule-scores.shtml#all_team_schedule
CHN202406220,2024-06-22,0,CHC,NYM,,CHC,CHN,CHC,https://www.baseball-reference.com/teams/CHC/2024-schedule-scores.shtml#all_team_schedule
CIN202406220,2024-06-22,0,BOS,CIN,@,CIN,CIN,BOS,https://www.baseball-reference.com/teams/BOS/2024-schedule-scores.shtml#all_team_schedule
CLE202406220,2024-06-22,0,CLE,TOR,,CLE,CLE,CLE,https://www.baseball-reference.com/teams/CLE/2024-schedule-scores.shtml#all_team_schedule
COL202406220,2024-06-22,0,COL,WSN,,COL,COL,COL,https://www.baseball-reference.com/teams/COL/2024-schedule-scores.shtml#all_team_schedule
DET202406220,2024-06-22,0,CHW,DET,@,DET,DET,CHW,https://www.baseball-reference.com/teams/CHW/2024-schedule-scores.shtml#all_team_schedule
HOU202406220,2024-06-22,0,BAL,HOU,@,HOU,HOU,BAL,https://www.baseball-reference.com/teams/BAL/2024-schedule-scores.shtml#all_team_schedule
LAN202406220,2024-06-22,0,LAA,LAD,@,LAD,LAN,LAA,https://www.baseball-reference.com/teams/LAA/2024-schedule-scores.shtml#all_team_schedule
MIA202406220,2024-06-22,0,MIA,SEA,,MIA,MIA,MIA,https://www.baseball-reference.com/teams/MIA/2024-schedule-scores.shtml#all_team_schedule
NYA202406220,2024-06-22,0,ATL,NYY,@,NYY,NYA,ATL,https://www.baseball-reference.com/teams/ATL/2024-schedule-scores.shtml#all_team_schedule
OAK202406220,2024-06-22,0,MIN,OAK,@,OAK,OAK,MIN,https://www.baseball-reference.com/teams/MIN/2024-schedule-scores.shtml#all_team_schedule
PHI202406220,2024-06-22,0,ARI,PHI,@,PHI,PHI,ARI,https://www.baseball-reference.com/teams/ARI/2024-schedule-scores.shtml#all_team_schedule
PIT202406220,2024-06-22,0,PIT,TBR,,PIT,PIT,PIT,https://www.baseball-reference.com/teams/PIT/2024-schedule-scores.shtml#all_team_schedule
SDN202406220,2024-06-22,0,MIL,SDP,@,SDP,SDN,MIL,https://www.baseball-reference.com/teams/MIL/2024-schedule-scores.shtml#all_team_schedule
SLN202406220,2024-06-22,0,SFG,STL,@,STL,SLN,SFG,https://www.baseball-reference.com/teams/SFG/2024-schedule-scores.shtml#all_team_schedule
TEX202406220,2024-06-22,0,KCR,TEX,@,TEX,TEX,KCR,https://www.baseball-reference.com/teams/KCR/2024-schedule-scores.shtml#all_team_schedule
CHN202406230,2024-06-23,0,CHC,NYM,,CHC,CHN,CHC,https://www.baseball-reference.com/teams/CHC/2024-schedule-scores.shtml#all_team_schedule
CIN202406230,2024-06-23,0,BOS,CIN,@,CIN,CIN,BOS,https://www.baseball-reference.com/teams/BOS/2024-schedule-scores.shtml#all_team_schedule
CLE202406230,2024-06-23,0,CLE,TOR,,CLE,CLE,CLE,https://www.baseball-reference.com/teams/CLE/2024-schedule-scores.shtml#all_team_schedule
COL202406230,2024-06-23,0,COL,WSN,,COL,COL,COL,https://www.baseball-reference.com/teams/COL/2024-schedule-scores.shtml#all_team_schedule
DET202406230,2024-06-23,0,CHW,DET,@,DET,DET,CHW,https://www.baseball-reference.com/teams/CHW/2024-schedule-scores.shtml#all_team_schedule
HOU202406230,2024-06-23,0,BAL,HOU,@,HOU,HOU,BAL,https://www.baseball-reference.com/teams/BAL/2024-schedule-scores.shtml#all_team_schedule
MIA202406230,2024-06-23,0,MIA,SEA,,MIA,MIA,MIA,https://www.baseball-reference.com/teams/MIA/2024-schedule-scores.shtml#all_team_schedule
NYA202406230,2024-06-23,0,ATL,NYY,@,NYY,NYA,ATL,https://www.baseball-reference.com/teams/ATL/2024-schedule-scores.shtml#all_team_schedule
OAK202406230,2024-06-23,0,MIN,OAK,@,OAK,OAK,MIN,https://www.baseball-reference.com/teams/MIN/2024-schedule-scores.shtml#all_team_schedule
PHI202406230,2024-06-23,0,ARI,PHI,@,PHI,PHI,ARI,https://www.baseball-reference.com/teams/ARI/2024-schedule-scores.shtml#all_team_schedule
PIT202406230,2024-06-23,0,PIT,TBR,,PIT,PIT,PIT,https://www.baseball-reference.com/teams/PIT/2024-schedule-scores.shtml#all_team_schedule
SDN202406230,2024-06-23,0,MIL,SDP,@,SDP,SDN,MIL,https://www.baseball-reference.com/teams/MIL/2024-schedule-scores.shtml#all_team_schedule
SLN202406230,2024-06-23,0,SFG,STL,@,STL,SLN,SFG,https://www.baseball-reference.com/teams/SFG/2024-schedule-scores.shtml#all_team_schedule
TEX202406230,2024-06-23,0,KCR,TEX,@,TEX,TEX,KCR,https://www.baseball-reference.com/teams/KCR/2024-schedule-scores.shtml#all_team_schedule
ANA202406240,2024-06-24,0,LAA,OAK,,LAA,ANA,LAA,https://www.baseball-reference.com/teams/LAA/2024-schedule-scores.shtml#all_team_schedule
BAL202406240,2024-06-24,0,BAL,CLE,,BAL,BAL,BAL,https://www.baseball-reference.com/teams/BAL/2024-schedule-scores.shtml#all_team_schedule
BOS202406240,2024-06-24,0,BOS,TOR,,BOS,BOS,BOS,https://www.baseball-reference.com/teams/BOS/2024-schedule-scores.shtml#all_team_schedule
CHA202406240,2024-06-24,0,CHW,LAD,,CHW,CHA,CHW,https://www.baseball-reference.com/teams/CHW/2024-schedule-scores.shtml#all_team_schedule
CIN202406240,2024-06-24,0,CIN,PIT,,CIN,CIN,CIN,https://www.baseball-reference.com/teams/CIN/2024-schedule-scores.shtml#all_team_schedule
DET202406240,2024-06-24,0,DET,PHI,,DET,DET,DET,https://www.baseball-reference.com/teams/DET/2024-schedule-scores.shtml#all_team_schedule
KCA202406240,2024-06-24,0,KCR,MIA,,KCR,KCA,KCR,https://www.baseball-reference.com/teams/KCR/2024-schedule-scores.shtml#all_team_schedule
MIL202406240,2024-06-24,0,MIL,TEX,,MIL,MIL,MIL,https://www.baseball-reference.com/teams/MIL/2024-schedule-scores.shtml#all_team_schedule
SDN202406240,2024-06-24,0,SDP,WSN,,SDP,SDN,SDP,https://www.baseball-reference.com/teams/SDP/2024-schedule-scores.shtml#all_team_schedule
SFN202406240,2024-06-24,0,CHC,SFG,@,SFG,SFN,CHC,https://www.baseball-reference.com/teams/CHC/2024-schedule-scores.shtml#all_team_schedule
SLN202406240,2024-06-24,0,ATL,STL,@,STL,SLN,ATL,https://www.baseball-reference.com/teams/ATL/2024-schedule-scores.shtml#all_team_schedule
TBA202406240,2024-06-24,0,SEA,TBR,@,TBR,TBA,SEA,https://www.baseball-reference.com/teams/SEA/2024-schedule-scores.shtml#all_team_schedule
ANA202406250,2024-06-25,0,LAA,OAK,,LAA,ANA,LAA,https://www.baseball-reference.com/teams/LAA/2024-schedule-scores.shtml#all_team_schedule
ARI202406250,2024-06-25,0,ARI,MIN,,ARI,ARI,ARI,https://www.baseball-reference.com/teams/ARI/2024-schedule-scores.shtml#all_team_schedule
BAL202406250,2024-06-25,0,BAL,CLE,,BAL,BAL,BAL,https://www.baseball-reference.com/teams/BAL/2024-schedule-scores.shtml#all_team_schedule
BOS202406250,2024-06-25,0,BOS,TOR,,BOS,BOS,BOS,https://www.baseball-reference.com/teams/BOS/2024-schedule-scores.shtml#all_team_schedule
CHA202406250,2024-06-25,0,CHW,LAD,,CHW,CHA,CHW,https://www.baseball-reference.com/teams/CHW/2024-schedule-scores.shtml#all_team_schedule
CIN202406250,2024-06-25,0,CIN,PIT,,CIN,CIN,CIN,https://www.baseball-reference.com/teams/CIN/2024-schedule-scores.shtml#all_team_schedule
DET202406250,2024-06-25,0,DET,PHI,,DET,DET,DET,https://www.baseball-reference.com/teams/DET/2024-schedule-scores.shtml#all_team_schedule
HOU202406250,2024-06-25,0,COL,HOU,@,HOU,HOU,COL,https://www.baseball-reference.com/teams/COL/2024-schedule-scores.shtml#all_team_schedule
KCA202406250,2024-06-25,0,KCR,MIA,,KCR,KCA,KCR,https://www.baseball-reference.com/teams/KCR/2024-schedule-scores.shtml#all_team_schedule
MIL202406250,2024-06-25,0,MIL,TEX,,MIL,MIL,MIL,https://www.baseball-reference.com/teams/MIL/2024-schedule-scores.shtml#all_team_schedule
NYN202406250,2024-06-25,0,NYM,NYY,,NYM,NYN,NYM,https://www.baseball-reference.com/teams/NYM/2024-schedule-scores.shtml#all_team_schedule
SDN202406250,2024-06-25,0,SDP,WSN,,SDP,SDN,SDP,https://www.baseball-reference.com/teams/SDP/2024-schedule-scores.shtml#all_team_schedule
SFN202406250,2024-06-25,0,CHC,SFG,@,SFG,SFN,CHC,https://www.baseball-reference.com/teams/CHC/2024-schedule-scores.shtml#all_team_schedule
TBA202406250,2024-06-25,0,SEA,TBR,@,TBR,TBA,SEA,https://www.baseball-reference.com/teams/SEA/2024-schedule-scores.shtml#all_team_schedule
ANA202406260,2024-06-26,0,LAA,OAK,,LAA,ANA,LAA,https://www.baseball-reference.com/teams/LAA/2024-schedule-scores.shtml#all_team_schedule
ARI202406260,2024-06-26,0,ARI,MIN,,ARI,ARI,ARI,https://www.baseball-reference.com/teams/ARI/2024-schedule-scores.shtml#all_team_schedule
BAL202406260,2024-06-26,0,BAL,CLE,,BAL,BAL,BAL,https://www.baseball-reference.com/teams/BAL/2024-schedule-scores.shtml#all_team_schedule
BOS202406260,2024-06-26,0,BOS,TOR,,BOS,BOS,BOS,https://www.baseball-reference.com/teams/BOS/2024-schedule-scores.shtml#all_team_schedule
CHA202406260,2024-06-26,0,CHW,LAD,,CHW,CHA,CHW,https://www.baseball-reference.com/teams/CHW/2024-schedule-scores.shtml#all_team_schedule
CIN202406260,2024-06-26,0,CIN,PIT,,CIN,CIN,CIN,https://www.baseball-reference.com/teams/CIN/2024-schedule-scores.shtml#all_team_schedule
DET202406260,2024-06-26,0,DET,PHI,,DET,DET,DET,https://www.baseball-reference.com/teams/DET/2024-schedule-scores.shtml#all_team_schedule
HOU202406260,2024-06-26,0,COL,HOU,@,HOU,HOU,COL,https://www.baseball-reference.com/teams/COL/2024-schedule-scores.shtml#all_team_schedule
KCA202406260,2024-06-26,0,KCR,MIA,,KCR,KCA,KCR,https://www.baseball-reference.com/teams/KCR/2024-schedule-scores.shtml#all_team_schedule
MIL202406260,2024-06-26,0,MIL,TEX,,MIL,MIL,MIL,https://www.baseball-reference.com/teams/MIL/2024-schedule-scores.shtml#all_team_schedule
NYN202406260,2024-06-26,0,NYM,NYY,,NYM,NYN,NYM,https://www.baseball-reference.com/teams/NYM/2024-schedule-scores.shtml#all_team_schedule
SDN202406260,2024-06-26,0,SDP,WSN,,SDP,SDN,SDP,https://www.baseball-reference.com/teams/SDP/2024-schedule-scores.shtml#all_team_schedule
SFN202406260,2024-06-26,0,CHC,SFG,@,SFG,SFN,CHC,https://www.baseball-reference.com/teams/CHC/2024-schedule-scores.shtml#all_team_schedule
SLN202406261,2024-06-26,1,ATL,STL,@,STL,SLN,ATL,https://www.baseball-reference.com/teams/ATL/2024-schedule-scores.shtml#all_team_schedule
SLN202406262,2024-06-26,2,ATL,STL,@,STL,SLN,ATL,https://www.baseball-reference.com/teams/ATL/2024-schedule-scores.shtml#all_team_schedule
TBA202406260,2024-06-26,0,SEA,TBR,@,TBR,TBA,SEA,https://www.baseball-reference.com/teams/SEA/2024-schedule-scores.shtml#all_team_schedule
ANA202406270,2024-06-27,0,DET,LAA,@,LAA,ANA,DET,https://www.baseball-reference.com/teams/DET/2024-schedule-scores.shtml#all_team_schedule
ARI202406270,2024-06-27,0,ARI,MIN,,ARI,ARI,ARI,https://www.baseball-reference.com/teams/ARI/2024-schedule-scores.shtml#all_team_schedule
BAL202406270,2024-06-27,0,BAL,TEX,,BAL,BAL,BAL,https://www.baseball-reference.com/teams/BAL/2024-schedule-scores.shtml#all_team_schedule
CHA202406270,2024-06-27,0,ATL,CHW,@,CHW,CHA,ATL,https://www.baseball-reference.com/teams/ATL/2024-schedule-scores.shtml#all_team_schedule
KCA202406270,2024-06-27,0,CLE,KCR,@,KCR,KCA,CLE,https://www.baseball-reference.com/teams/CLE/2024-schedule-scores.shtml#all_team_schedule
PHI202406270,2024-06-27,0,MIA,PHI,@,PHI,PHI,MIA,https://www.baseball-reference.com/teams/MIA/2024-schedule-scores.shtml#all_team_schedule
SFN202406270,2024-06-27,0,CHC,SFG,@,SFG,SFN,CHC,https://www.baseball-reference.com/teams/CHC/2024-schedule-scores.shtml#all_team_schedule
SLN202406270,2024-06-27,0,CIN,STL,@,STL,SLN,CIN,https://www.baseball-reference.com/teams/CIN/2024-schedule-scores.shtml#all_team_schedule
TOR202406270,2024-06-27,0,NYY,TOR,@,TOR,TOR,NYY,https://www.baseball-reference.com/teams/NYY/2024-schedule-scores.shtml#all_team_schedule
ANA202406280,2024-06-28,0,DET,LAA,@,LAA,ANA,DET,https://www.baseball-reference.com/teams/DET/2024-schedule-scores.shtml#all_team_schedule
ARI202406280,2024-06-28,0,ARI,OAK,,ARI,ARI,ARI,https://www.baseball-reference.com/teams/ARI/2024-schedule-scores.shtml#all_team_schedule
ATL202406280,2024-06-28,0,ATL,PIT,,ATL,ATL,ATL,https://www.baseball-reference.com/teams/ATL/2024-schedule-scores.shtml#all_team_schedule
BAL202406280,2024-06-28,0,BAL,TEX,,BAL,BAL,BAL,https://www.baseball-reference.com/teams/BAL/2024-schedule-scores.shtml#all_team_schedule
BOS202406280,2024-06-28,0,BOS,SDP,,BOS,BOS,BOS,https://www.baseball-reference.com/teams/BOS/2024-schedule-scores.shtml#all_team_schedule
CHA202406280,2024-06-28,0,CHW,COL,,CHW,CHA,CHW,https://www.baseball-reference.com/teams/CHW/2024-schedule-scores.shtml#all_team_schedule
KCA202406280,2024-06-28,0,CLE,KCR,@,KCR,KCA,CLE,https://www.baseball-reference.com/teams/CLE/2024-schedule-scores.shtml#all_team_schedule
MIL202406280,2024-06-28,0,CHC,MIL,@,MIL,MIL,CHC,https://www.baseball-reference.com/teams/CHC/2024-schedule-scores.shtml#all_team_schedule
NYN202406280,2024-06-28,0,HOU,NYM,@,NYM,NYN,HOU,https://www.baseball-reference.com/teams/HOU/2024-schedule-scores.shtml#all_team_schedule
PHI202406280,2024-06-28,0,MIA,PHI,@,PHI,PHI,MIA,https://www.baseball-reference.com/teams/MIA/2024-schedule-scores.shtml#all_team_schedule
SEA202406280,2024-06-28,0,MIN,SEA,@,SEA,SEA,MIN,https://www.baseball-reference.com/teams/MIN/2024-schedule-scores.shtml#all_team_schedule
SFN202406280,2024-06-28,0,LAD,SFG,@,SFG,SFN,LAD,https://www.baseball-reference.com/teams/LAD/2024-schedule-scores.shtml#all_team_schedule
SLN202406280,2024-06-28,0,CIN,STL,@,STL,SLN,CIN,https://www.baseball-reference.com/teams/CIN/2024-schedule-scores.shtml#all_team_schedule
TBA202406280,2024-06-28,0,TBR,WSN,,TBR,TBA,TBR,https://www.baseball-reference.com/teams/TBR/2024-schedule-scores.shtml#all_team_schedule
TOR202406280,2024-06-28,0,NYY,TOR,@,TOR,TOR,NYY,https://www.baseball-reference.com/teams/NYY/2024-schedule-scores.shtml#all_team_schedule
ANA202406290,2024-06-29,0,DET,LAA,@,LAA,ANA,DET,https://www.baseball-reference.com/teams/DET/2024-schedule-scores.shtml#all_team_schedule
ARI202406290,2024-06-29,0,ARI,OAK,,ARI,ARI,ARI,https://www.baseball-reference.com/teams/ARI/2024-schedule-scores.shtml#all_team_schedule
ATL202406290,2024-06-29,0,ATL,PIT,,ATL,ATL,ATL,https://www.baseball-reference.com/teams/ATL/2024-schedule-scores.shtml#all_team_schedule
BAL202406290,2024-06-29,0,BAL,TEX,,BAL,BAL,BAL,https://www.baseball-reference.com/teams/BAL/2024-schedule-scores.shtml#all_team_schedule
BOS202406290,2024-06-29,0,BOS,SDP,,BOS,BOS,BOS,https://www.baseball-reference.com/teams/BOS/2024-schedule-scores.shtml#all_team_schedule
CHA202406290,2024-06-29,0,CHW,COL,,CHW,CHA,CHW,https://www.baseball-reference.com/teams/CHW/2024-schedule-scores.shtml#all_team_schedule
KCA202406290,2024-06-29,0,CLE,KCR,@,KCR,KCA,CLE,https://www.baseball-reference.com/teams/CLE/2024-schedule-scores.shtml#all_team_schedule
MIL202406290,2024-06-29,0,CHC,MIL,@,MIL,MIL,CHC,https://www.baseball-reference.com/teams/CHC/2024-schedule-scores.shtml#all_team_schedule
NYN202406290,2024-06-29,0,HOU,NYM,@,NYM,NYN,HOU,https://www.baseball-reference.com/teams/HOU/2024-schedule-scores.shtml#all_team_schedule
PHI202406290,2024-06-29,0,MIA,PHI,@,PHI,PHI,MIA,https://www.baseball-reference.com/teams/MIA/2024-schedule-scores.shtml#all_team_schedule
SEA202406290,2024-06-29,0,MIN,SEA,@,SEA,SEA,MIN,https://www.baseball-reference.com/teams/MIN/2024-schedule-scores.shtml#all_team_schedule
SFN202406290,2024-06-29,0,LAD,SFG,@,SFG,SFN,LAD,https://www.baseball-reference.com/teams/LAD/2024-schedule-scores.shtml#all_team_schedule
SLN202406290,2024-06-29,0,CIN,STL,@,STL,SLN,CIN,https://www.baseball-reference.com/teams/CIN/2024-schedule-scores.shtml#all_team_schedule
TBA202406290,2024-06-29,0,TBR,WSN,,TBR,TBA,TBR,https://www.baseball-reference.com/teams/TBR/2024-schedule-scores.shtml#all_team_schedule
TOR202406290,2024-06-29,0,NYY,TOR,@,TOR,TOR,NYY,https://www.baseball-reference.com/teams/NYY/2024-schedule-scores.shtml#all_team_schedule
ANA202406300,2024-06-30,0,DET,LAA,@,LAA,ANA,DET,https://www.baseball-reference.com/teams/DET/2024-schedule-scores.shtml#all_team_schedule
ARI202406300,2024-06-30,0,ARI,OAK,,ARI,ARI,ARI,https://www.baseball-reference.com/teams/ARI/2024-schedule-scores.shtml#all_team_schedule
ATL202406300,2024-06-30,0,ATL,PIT,,ATL,ATL,ATL,https://www.baseball-reference.com/teams/ATL/2024-schedule-scores.shtml#all_team_schedule
BAL202406300,2024-06-30,0,BAL,TEX,,BAL,BAL,BAL,https://www.baseball-reference.com/teams/BAL/2024-schedule-scores.shtml#all_team_schedule
BOS202406300,2024-06-30,0,BOS,SDP,,BOS,BOS,BOS,https://www.baseball-reference.com/teams/BOS/2024-schedule-scores.shtml#all_team_schedule
CHA202406300,2024-06-30,0,CHW,COL,,CHW,CHA,CHW,https://www.baseball-reference.com/teams/CHW/2024-schedule-scores.shtml#all_team_schedule
KCA202406300,2024-06-30,0,CLE,KCR,@,KCR,KCA,CLE,https://www.baseball-reference.com/teams/CLE/2024-schedule-scores.shtml#all_team_schedule
MIL202406300,2024-06-30,0,CHC,MIL,@,MIL,MIL,CHC,https://www.baseball-reference.com/teams/CHC/2024-schedule-scores.shtml#all_team_schedule
NYN202406300,2024-06-30,0,HOU,NYM,@,NYM,NYN,HOU,https://www.baseball-reference.com/teams/HOU/2024-schedule-scores.shtml#all_team_schedule
PHI202406300,2024-06-30,0,MIA,PHI,@,PHI,PHI,MIA,https://www.baseball-reference.com/teams/MIA/2024-schedule-scores.shtml#all_team_schedule
SEA202406300,2024-06-30,0,MIN,SEA,@,SEA,SEA,MIN,https://www.baseball-reference.com/teams/MIN/2024-schedule-scores.shtml#all_team_schedule
SFN202406300,2024-06-30,0,LAD,SFG,@,SFG,SFN,LAD,https://www.baseball-reference.com/teams/LAD/2024-schedule-scores.shtml#all_team_schedule
SLN202406300,2024-06-30,0,CIN,STL,@,STL,SLN,CIN,https://www.baseball-reference.com/teams/CIN/2024-schedule-scores.shtml#all_team_schedule
TBA202406300,2024-06-30,0,TBR,WSN,,TBR,TBA,TBR,https://www.baseball-reference.com/teams/TBR/2024-schedule-scores.shtml#all_team_schedule
TOR202406300,2024-06-30,0,NYY,TOR,@,TOR,TOR,NYY,https://www.baseball-reference.com/teams/NYY/2024-schedule-scores.shtml#all_team_schedule
COL202407010,2024-07-01,0,COL,MIL,,COL,COL,COL,https://www.baseball-reference.com/teams/COL/2024-schedule-scores.shtml#all_team_schedule
TOR202407010,2024-07-01,0,HOU,TOR,@,TOR,TOR,HOU,https://www.baseball-reference.com/teams/HOU/2024-schedule-scores.shtml#all_team_schedule
WAS202407010,2024-07-01,0,NYM,WSN,@,WSN,WAS,NYM,https://www.baseball-reference.com/teams/NYM/2024-schedule-scores.shtml#all_team_schedule
ATL202407020,2024-07-02,0,ATL,SFG,,ATL,ATL,ATL,https://www.baseball-reference.com/teams/ATL/2024-schedule-scores.shtml#all_team_schedule
CHN202407020,2024-07-02,0,CHC,PHI,,CHC,CHN,CHC,https://www.baseball-reference.com/teams/CHC/2024-schedule-scores.shtml#all_team_schedule
CLE202407020,2024-07-02,0,CHW,CLE,@,CLE,CLE,CHW,https://www.baseball-reference.com/teams/CHW/2024-schedule-scores.shtml#all_team_schedule
COL202407020,2024-07-02,0,COL,MIL,,COL,COL,COL,https://www.baseball-reference.com/teams/COL/2024-schedule-scores.shtml#all_team_schedule
KCA202407020,2024-07-02,0,KCR,TBR,,KCR,KCA,KCR,https://www.baseball-reference.com/teams/KCR/2024-schedule-scores.shtml#all_team_schedule
LAN202407020,2024-07-02,0,ARI,LAD,@,LAD,LAN,ARI,https://www.baseball-reference.com/teams/ARI/2024-schedule-scores.shtml#all_team_schedule
MIA202407020,2024-07-02,0,BOS,MIA,@,MIA,MIA,BOS,https://www.baseball-reference.com/teams/BOS/2024-schedule-scores.shtml#all_team_schedule
MIN202407020,2024-07-02,0,DET,MIN,@,MIN,MIN,DET,https://www.baseball-reference.com/teams/DET/2024-schedule-scores.shtml#all_team_schedule
NYA202407020,2024-07-02,0,CIN,NYY,@,NYY,NYA,CIN,https://www.baseball-reference.com/teams/CIN/2024-schedule-scores.shtml#all_team_schedule
OAK202407020,2024-07-02,0,LAA,OAK,@,OAK,OAK,LAA,https://www.baseball-reference.com/teams/LAA/2024-schedule-scores.shtml#all_team_schedule
PIT202407020,2024-07-02,0,PIT,STL,,PIT,PIT,PIT,https://www.baseball-reference.com/teams/PIT/2024-schedule-scores.shtml#all_team_schedule
SEA202407020,2024-07-02,0,BAL,SEA,@,SEA,SEA,BAL,https://www.baseball-reference.com/teams/BAL/2024-schedule-scores.shtml#all_team_schedule
TEX202407020,2024-07-02,0,SDP,TEX,@,TEX,TEX,SDP,https://www.baseball-reference.com/teams/SDP/2024-schedule-scores.shtml#all_team_schedule
TOR202407020,2024-07-02,0,HOU,TOR,@,TOR,TOR,HOU,https://www.baseball-reference.com/teams/HOU/2024-schedule-scores.shtml#all_team_schedule
WAS202407020,2024-07-02,0,NYM,WSN,@,WSN,WAS,NYM,https://www.baseball-reference.com/teams/NYM/2024-schedule-scores.shtml#all_team_schedule
ATL202407030,2024-07-03,0,ATL,SFG,,ATL,ATL,ATL,https://www.baseball-reference.com/teams/ATL/2024-schedule-scores.shtml#all_team_schedule
CHN202407030,2024-07-03,0,CHC,PHI,,CHC,CHN,CHC,https://www.baseball-reference.com/teams/CHC/2024-schedule-scores.shtml#all_team_schedule
CLE202407030,2024-07-03,0,CHW,CLE,@,CLE,CLE,CHW,https://www.baseball-reference.com/teams/CHW/2024-schedule-scores.shtml#all_team_schedule
COL202407030,2024-07-03,0,COL,MIL,,COL,COL,COL,https://www.baseball-reference.com/teams/COL/2024-schedule-scores.shtml#all_team_schedule
KCA202407030,2024-07-03,0,KCR,TBR,,KCR,KCA,KCR,https://www.baseball-reference.com/teams/KCR/2024-schedule-scores.shtml#all_team_schedule
LAN202407030,2024-07-03,0,ARI,LAD,@,LAD,LAN,ARI,https://www.baseball-reference.com/teams/ARI/2024-schedule-scores.shtml#all_team_schedule
MIA202407030,2024-07-03,0,BOS,MIA,@,MIA,MIA,BOS,https://www.baseball-reference.com/teams/BOS/2024-schedule-scores.shtml#all_team_schedule
MIN202407030,2024-07-03,0,DET,MIN,@,MIN,MIN,DET,https://www.baseball-reference.com/teams/DET/2024-schedule-scores.shtml#all_team_schedule
NYA202407030,2024-07-03,0,CIN,NYY,@,NYY,NYA,CIN,https://www.baseball-reference.com/teams/CIN/2024-schedule-scores.shtml#all_team_schedule
OAK202407030,2024-07-03,0,LAA,OAK,@,OAK,OAK,LAA,https://www.baseball-reference.com/teams/LAA/2024-schedule-scores.shtml#all_team_schedule
PIT202407030,2024-07-03,0,PIT,STL,,PIT,PIT,PIT,https://www.baseball-reference.com/teams/PIT/2024-schedule-scores.shtml#all_team_schedule
SEA202407030,2024-07-03,0,BAL,SEA,@,SEA,SEA,BAL,https://www.baseball-reference.com/teams/BAL/2024-schedule-scores.shtml#all_team_schedule
TEX202407030,2024-07-03,0,SDP,TEX,@,TEX,TEX,SDP,https://www.baseball-reference.com/teams/SDP/2024-schedule-scores.shtml#all_team_schedule
TOR202407030,2024-07-03,0,HOU,TOR,@,TOR,TOR,HOU,https://www.baseball-reference.com/teams/HOU/2024-schedule-scores.shtml#all_team_schedule
WAS202407030,2024-07-03,0,NYM,WSN,@,WSN,WAS,NYM,https://www.baseball-reference.com/teams/NYM/2024-schedule-scores.shtml#all_team_schedule
ATL202407040,2024-07-04,0,ATL,SFG,,ATL,ATL,ATL,https://www.baseball-reference.com/teams/ATL/2024-schedule-scores.shtml#all_team_schedule
CHN202407040,2024-07-04,0,CHC,PHI,,CHC,CHN,CHC,https://www.baseball-reference.com/teams/CHC/2024-schedule-scores.shtml#all_team_schedule
CLE202407040,2024-07-04,0,CHW,CLE,@,CLE,CLE,CHW,https://www.baseball-reference.com/teams/CHW/2024-schedule-scores.shtml#all_team_schedule
COL202407040,2024-07-04,0,COL,MIL,,COL,COL,COL,https://www.baseball-reference.com/teams/COL/2024-schedule-scores.shtml#all_team_schedule
KCA202407040,2024-07-04,0,KCR,TBR,,KCR,KCA,KCR,https://www.baseball-reference.com/teams/KCR/2024-schedule-scores.shtml#all_team_schedule
LAN202407040,2024-07-04,0,ARI,LAD,@,LAD,LAN,ARI,https://www.baseball-reference.com/teams/ARI/2024-schedule-scores.shtml#all_team_schedule
MIA202407040,2024-07-04,0,BOS,MIA,@,MIA,MIA,BOS,https://www.baseball-reference.com/teams/BOS/2024-schedule-scores.shtml#all_team_schedule
MIN202407040,2024-07-04,0,DET,MIN,@,MIN,MIN,DET,https://www.baseball-reference.com/teams/DET/2024-schedule-scores.shtml#all_team_schedule
NYA202407040,2024-07-04,0,CIN,NYY,@,NYY,NYA,CIN,https://www.baseball-reference.com/teams/CIN/2024-schedule-scores.shtml#all_team_schedule
OAK202407040,2024-07-04,0,LAA,OAK,@,OAK,OAK,LAA,https://www.baseball-reference.com/teams/LAA/2024-schedule-scores.shtml#all_team_schedule
PIT202407040,2024-07-04,0,PIT,STL,,PIT,PIT,PIT,https://www.baseball-reference.com/teams/PIT/2024-schedule-scores.shtml#all_team_schedule
SEA202407040,2024-07-04,0,BAL,SEA,@,SEA,SEA,BAL,https://www.baseball-reference.com/teams/BAL/2024-schedule-scores.shtml#all_team_schedule
TEX202407040,2024-07-04,0,SDP,TEX,@,TEX,TEX,SDP,https://www.baseball-reference.com/teams/SDP/2024-schedule-scores.shtml#all_team_schedule
TOR202407040,2024-07-04,0,HOU,TOR,@,TOR,TOR,HOU,https://www.baseball-reference.com/teams/HOU/2024-schedule-scores.shtml#all_team_schedule
WAS202407040,2024-07-04,0,NYM,WSN,@,WSN,WAS,NYM,https://www.baseball-reference.com/teams/NYM/2024-schedule-scores.shtml#all_team_schedule
ATL202407050,2024-07-05,0,ATL,PHI,,ATL,ATL,ATL,https://www.baseball-reference.com/teams/ATL/2024-schedule-scores.shtml#all_team_schedule
CHN202407050,2024-07-05,0,CHC,LAA,,CHC,CHN,CHC,https://www.baseball-reference.com/teams/CHC/2024-schedule-scores.shtml#all_team_schedule
CIN202407050,2024-07-05,0,CIN,DET,,CIN,CIN,CIN,https://www.baseball-reference.com/teams/CIN/2024-schedule-scores.shtml#all_team_schedule
CLE202407050,2024-07-05,0,CLE,SFG,,CLE,CLE,CLE,https://www.baseball-reference.com/teams/CLE/2024-schedule-scores.shtml#all_team_schedule
COL202407050,2024-07-05,0,COL,KCR,,COL,COL,COL,https://www.baseball-reference.com/teams/COL/2024-schedule-scores.shtml#all_team_schedule
LAN202407050,2024-07-05,0,LAD,MIL,,LAD,LAN,LAD,https://www.baseball-reference.com/teams/LAD/2024-schedule-scores.shtml#all_team_schedule
MIA202407050,2024-07-05,0,CHW,MIA,@,MIA,MIA,CHW,https://www.baseball-reference.com/teams/CHW/2024-schedule-scores.shtml#all_team_schedule
MIN202407050,2024-07-05,0,HOU,MIN,@,MIN,MIN,HOU,https://www.baseball-reference.com/teams/HOU/2024-schedule-scores.shtml#all_team_schedule
NYA202407050,2024-07-05,0,BOS,NYY,@,NYY,NYA,BOS,https://www.baseball-reference.com/teams/BOS/2024-schedule-scores.shtml#all_team_schedule
OAK202407050,2024-07-05,0,BAL,OAK,@,OAK,OAK,BAL,https://www.baseball-reference.com/teams/BAL/2024-schedule-scores.shtml#all_team_schedule
PIT202407050,2024-07-05,0,NYM,PIT,@,PIT,PIT,NYM,https://www.baseball-reference.com/teams/NYM/2024-schedule-scores.shtml#all_team_schedule
SDN202407050,2024-07-05,0,ARI,SDP,@,SDP,SDN,ARI,https://www.baseball-reference.com/teams/ARI/2024-schedule-scores.shtml#all_team_schedule
SEA202407050,2024-07-05,0,SEA,TOR,,SEA,SEA,SEA,https://www.baseball-reference.com/teams/SEA/2024-schedule-scores.shtml#all_team_schedule
TEX202407050,2024-07-05,0,TBR,TEX,@,TEX,TEX,TBR,https://www.baseball-reference.com/teams/TBR/2024-schedule-scores.shtml#all_team_schedule
WAS202407050,2024-07-05,0,STL,WSN,@,WSN,WAS,STL,https://www.baseball-reference.com/teams/STL/2024-schedule-scores.shtml#all_team_schedule
ATL202407060,2024-07-06,0,ATL,PHI,,ATL,ATL,ATL,https://www.baseball-reference.com/teams/ATL/2024-schedule-scores.shtml#all_team_schedule
CHN202407060,2024-07-06,0,CHC,LAA,,CHC,CHN,CHC,https://www.baseball-reference.com/teams/CHC/2024-schedule-scores.shtml#all_team_schedule
CIN202407060,2024-07-06,0,CIN,DET,,CIN,CIN,CIN,https://www.baseball-reference.com/teams/CIN/2024-schedule-scores.shtml#all_team_schedule
CLE202407060,2024-07-06,0,CLE,SFG,,CLE,CLE,CLE,https://www.baseball-reference.com/teams/CLE/2024-schedule-scores.shtml#all_team_schedule
COL202407060,2024-07-06,0,COL,KCR,,COL,COL,COL,https://www.baseball-reference.com/teams/COL/2024-schedule-scores.shtml#all_team_schedule
LAN202407060,2024-07-06,0,LAD,MIL,,LAD,LAN,LAD,https://www.baseball-reference.com/teams/LAD/2024-schedule-scores.shtml#all_team_schedule
MIA202407060,2024-07-06,0,CHW,MIA,@,MIA,MIA,CHW,https://www.baseball-reference.com/teams/CHW/2024-schedule-scores.shtml#all_team_schedule
MIN202407060,2024-07-06,0,HOU,MIN,@,MIN,MIN,HOU,https://www.baseball-reference.com/teams/HOU/2024-schedule-scores.shtml#all_team_schedule
NYA202407060,2024-07-06,0,BOS,NYY,@,NYY,NYA,BOS,https://www.baseball-reference.com/teams/BOS/2024-schedule-scores.shtml#all_team_schedule
OAK202407060,2024-07-06,0,BAL,OAK,@,OAK,OAK,BAL,https://www.baseball-reference.com/teams/BAL/2024-schedule-scores.shtml#all_team_schedule
PIT202407060,2024-07-06,0,NYM,PIT,@,PIT,PIT,NYM,https://www.baseball-reference.com/teams/NYM/2024-schedule-scores.shtml#all_team_schedule
SDN202407060,2024-07-06,0,ARI,SDP,@,SDP,SDN,ARI,https://www.baseball-reference.com/teams/ARI/2024-schedule-scores.shtml#all_team_schedule
SEA202407060,2024-07-06,0,SEA,TOR,,SEA,SEA,SEA,https://www.baseball-reference.com/teams/SEA/2024-schedule-scores.shtml#all_team_schedule
TEX202407060,2024-07-06,0,TBR,TEX,@,TEX,TEX,TBR,https://www.baseball-reference.com/teams/TBR/2024-schedule-scores.shtml#all_team_schedule
WAS202407060,2024-07-06,0,STL,WSN,@,WSN,WAS,STL,https://www.baseball-reference.com/teams/STL/2024-schedule-scores.shtml#all_team_schedule
ATL202407070,2024-07-07,0,ATL,PHI,,ATL,ATL,ATL,https://www.baseball-reference.com/teams/ATL/2024-schedule-scores.shtml#all_team_schedule
CHN202407070,2024-07-07,0,CHC,LAA,,CHC,CHN,CHC,https://www.baseball-reference.com/teams/CHC/2024-schedule-scores.shtml#all_team_schedule
CIN202407070,2024-07-07,0,CIN,DET,,CIN,CIN,CIN,https://www.baseball-reference.com/teams/CIN/2024-schedule-scores.shtml#all_team_schedule
CLE202407070,2024-07-07,0,CLE,SFG,,CLE,CLE,CLE,https://www.baseball-reference.com/teams/CLE/2024-schedule-scores.shtml#all_team_schedule
COL202407070,2024-07-07,0,COL,KCR,,COL,COL,COL,https://www.baseball-reference.com/teams/COL/2024-schedule-scores.shtml#all_team_schedule
LAN202407070,2024-07-07,0,LAD,MIL,,LAD,LAN,LAD,https://www.baseball-reference.com/teams/LAD/2024-schedule-scores.shtml#all_team_schedule
MIA202407070,2024-07-07,0,CHW,MIA,@,MIA,MIA,CHW,https://www.baseball-reference.com/teams/CHW/2024-schedule-scores.shtml#all_team_schedule
MIN202407070,2024-07-07,0,HOU,MIN,@,MIN,MIN,HOU,https://www.baseball-reference.com/teams/HOU/2024-schedule-scores.shtml#all_team_schedule
NYA202407070,2024-07-07,0,BOS,NYY,@,NYY,NYA,BOS,https://www.baseball-reference.com/teams/BOS/2024-schedule-scores.shtml#all_team_schedule
OAK202407070,2024-07-07,0,BAL,OAK,@,OAK,OAK,BAL,https://www.baseball-reference.com/teams/BAL/2024-schedule-scores.shtml#all_team_schedule
PIT202407070,2024-07-07,0,NYM,PIT,@,PIT,PIT,NYM,https://www.baseball-reference.com/teams/NYM/2024-schedule-scores.shtml#all_team_schedule
SDN202407070,2024-07-07,0,ARI,SDP,@,SDP,SDN,ARI,https://www.baseball-reference.com/teams/ARI/2024-schedule-scores.shtml#all_team_schedule
SEA202407070,2024-07-07,0,SEA,TOR,,SEA,SEA,SEA,https://www.baseball-reference.com/teams/SEA/2024-schedule-scores.shtml#all_team_schedule
TEX202407070,2024-07-07,0,TBR,TEX,@,TEX,TEX,TBR,https://www.baseball-reference.com/teams/TBR/2024-schedule-scores.shtml#all_team_schedule
WAS202407070,2024-07-07,0,STL,WSN,@,WSN,WAS,STL,https://www.baseball-reference.com/teams/STL/2024-schedule-scores.shtml#all_team_schedule
ANA202407080,2024-07-08,0,LAA,TEX,,LAA,ANA,LAA,https://www.baseball-reference.com/teams/LAA/2024-schedule-scores.shtml#all_team_schedule
ARI202407080,2024-07-08,0,ARI,ATL,,ARI,ARI,ARI,https://www.baseball-reference.com/teams/ARI/2024-schedule-scores.shtml#all_team_schedule
CHA202407080,2024-07-08,0,CHW,MIN,,CHW,CHA,CHW,https://www.baseball-reference.com/teams/CHW/2024-schedule-scores.shtml#all_team_schedule
CIN202407080,2024-07-08,0,CIN,COL,,CIN,CIN,CIN,https://www.baseball-reference.com/teams/CIN/2024-schedule-scores.shtml#all_team_schedule
DET202407080,2024-07-08,0,CLE,DET,@,DET,DET,CLE,https://www.baseball-reference.com/teams/CLE/2024-schedule-scores.shtml#all_team_schedule
PIT202407080,2024-07-08,0,NYM,PIT,@,PIT,PIT,NYM,https://www.baseball-reference.com/teams/NYM/2024-schedule-scores.shtml#all_team_schedule
WAS202407080,2024-07-08,0,STL,WSN,@,WSN,WAS,STL,https://www.baseball-reference.com/teams/STL/2024-schedule-scores.shtml#all_team_schedule
ANA202407090,2024-07-09,0,LAA,TEX,,LAA,ANA,LAA,https://www.baseball-reference.com/teams/LAA/2024-schedule-scores.shtml#all_team_schedule
ARI202407090,2024-07-09,0,ARI,ATL,,ARI,ARI,ARI,https://www.baseball-reference.com/teams/ARI/2024-schedule-scores.shtml#all_team_schedule
BAL202407090,2024-07-09,0,BAL,CHC,,BAL,BAL,BAL,https://www.baseball-reference.com/teams/BAL/2024-schedule-scores.shtml#all_team_schedule
BOS202407090,2024-07-09,0,BOS,OAK,,BOS,BOS,BOS,https://www.baseball-reference.com/teams/BOS/2024-schedule-scores.shtml#all_team_schedule
CIN202407090,2024-07-09,0,CIN,COL,,CIN,CIN,CIN,https://www.baseball-reference.com/teams/CIN/2024-schedule-scores.shtml#all_team_schedule
DET202407090,2024-07-09,0,CLE,DET,@,DET,DET,CLE,https://www.baseball-reference.com/teams/CLE/2024-schedule-scores.shtml#all_team_schedule
HOU202407090,2024-07-09,0,HOU,MIA,,HOU,HOU,HOU,https://www.baseball-reference.com/teams/HOU/2024-schedule-scores.shtml#all_team_schedule
MIL202407090,2024-07-09,0,MIL,PIT,,MIL,MIL,MIL,https://www.baseball-reference.com/teams/MIL/2024-schedule-scores.shtml#all_team_schedule
NYN202407090,2024-07-09,0,NYM,WSN,,NYM,NYN,NYM,https://www.baseball-reference.com/teams/NYM/2024-schedule-scores.shtml#all_team_schedule
PHI202407090,2024-07-09,0,LAD,PHI,@,PHI,PHI,LAD,https://www.baseball-reference.com/teams/LAD/2024-schedule-scores.shtml#all_team_schedule
SDN202407090,2024-07-09,0,SDP,SEA,,SDP,SDN,SDP,https://www.baseball-reference.com/teams/SDP/2024-schedule-scores.shtml#all_team_schedule
SFN202407090,2024-07-09,0,SFG,TOR,,SFG,SFN,SFG,https://www.baseball-reference.com/teams/SFG/2024-schedule-scores.shtml#all_team_schedule
TBA202407090,2024-07-09,0,NYY,TBR,@,TBR,TBA,NYY,https://www.baseball-reference.com/teams/NYY/2024-schedule-scores.shtml#all_team_schedule
ANA202407100,2024-07-10,0,LAA,TEX,,LAA,ANA,LAA,https://www.baseball-reference.com/teams/LAA/2024-schedule-scores.shtml#all_team_schedule
ARI202407100,2024-07-10,0,ARI,ATL,,ARI,ARI,ARI,https://www.baseball-reference.com/teams/ARI/2024-schedule-scores.shtml#all_team_schedule
BAL202407100,2024-07-10,0,BAL,CHC,,BAL,BAL,BAL,https://www.baseball-reference.com/teams/BAL/2024-schedule-scores.shtml#all_team_schedule
BOS202407100,2024-07-10,0,BOS,OAK,,BOS,BOS,BOS,https://www.baseball-reference.com/teams/BOS/2024-schedule-scores.shtml#all_team_schedule
CHA202407101,2024-07-10,1,CHW,MIN,,CHW,CHA,CHW,https://www.baseball-reference.com/teams/CHW/2024-schedule-scores.shtml#all_team_schedule
CHA202407102,2024-07-10,2,CHW,MIN,,CHW,CHA,CHW,https://www.baseball-reference.com/teams/CHW/2024-schedule-scores.shtml#all_team_schedule
CIN202407100,2024-07-10,0,CIN,COL,,CIN,CIN,CIN,https://www.baseball-reference.com/teams/CIN/2024-schedule-scores.shtml#all_team_schedule
DET202407100,2024-07-10,0,CLE,DET,@,DET,DET,CLE,https://www.baseball-reference.com/teams/CLE/2024-schedule-scores.shtml#all_team_schedule
HOU202407100,2024-07-10,0,HOU,MIA,,HOU,HOU,HOU,https://www.baseball-reference.com/teams/HOU/2024-schedule-scores.shtml#all_team_schedule
MIL202407100,2024-07-10,0,MIL,PIT,,MIL,MIL,MIL,https://www.baseball-reference.com/teams/MIL/2024-schedule-scores.shtml#all_team_schedule
NYN202407100,2024-07-10,0,NYM,WSN,,NYM,NYN,NYM,https://www.baseball-reference.com/teams/NYM/2024-schedule-scores.shtml#all_team_schedule
PHI202407100,2024-07-10,0,LAD,PHI,@,PHI,PHI,LAD,https://www.baseball-reference.com/teams/LAD/2024-schedule-scores.shtml#all_team_schedule
SDN202407100,2024-07-10,0,SDP,SEA,,SDP,SDN,SDP,https://www.baseball-reference.com/teams/SDP/2024-schedule-scores.shtml#all_team_schedule
SFN202407100,2024-07-10,0,SFG,TOR,,SFG,SFN,SFG,https://www.baseball-reference.com/teams/SFG/2024-schedule-scores.shtml#all_team_schedule
SLN202407101,2024-07-10,1,KCR,STL,@,STL,SLN,KCR,https://www.baseball-reference.com/teams/KCR/2024-schedule-scores.shtml#all_team_schedule
SLN202407102,2024-07-10,2,KCR,STL,@,STL,SLN,KCR,https://www.baseball-reference.com/teams/KCR/2024-schedule-scores.shtml#all_team_schedule
TBA202407100,2024-07-10,0,NYY,TBR,@,TBR,TBA,NYY,https://www.baseball-reference.com/teams/NYY/2024-schedule-scores.shtml#all_team_schedule
ANA202407110,2024-07-11,0,LAA,SEA,,LAA,ANA,LAA,https://www.baseball-reference.com/teams/LAA/2024-schedule-scores.shtml#all_team_schedule
ARI202407110,2024-07-11,0,ARI,ATL,,ARI,ARI,ARI,https://www.baseball-reference.com/teams/ARI/2024-schedule-scores.shtml#all_team_schedule
BAL202407110,2024-07-11,0,BAL,CHC,,BAL,BAL,BAL,https://www.baseball-reference.com/teams/BAL/2024-schedule-scores.shtml#all_team_schedule
BOS202407110,2024-07-11,0,BOS,OAK,,BOS,BOS,BOS,https://www.baseball-reference.com/teams/BOS/2024-schedule-scores.shtml#all_team_schedule
CIN202407110,2024-07-11,0,CIN,COL,,CIN,CIN,CIN,https://www.baseball-reference.com/teams/CIN/2024-schedule-scores.shtml#all_team_schedule
DET202407110,2024-07-11,0,CLE,DET,@,DET,DET,CLE,https://www.baseball-reference.com/teams/CLE/2024-schedule-scores.shtml#all_team_schedule
HOU202407110,2024-07-11,0,HOU,MIA,,HOU,HOU,HOU,https://www.baseball-reference.com/teams/HOU/2024-schedule-scores.shtml#all_team_schedule
MIL202407110,2024-07-11,0,MIL,PIT,,MIL,MIL,MIL,https://www.baseball-reference.com/teams/MIL/2024-schedule-scores.shtml#all_team_schedule
NYN202407110,2024-07-11,0,NYM,WSN,,NYM,NYN,NYM,https://www.baseball-reference.com/teams/NYM/2024-schedule-scores.shtml#all_team_schedule
PHI202407110,2024-07-11,0,LAD,PHI,@,PHI,PHI,LAD,https://www.baseball-reference.com/teams/LAD/2024-schedule-scores.shtml#all_team_schedule
SFN202407110,2024-07-11,0,SFG,TOR,,SFG,SFN,SFG,https://www.baseball-reference.com/teams/SFG/2024-schedule-scores.shtml#all_team_schedule
TBA202407110,2024-07-11,0,NYY,TBR,@,TBR,TBA,NYY,https://www.baseball-reference.com/teams/NYY/2024-schedule-scores.shtml#all_team_schedule
ANA202407120,2024-07-12,0,LAA,SEA,,LAA,ANA,LAA,https://www.baseball-reference.com/teams/LAA/2024-schedule-scores.shtml#all_team_schedule
ARI202407120,2024-07-12,0,ARI,TOR,,ARI,ARI,ARI,https://www.baseball-reference.com/teams/ARI/2024-schedule-scores.shtml#all_team_schedule
BAL202407120,2024-07-12,0,BAL,NYY,,BAL,BAL,BAL,https://www.baseball-reference.com/teams/BAL/2024-schedule-scores.shtml#all_team_schedule
BOS202407120,2024-07-12,0,BOS,KCR,,BOS,BOS,BOS,https://www.baseball-reference.com/teams/BOS/2024-schedule-scores.shtml#all_team_schedule
CHA202407120,2024-07-12,0,CHW,PIT,,CHW,CHA,CHW,https://www.baseball-reference.com/teams/CHW/2024-schedule-scores.shtml#all_team_schedule
CIN202407120,2024-07-12,0,CIN,MIA,,CIN,CIN,CIN,https://www.baseball-reference.com/teams/CIN/2024-schedule-scores.shtml#all_team_schedule
DET202407120,2024-07-12,0,DET,LAD,,DET,DET,DET,https://www.baseball-reference.com/teams/DET/2024-schedule-scores.shtml#all_team_schedule
HOU202407120,2024-07-12,0,HOU,TEX,,HOU,HOU,HOU,https://www.baseball-reference.com/teams/HOU/2024-schedule-scores.shtml#all_team_schedule
MIL202407120,2024-07-12,0,MIL,WSN,,MIL,MIL,MIL,https://www.baseball-reference.com/teams/MIL/2024-schedule-scores.shtml#all_team_schedule
NYN202407120,2024-07-12,0,COL,NYM,@,NYM,NYN,COL,https://www.baseball-reference.com/teams/COL/2024-schedule-scores.shtml#all_team_schedule
PHI202407120,2024-07-12,0,OAK,PHI,@,PHI,PHI,OAK,https://www.baseball-reference.com/teams/OAK/2024-schedule-scores.shtml#all_team_schedule
SDN202407120,2024-07-12,0,ATL,SDP,@,SDP,SDN,ATL,https://www.baseball-reference.com/teams/ATL/2024-schedule-scores.shtml#all_team_schedule
SFN202407120,2024-07-12,0,MIN,SFG,@,SFG,SFN,MIN,https://www.baseball-reference.com/teams/MIN/2024-schedule-scores.shtml#all_team_schedule
SLN202407120,2024-07-12,0,CHC,STL,@,STL,SLN,CHC,https://www.baseball-reference.com/teams/CHC/2024-schedule-scores.shtml#all_team_schedule
TBA202407120,2024-07-12,0,CLE,TBR,@,TBR,TBA,CLE,https://www.baseball-reference.com/teams/CLE/2024-schedule-scores.shtml#all_team_schedule
ANA202407130,2024-07-13,0,LAA,SEA,,LAA,ANA,LAA,https://www.baseball-reference.com/teams/LAA/2024-schedule-scores.shtml#all_team_schedule
ARI202407130,2024-07-13,0,ARI,TOR,,ARI,ARI,ARI,https://www.baseball-reference.com/teams/ARI/2024-schedule-scores.shtml#all_team_schedule
BAL202407130,2024-07-13,0,BAL,NYY,,BAL,BAL,BAL,https://www.baseball-reference.com/teams/BAL/2024-schedule-scores.shtml#all_team_schedule
BOS202407130,2024-07-13,0,BOS,KCR,,BOS,BOS,BOS,https://www.baseball-reference.com/teams/BOS/2024-schedule-scores.shtml#all_team_schedule
CHA202407130,2024-07-13,0,CHW,PIT,,CHW,CHA,CHW,https://www.baseball-reference.com/teams/CHW/2024-schedule-scores.shtml#all_team_schedule
CIN202407130,2024-07-13,0,CIN,MIA,,CIN,CIN,CIN,https://www.baseball-reference.com/teams/CIN/2024-schedule-scores.shtml#all_team_schedule
DET202407130,2024-07-13,0,DET,LAD,,DET,DET,DET,https://www.baseball-reference.com/teams/DET/2024-schedule-scores.shtml#all_team_schedule
HOU202407130,2024-07-13,0,HOU,TEX,,HOU,HOU,HOU,https://www.baseball-reference.com/teams/HOU/2024-schedule-scores.shtml#all_team_schedule
MIL202407130,2024-07-13,0,MIL,WSN,,MIL,MIL,MIL,https://www.baseball-reference.com/teams/MIL/2024-schedule-scores.shtml#all_team_schedule
NYN202407130,2024-07-13,0,COL,NYM,@,NYM,NYN,COL,https://www.baseball-reference.com/teams/COL/2024-schedule-scores.shtml#all_team_schedule
PHI202407130,2024-07-13,0,OAK,PHI,@,PHI,PHI,OAK,https://www.baseball-reference.com/teams/OAK/2024-schedule-scores.shtml#all_team_schedule
SDN202407130,2024-07-13,0,ATL,SDP,@,SDP,SDN,ATL,https://www.baseball-reference.com/teams/ATL/2024-schedule-scores.shtml#all_team_schedule
SFN202407130,2024-07-13,0,MIN,SFG,@,SFG,SFN,MIN,https://www.baseball-reference.com/teams/MIN/2024-schedule-scores.shtml#all_team_schedule
SLN202407131,2024-07-13,1,CHC,STL,@,STL,SLN,CHC,https://www.baseball-reference.com/teams/CHC/2024-schedule-scores.shtml#all_team_schedule
SLN202407132,2024-07-13,2,CHC,STL,@,STL,SLN,CHC,https://www.baseball-reference.com/teams/CHC/2024-schedule-scores.shtml#all_team_schedule
TBA202407130,2024-07-13,0,CLE,TBR,@,TBR,TBA,CLE,https://www.baseball-reference.com/teams/CLE/2024-schedule-scores.shtml#all_team_schedule
ANA202407140,2024-07-14,0,LAA,SEA,,LAA,ANA,LAA,https://www.baseball-reference.com/teams/LAA/2024-schedule-scores.shtml#all_team_schedule
ARI202407140,2024-07-14,0,ARI,TOR,,ARI,ARI,ARI,https://www.baseball-reference.com/teams/ARI/2024-schedule-scores.shtml#all_team_schedule
BAL202407140,2024-07-14,0,BAL,NYY,,BAL,BAL,BAL,https://www.baseball-reference.com/teams/BAL/2024-schedule-scores.shtml#all_team_schedule
BOS202407140,2024-07-14,0,BOS,KCR,,BOS,BOS,BOS,https://www.baseball-reference.com/teams/BOS/2024-schedule-scores.shtml#all_team_schedule
CHA202407140,2024-07-14,0,CHW,PIT,,CHW,CHA,CHW,https://www.baseball-reference.com/teams/CHW/2024-schedule-scores.shtml#all_team_schedule
CIN202407140,2024-07-14,0,CIN,MIA,,CIN,CIN,CIN,https://www.baseball-reference.com/teams/CIN/2024-schedule-scores.shtml#all_team_schedule
DET202407140,2024-07-14,0,DET,LAD,,DET,DET,DET,https://www.baseball-reference.com/teams/DET/2024-schedule-scores.shtml#all_team_schedule
HOU202407140,2024-07-14,0,HOU,TEX,,HOU,HOU,HOU,https://www.baseball-reference.com/teams/HOU/2024-schedule-scores.shtml#all_team_schedule
MIL202407140,2024-07-14,0,MIL,WSN,,MIL,MIL,MIL,https://www.baseball-reference.com/teams/MIL/2024-schedule-scores.shtml#all_team_schedule
NYN202407140,2024-07-14,0,COL,NYM,@,NYM,NYN,COL,https://www.baseball-reference.com/teams/COL/2024-schedule-scores.shtml#all_team_schedule
PHI202407140,2024-07-14,0,OAK,PHI,@,PHI,PHI,OAK,https://www.baseball-reference.com/teams/OAK/2024-schedule-scores.shtml#all_team_schedule
SDN202407140,2024-07-14,0,ATL,SDP,@,SDP,SDN,ATL,https://www.baseball-reference.com/teams/ATL/2024-schedule-scores.shtml#all_team_schedule
SFN202407140,2024-07-14,0,MIN,SFG,@,SFG,SFN,MIN,https://www.baseball-reference.com/teams/MIN/2024-schedule-scores.shtml#all_team_schedule
SLN202407140,2024-07-14,0,CHC,STL,@,STL,SLN,CHC,https://www.baseball-reference.com/teams/CHC/2024-schedule-scores.shtml#all_team_schedule
TBA202407140,2024-07-14,0,CLE,TBR,@,TBR,TBA,CLE,https://www.baseball-reference.com/teams/CLE/2024-schedule-scores.shtml#all_team_schedule
CHN202407190,2024-07-19,0,ARI,CHC,@,CHC,CHN,ARI,https://www.baseball-reference.com/teams/ARI/2024-schedule-scores.shtml#all_team_schedule
CLE202407190,2024-07-19,0,CLE,SDP,,CLE,CLE,CLE,https://www.baseball-reference.com/teams/CLE/2024-schedule-scores.shtml#all_team_schedule
COL202407190,2024-07-19,0,COL,SFG,,COL,COL,COL,https://www.baseball-reference.com/teams/COL/2024-schedule-scores.shtml#all_team_schedule
KCA202407190,2024-07-19,0,CHW,KCR,@,KCR,KCA,CHW,https://www.baseball-reference.com/teams/CHW/2024-schedule-scores.shtml#all_team_schedule
LAN202407190,2024-07-19,0,BOS,LAD,@,LAD,LAN,BOS,https://www.baseball-reference.com/teams/BOS/2024-schedule-scores.shtml#all_team_schedule
MIA202407190,2024-07-19,0,MIA,NYM,,MIA,MIA,MIA,https://www.baseball-reference.com/teams/MIA/2024-schedule-scores.shtml#all_team_schedule
NYA202407190,2024-07-19,0,NYY,TBR,,NYY,NYA,NYY,https://www.baseball-reference.com/teams/NYY/2024-schedule-scores.shtml#all_team_schedule
OAK202407190,2024-07-19,0,LAA,OAK,@,OAK,OAK,LAA,https://www.baseball-reference.com/teams/LAA/2024-schedule-scores.shtml#all_team_schedule
PIT202407190,2024-07-19,0,PHI,PIT,@,PIT,PIT,PHI,https://www.baseball-reference.com/teams/PHI/2024-schedule-scores.shtml#all_team_schedule
SEA202407190,2024-07-19,0,HOU,SEA,@,SEA,SEA,HOU,https://www.baseball-reference.com/teams/HOU/2024-schedule-scores.shtml#all_team_schedule
TEX202407190,2024-07-19,0,BAL,TEX,@,TEX,TEX,BAL,https://www.baseball-reference.com/teams/BAL/2024-schedule-scores.shtml#all_team_schedule
TOR202407190,2024-07-19,0,DET,TOR,@,TOR,TOR,DET,https://www.baseball-reference.com/teams/DET/2024-schedule-scores.shtml#all_team_schedule
WAS202407190,2024-07-19,0,CIN,WSN,@,WSN,WAS,CIN,https://www.baseball-reference.com/teams/CIN/2024-schedule-scores.shtml#all_team_schedule
ATL202407201,2024-07-20,1,ATL,STL,,ATL,ATL,ATL,https://www.baseball-reference.com/teams/ATL/2024-schedule-scores.shtml#all_team_schedule
ATL202407202,2024-07-20,2,ATL,STL,,ATL,ATL,ATL,https://www.baseball-reference.com/teams/ATL/2024-schedule-scores.shtml#all_team_schedule
CHN202407200,2024-07-20,0,ARI,CHC,@,CHC,CHN,ARI,https://www.baseball-reference.com/teams/ARI/2024-schedule-scores.shtml#all_team_schedule
CLE202407200,2024-07-20,0,CLE,SDP,,CLE,CLE,CLE,https://www.baseball-reference.com/teams/CLE/2024-schedule-scores.shtml#all_team_schedule
COL202407200,2024-07-20,0,COL,SFG,,COL,COL,COL,https://www.baseball-reference.com/teams/COL/2024-schedule-scores.shtml#all_team_schedule
KCA202407200,2024-07-20,0,CHW,KCR,@,KCR,KCA,CHW,https://www.baseball-reference.com/teams/CHW/2024-schedule-scores.shtml#all_team_schedule
LAN202407200,2024-07-20,0,BOS,LAD,@,LAD,LAN,BOS,https://www.baseball-reference.com/teams/BOS/2024-schedule-scores.shtml#all_team_schedule
MIA202407200,2024-07-20,0,MIA,NYM,,MIA,MIA,MIA,https://www.baseball-reference.com/teams/MIA/2024-schedule-scores.shtml#all_team_schedule
MIN202407200,2024-07-20,0,MIL,MIN,@,MIN,MIN,MIL,https://www.baseball-reference.com/teams/MIL/2024-schedule-scores.shtml#all_team_schedule
NYA202407200,2024-07-20,0,NYY,TBR,,NYY,NYA,NYY,https://www.baseball-reference.com/teams/NYY/2024-schedule-scores.shtml#all_team_schedule
OAK202407200,2024-07-20,0,LAA,OAK,@,OAK,OAK,LAA,https://www.baseball-reference.com/teams/LAA/2024-schedule-scores.shtml#all_team_schedule
PIT202407200,2024-07-20,0,PHI,PIT,@,PIT,PIT,PHI,https://www.baseball-reference.com/teams/PHI/2024-schedule-scores.shtml#all_team_schedule
SEA202407200,2024-07-20,0,HOU,SEA,@,SEA,SEA,HOU,https://www.baseball-reference.com/teams/HOU/2024-schedule-scores.shtml#all_team_schedule
TEX202407200,2024-07-20,0,BAL,TEX,@,TEX,TEX,BAL,https://www.baseball-reference.com/teams/BAL/2024-schedule-scores.shtml#all_team_schedule
TOR202407200,2024-07-20,0,DET,TOR,@,TOR,TOR,DET,https://www.baseball-reference.com/teams/DET/2024-schedule-scores.shtml#all_team_schedule
WAS202407200,2024-07-20,0,CIN,WSN,@,WSN,WAS,CIN,https://www.baseball-reference.com/teams/CIN/2024-schedule-scores.shtml#all_team_schedule
ATL202407210,2024-07-21,0,ATL,STL,,ATL,ATL,ATL,https://www.baseball-reference.com/teams/ATL/2024-schedule-scores.shtml#all_team_schedule
CHN202407210,2024-07-21,0,ARI,CHC,@,CHC,CHN,ARI,https://www.baseball-reference.com/teams/ARI/2024-schedule-scores.shtml#all_team_schedule
CLE202407210,2024-07-21,0,CLE,SDP,,CLE,CLE,CLE,https://www.baseball-reference.com/teams/CLE/2024-schedule-scores.shtml#all_team_schedule
COL202407210,2024-07-21,0,COL,SFG,,COL,COL,COL,https://www.baseball-reference.com/teams/COL/2024-schedule-scores.shtml#all_team_schedule
KCA202407210,2024-07-21,0,CHW,KCR,@,KCR,KCA,CHW,https://www.baseball-reference.com/teams/CHW/2024-schedule-scores.shtml#all_team_schedule
LAN202407210,2024-07-21,0,BOS,LAD,@,LAD,LAN,BOS,https://www.baseball-reference.com/teams/BOS/2024-schedule-scores.shtml#all_team_schedule
MIA202407210,2024-07-21,0,MIA,NYM,,MIA,MIA,MIA,https://www.baseball-reference.com/teams/MIA/2024-schedule-scores.shtml#all_team_schedule
MIN202407210,2024-07-21,0,MIL,MIN,@,MIN,MIN,MIL,https://www.baseball-reference.com/teams/MIL/2024-schedule-scores.shtml#all_team_schedule
NYA202407210,2024-07-21,0,NYY,TBR,,NYY,NYA,NYY,https://www.baseball-reference.com/teams/NYY/2024-schedule-scores.shtml#all_team_schedule
OAK202407210,2024-07-21,0,LAA,OAK,@,OAK,OAK,LAA,https://www.baseball-reference.com/teams/LAA/2024-schedule-scores.shtml#all_team_schedule
PIT202407210,2024-07-21,0,PHI,PIT,@,PIT,PIT,PHI,https://www.baseball-reference.com/teams/PHI/2024-schedule-scores.shtml#all_team_schedule
SEA202407210,2024-07-21,0,HOU,SEA,@,SEA,SEA,HOU,https://www.baseball-reference.com/teams/HOU/2024-schedule-scores.shtml#all_team_schedule
TEX202407210,2024-07-21,0,BAL,TEX,@,TEX,TEX,BAL,https://www.baseball-reference.com/teams/BAL/2024-schedule-scores.shtml#all_team_schedule
TOR202407210,2024-07-21,0,DET,TOR,@,TOR,TOR,DET,https://www.baseball-reference.com/teams/DET/2024-schedule-scores.shtml#all_team_schedule
WAS202407210,2024-07-21,0,CIN,WSN,@,WSN,WAS,CIN,https://www.baseball-reference.com/teams/CIN/2024-schedule-scores.shtml#all_team_schedule
ATL202407220,2024-07-22,0,ATL,CIN,,ATL,ATL,ATL,https://www.baseball-reference.com/teams/ATL/2024-schedule-scores.shtml#all_team_schedule
CHN202407220,2024-07-22,0,CHC,MIL,,CHC,CHN,CHC,https://www.baseball-reference.com/teams/CHC/2024-schedule-scores.shtml#all_team_schedule
CLE202407220,2024-07-22,0,CLE,DET,,CLE,CLE,CLE,https://www.baseball-reference.com/teams/CLE/2024-schedule-scores.shtml#all_team_schedule
COL202407220,2024-07-22,0,BOS,COL,@,COL,COL,BOS,https://www.baseball-reference.com/teams/BOS/2024-schedule-scores.shtml#all_team_schedule
KCA202407220,2024-07-22,0,ARI,KCR,@,KCR,KCA,ARI,https://www.baseball-reference.com/teams/ARI/2024-schedule-scores.shtml#all_team_schedule
LAN202407220,2024-07-22,0,LAD,SFG,,LAD,LAN,LAD,https://www.baseball-reference.com/teams/LAD/2024-schedule-scores.shtml#all_team_schedule
MIA202407220,2024-07-22,0,MIA,NYM,,MIA,MIA,MIA,https://www.baseball-reference.com/teams/MIA/2024-schedule-scores.shtml#all_team_schedule
MIN202407220,2024-07-22,0,MIN,PHI,,MIN,MIN,MIN,https://www.baseball-reference.com/teams/MIN/2024-schedule-scores.shtml#all_team_schedule
NYA202407220,2024-07-22,0,NYY,TBR,,NYY,NYA,NYY,https://www.baseball-reference.com/teams/NYY/2024-schedule-scores.shtml#all_team_schedule
OAK202407220,2024-07-22,0,HOU,OAK,@,OAK,OAK,HOU,https://www.baseball-reference.com/teams/HOU/2024-schedule-scores.shtml#all_team_schedule
PIT202407220,2024-07-22,0,PIT,STL,,PIT,PIT,PIT,https://www.baseball-reference.com/teams/PIT/2024-schedule-scores.shtml#all_team_schedule
SEA202407220,2024-07-22,0,LAA,SEA,@,SEA,SEA,LAA,https://www.baseball-reference.com/teams/LAA/2024-schedule-scores.shtml#all_team_schedule
TEX202407220,2024-07-22,0,CHW,TEX,@,TEX,TEX,CHW,https://www.baseball-reference.com/teams/CHW/2024-schedule-scores.shtml#all_team_schedule
CHN202407230,2024-07-23,0,CHC,MIL,,CHC,CHN,CHC,https://www.baseball-reference.com/teams/CHC/2024-schedule-scores.shtml#all_team_schedule
CLE202407230,2024-07-23,0,CLE,DET,,CLE,CLE,CLE,https://www.baseball-reference.com/teams/CLE/2024-schedule-scores.shtml#all_team_schedule
COL202407230,2024-07-23,0,BOS,COL,@,COL,COL,BOS,https://www.baseball-reference.com/teams/BOS/2024-schedule-scores.shtml#all_team_schedule
KCA202407230,2024-07-23,0,ARI,KCR,@,KCR,KCA,ARI,https://www.baseball-reference.com/teams/ARI/2024-schedule-scores.shtml#all_team_schedule
LAN202407230,2024-07-23,0,LAD,SFG,,LAD,LAN,LAD,https://www.baseball-reference.com/teams/LAD/2024-schedule-scores.shtml#all_team_schedule
MIA202407230,2024-07-23,0,BAL,MIA,@,MIA,MIA,BAL,https://www.baseball-reference.com/teams/BAL/2024-schedule-scores.shtml#all_team_schedule
MIN202407230,2024-07-23,0,MIN,PHI,,MIN,MIN,MIN,https://www.baseball-reference.com/teams/MIN/2024-schedule-scores.shtml#all_team_schedule
NYA202407230,2024-07-23,0,NYM,NYY,@,NYY,NYA,NYM,https://www.baseball-reference.com/teams/NYM/2024-schedule-scores.shtml#all_team_schedule
OAK202407230,2024-07-23,0,HOU,OAK,@,OAK,OAK,HOU,https://www.baseball-reference.com/teams/HOU/2024-schedule-scores.shtml#all_team_schedule
PIT202407230,2024-07-23,0,PIT,STL,,PIT,PIT,PIT,https://www.baseball-reference.com/teams/PIT/2024-schedule-scores.shtml#all_team_schedule
SEA202407230,2024-07-23,0,LAA,SEA,@,SEA,SEA,LAA,https://www.baseball-reference.com/teams/LAA/2024-schedule-scores.shtml#all_team_schedule
TEX202407230,2024-07-23,0,CHW,TEX,@,TEX,TEX,CHW,https://www.baseball-reference.com/teams/CHW/2024-schedule-scores.shtml#all_team_schedule
TOR202407230,2024-07-23,0,TBR,TOR,@,TOR,TOR,TBR,https://www.baseball-reference.com/teams/TBR/2024-schedule-scores.shtml#all_team_schedule
WAS202407230,2024-07-23,0,SDP,WSN,@,WSN,WAS,SDP,https://www.baseball-reference.com/teams/SDP/2024-schedule-scores.shtml#all_team_schedule
ATL202407240,2024-07-24,0,ATL,CIN,,ATL,ATL,ATL,https://www.baseball-reference.com/teams/ATL/2024-schedule-scores.shtml#all_team_schedule
CHN202407240,2024-07-24,0,CHC,MIL,,CHC,CHN,CHC,https://www.baseball-reference.com/teams/CHC/2024-schedule-scores.shtml#all_team_schedule
CLE202407240,2024-07-24,0,CLE,DET,,CLE,CLE,CLE,https://www.baseball-reference.com/teams/CLE/2024-schedule-scores.shtml#all_team_schedule
COL202407240,2024-07-24,0,BOS,COL,@,COL,COL,BOS,https://www.baseball-reference.com/teams/BOS/2024-schedule-scores.shtml#all_team_schedule
KCA202407240,2024-07-24,0,ARI,KCR,@,KCR,KCA,ARI,https://www.baseball-reference.com/teams/ARI/2024-schedule-scores.shtml#all_team_schedule
LAN202407240,2024-07-24,0,LAD,SFG,,LAD,LAN,LAD,https://www.baseball-reference.com/teams/LAD/2024-schedule-scores.shtml#all_team_schedule
MIA202407240,2024-07-24,0,BAL,MIA,@,MIA,MIA,BAL,https://www.baseball-reference.com/teams/BAL/2024-schedule-scores.shtml#all_team_schedule
MIN202407240,2024-07-24,0,MIN,PHI,,MIN,MIN,MIN,https://www.baseball-reference.com/teams/MIN/2024-schedule-scores.shtml#all_team_schedule
NYA202407240,2024-07-24,0,NYM,NYY,@,NYY,NYA,NYM,https://www.baseball-reference.com/teams/NYM/2024-schedule-scores.shtml#all_team_schedule
OAK202407240,2024-07-24,0,HOU,OAK,@,OAK,OAK,HOU,https://www.baseball-reference.com/teams/HOU/2024-schedule-scores.shtml#all_team_schedule
PIT202407240,2024-07-24,0,PIT,STL,,PIT,PIT,PIT,https://www.baseball-reference.com/teams/PIT/2024-schedule-scores.shtml#all_team_schedule
SEA202407240,2024-07-24,0,LAA,SEA,@,SEA,SEA,LAA,https://www.baseball-reference.com/teams/LAA/2024-schedule-scores.shtml#all_team_schedule
TEX202407240,2024-07-24,0,CHW,TEX,@,TEX,TEX,CHW,https://www.baseball-reference.com/teams/CHW/2024-schedule-scores.shtml#all_team_schedule
TOR202407240,2024-07-24,0,TBR,TOR,@,TOR,TOR,TBR,https://www.baseball-reference.com/teams/TBR/2024-schedule-scores.shtml#all_team_schedule
WAS202407240,2024-07-24,0,SDP,WSN,@,WSN,WAS,SDP,https://www.baseball-reference.com/teams/SDP/2024-schedule-scores.shtml#all_team_schedule
ANA202407250,2024-07-25,0,LAA,OAK,,LAA,ANA,LAA,https://www.baseball-reference.com/teams/LAA/2024-schedule-scores.shtml#all_team_schedule
CLE202407250,2024-07-25,0,CLE,DET,,CLE,CLE,CLE,https://www.baseball-reference.com/teams/CLE/2024-schedule-scores.shtml#all_team_schedule
LAN202407250,2024-07-25,0,LAD,SFG,,LAD,LAN,LAD,https://www.baseball-reference.com/teams/LAD/2024-schedule-scores.shtml#all_team_schedule
MIA202407250,2024-07-25,0,BAL,MIA,@,MIA,MIA,BAL,https://www.baseball-reference.com/teams/BAL/2024-schedule-scores.shtml#all_team_schedule
NYN202407250,2024-07-25,0,ATL,NYM,@,NYM,NYN,ATL,https://www.baseball-reference.com/teams/ATL/2024-schedule-scores.shtml#all_team_schedule
TEX202407250,2024-07-25,0,CHW,TEX,@,TEX,TEX,CHW,https://www.baseball-reference.com/teams/CHW/2024-schedule-scores.shtml#all_team_schedule
TOR202407250,2024-07-25,0,TBR,TOR,@,TOR,TOR,TBR,https://www.baseball-reference.com/teams/TBR/2024-schedule-scores.shtml#all_team_schedule
WAS202407250,2024-07-25,0,SDP,WSN,@,WSN,WAS,SDP,https://www.baseball-reference.com/teams/SDP/2024-schedule-scores.shtml#all_team_schedule
ANA202407260,2024-07-26,0,LAA,OAK,,LAA,ANA,LAA,https://www.baseball-reference.com/teams/LAA/2024-schedule-scores.shtml#all_team_schedule
ARI202407260,2024-07-26,0,ARI,PIT,,ARI,ARI,ARI,https://www.baseball-reference.com/teams/ARI/2024-schedule-scores.shtml#all_team_schedule
BAL202407260,2024-07-26,0,BAL,SDP,,BAL,BAL,BAL,https://www.baseball-reference.com/teams/BAL/2024-schedule-scores.shtml#all_team_schedule
BOS202407260,2024-07-26,0,BOS,NYY,,BOS,BOS,BOS,https://www.baseball-reference.com/teams/BOS/2024-schedule-scores.shtml#all_team_schedule
CHA202407260,2024-07-26,0,CHW,SEA,,CHW,CHA,CHW,https://www.baseball-reference.com/teams/CHW/2024-schedule-scores.shtml#all_team_schedule
DET202407260,2024-07-26,0,DET,MIN,,DET,DET,DET,https://www.baseball-reference.com/teams/DET/2024-schedule-scores.shtml#all_team_schedule
HOU202407260,2024-07-26,0,HOU,LAD,,HOU,HOU,HOU,https://www.baseball-reference.com/teams/HOU/2024-schedule-scores.shtml#all_team_schedule
KCA202407260,2024-07-26,0,CHC,KCR,@,KCR,KCA,CHC,https://www.baseball-reference.com/teams/CHC/2024-schedule-scores.shtml#all_team_schedule
MIL202407260,2024-07-26,0,MIA,MIL,@,MIL,MIL,MIA,https://www.baseball-reference.com/teams/MIA/2024-schedule-scores.shtml#all_team_schedule
NYN202407260,2024-07-26,0,ATL,NYM,@,NYM,NYN,ATL,https://www.baseball-reference.com/teams/ATL/2024-schedule-scores.shtml#all_team_schedule
PHI202407260,2024-07-26,0,CLE,PHI,@,PHI,PHI,CLE,https://www.baseball-reference.com/teams/CLE/2024-schedule-scores.shtml#all_team_schedule
SFN202407260,2024-07-26,0,COL,SFG,@,SFG,SFN,COL,https://www.baseball-reference.com/teams/COL/2024-schedule-scores.shtml#all_team_schedule
SLN202407260,2024-07-26,0,STL,WSN,,STL,SLN,STL,https://www.baseball-reference.com/teams/STL/2024-schedule-scores.shtml#all_team_schedule
TBA202407260,2024-07-26,0,CIN,TBR,@,TBR,TBA,CIN,https://www.baseball-reference.com/teams/CIN/2024-schedule-scores.shtml#all_team_schedule
TOR202407260,2024-07-26,0,TEX,TOR,@,TOR,TOR,TEX,https://www.baseball-reference.com/teams/TEX/2024-schedule-scores.shtml#all_team_schedule
ANA202407270,2024-07-27,0,LAA,OAK,,LAA,ANA,LAA,https://www.baseball-reference.com/teams/LAA/2024-schedule-scores.shtml#all_team_schedule
ARI202407270,2024-07-27,0,ARI,PIT,,ARI,ARI,ARI,https://www.baseball-reference.com/teams/ARI/2024-schedule-scores.shtml#all_team_schedule
BAL202407270,2024-07-27,0,BAL,SDP,,BAL,BAL,BAL,https://www.baseball-reference.com/teams/BAL/2024-schedule-scores.shtml#all_team_schedule
BOS202407270,2024-07-27,0,BOS,NYY,,BOS,BOS,BOS,https://www.baseball-reference.com/teams/BOS/2024-schedule-scores.shtml#all_team_schedule
CHA202407270,2024-07-27,0,CHW,SEA,,CHW,CHA,CHW,https://www.baseball-reference.com/teams/CHW/2024-schedule-scores.shtml#all_team_schedule
DET202407270,2024-07-27,0,DET,MIN,,DET,DET,DET,https://www.baseball-reference.com/teams/DET/2024-schedule-scores.shtml#all_team_schedule
HOU202407270,2024-07-27,0,HOU,LAD,,HOU,HOU,HOU,https://www.baseball-reference.com/teams/HOU/2024-schedule-scores.shtml#all_team_schedule
KCA202407270,2024-07-27,0,CHC,KCR,@,KCR,KCA,CHC,https://www.baseball-reference.com/teams/CHC/2024-schedule-scores.shtml#all_team_schedule
MIL202407270,2024-07-27,0,MIA,MIL,@,MIL,MIL,MIA,https://www.baseball-reference.com/teams/MIA/2024-schedule-scores.shtml#all_team_schedule
NYN202407270,2024-07-27,0,ATL,NYM,@,NYM,NYN,ATL,https://www.baseball-reference.com/teams/ATL/2024-schedule-scores.shtml#all_team_schedule
PHI202407270,2024-07-27,0,CLE,PHI,@,PHI,PHI,CLE,https://www.baseball-reference.com/teams/CLE/2024-schedule-scores.shtml#all_team_schedule
SFN202407271,2024-07-27,1,COL,SFG,@,SFG,SFN,COL,https://www.baseball-reference.com/teams/COL/2024-schedule-scores.shtml#all_team_schedule
SFN202407272,2024-07-27,2,COL,SFG,@,SFG,SFN,COL,https://www.baseball-reference.com/teams/COL/2024-schedule-scores.shtml#all_team_schedule
SLN202407270,2024-07-27,0,STL,WSN,,STL,SLN,STL,https://www.baseball-reference.com/teams/STL/2024-schedule-scores.shtml#all_team_schedule
TBA202407270,2024-07-27,0,CIN,TBR,@,TBR,TBA,CIN,https://www.baseball-reference.com/teams/CIN/2024-schedule-scores.shtml#all_team_schedule
TOR202407270,2024-07-27,0,TEX,TOR,@,TOR,TOR,TEX,https://www.baseball-reference.com/teams/TEX/2024-schedule-scores.shtml#all_team_schedule
ANA202407280,2024-07-28,0,LAA,OAK,,LAA,ANA,LAA,https://www.baseball-reference.com/teams/LAA/2024-schedule-scores.shtml#all_team_schedule
ARI202407280,2024-07-28,0,ARI,PIT,,ARI,ARI,ARI,https://www.baseball-reference.com/teams/ARI/2024-schedule-scores.shtml#all_team_schedule
BAL202407280,2024-07-28,0,BAL,SDP,,BAL,BAL,BAL,https://www.baseball-reference.com/teams/BAL/2024-schedule-scores.shtml#all_team_schedule
BOS202407280,2024-07-28,0,BOS,NYY,,BOS,BOS,BOS,https://www.baseball-reference.com/teams/BOS/2024-schedule-scores.shtml#all_team_schedule
CHA202407280,2024-07-28,0,CHW,SEA,,CHW,CHA,CHW,https://www.baseball-reference.com/teams/CHW/2024-schedule-scores.shtml#all_team_schedule
DET202407280,2024-07-28,0,DET,MIN,,DET,DET,DET,https://www.baseball-reference.com/teams/DET/2024-schedule-scores.shtml#all_team_schedule
HOU202407280,2024-07-28,0,HOU,LAD,,HOU,HOU,HOU,https://www.baseball-reference.com/teams/HOU/2024-schedule-scores.shtml#all_team_schedule
KCA202407280,2024-07-28,0,CHC,KCR,@,KCR,KCA,CHC,https://www.baseball-reference.com/teams/CHC/2024-schedule-scores.shtml#all_team_schedule
MIL202407280,2024-07-28,0,MIA,MIL,@,MIL,MIL,MIA,https://www.baseball-reference.com/teams/MIA/2024-schedule-scores.shtml#all_team_schedule
NYN202407280,2024-07-28,0,ATL,NYM,@,NYM,NYN,ATL,https://www.baseball-reference.com/teams/ATL/2024-schedule-scores.shtml#all_team_schedule
PHI202407280,2024-07-28,0,CLE,PHI,@,PHI,PHI,CLE,https://www.baseball-reference.com/teams/CLE/2024-schedule-scores.shtml#all_team_schedule
SFN202407280,2024-07-28,0,COL,SFG,@,SFG,SFN,COL,https://www.baseball-reference.com/teams/COL/2024-schedule-scores.shtml#all_team_schedule
SLN202407280,2024-07-28,0,STL,WSN,,STL,SLN,STL,https://www.baseball-reference.com/teams/STL/2024-schedule-scores.shtml#all_team_schedule
TBA202407280,2024-07-28,0,CIN,TBR,@,TBR,TBA,CIN,https://www.baseball-reference.com/teams/CIN/2024-schedule-scores.shtml#all_team_schedule
TOR202407280,2024-07-28,0,TEX,TOR,@,TOR,TOR,TEX,https://www.baseball-reference.com/teams/TEX/2024-schedule-scores.shtml#all_team_schedule
ARI202407290,2024-07-29,0,ARI,WSN,,ARI,ARI,ARI,https://www.baseball-reference.com/teams/ARI/2024-schedule-scores.shtml#all_team_schedule
BAL202407291,2024-07-29,1,BAL,TOR,,BAL,BAL,BAL,https://www.baseball-reference.com/teams/BAL/2024-schedule-scores.shtml#all_team_schedule
BAL202407292,2024-07-29,2,BAL,TOR,,BAL,BAL,BAL,https://www.baseball-reference.com/teams/BAL/2024-schedule-scores.shtml#all_team_schedule
BOS202407290,2024-07-29,0,BOS,SEA,,BOS,BOS,BOS,https://www.baseball-reference.com/teams/BOS/2024-schedule-scores.shtml#all_team_schedule
CHA202407290,2024-07-29,0,CHW,KCR,,CHW,CHA,CHW,https://www.baseball-reference.com/teams/CHW/2024-schedule-scores.shtml#all_team_schedule
CIN202407290,2024-07-29,0,CHC,CIN,@,CIN,CIN,CHC,https://www.baseball-reference.com/teams/CHC/2024-schedule-scores.shtml#all_team_schedule
DET202407290,2024-07-29,0,CLE,DET,@,DET,DET,CLE,https://www.baseball-reference.com/teams/CLE/2024-schedule-scores.shtml#all_team_schedule
HOU202407290,2024-07-29,0,HOU,PIT,,HOU,HOU,HOU,https://www.baseball-reference.com/teams/HOU/2024-schedule-scores.shtml#all_team_schedule
MIL202407290,2024-07-29,0,ATL,MIL,@,MIL,MIL,ATL,https://www.baseball-reference.com/teams/ATL/2024-schedule-scores.shtml#all_team_schedule
NYN202407290,2024-07-29,0,MIN,NYM,@,NYM,NYN,MIN,https://www.baseball-reference.com/teams/MIN/2024-schedule-scores.shtml#all_team_schedule
PHI202407290,2024-07-29,0,NYY,PHI,@,PHI,PHI,NYY,https://www.baseball-reference.com/teams/NYY/2024-schedule-scores.shtml#all_team_schedule
SLN202407290,2024-07-29,0,STL,TEX,,STL,SLN,STL,https://www.baseball-reference.com/teams/STL/2024-schedule-scores.shtml#all_team_schedule
ANA202407300,2024-07-30,0,COL,LAA,@,LAA,ANA,COL,https://www.baseball-reference.com/teams/COL/2024-schedule-scores.shtml#all_team_schedule
ARI202407300,2024-07-30,0,ARI,WSN,,ARI,ARI,ARI,https://www.baseball-reference.com/teams/ARI/2024-schedule-scores.shtml#all_team_schedule
BAL202407300,2024-07-30,0,BAL,TOR,,BAL,BAL,BAL,https://www.baseball-reference.com/teams/BAL/2024-schedule-scores.shtml#all_team_schedule
BOS202407300,2024-07-30,0,BOS,SEA,,BOS,BOS,BOS,https://www.baseball-reference.com/teams/BOS/2024-schedule-scores.shtml#all_team_schedule
CHA202407300,2024-07-30,0,CHW,KCR,,CHW,CHA,CHW,https://www.baseball-reference.com/teams/CHW/2024-schedule-scores.shtml#all_team_schedule
CIN202407300,2024-07-30,0,CHC,CIN,@,CIN,CIN,CHC,https://www.baseball-reference.com/teams/CHC/2024-schedule-scores.shtml#all_team_schedule
DET202407300,2024-07-30,0,CLE,DET,@,DET,DET,CLE,https://www.baseball-reference.com/teams/CLE/2024-schedule-scores.shtml#all_team_schedule
HOU202407300,2024-07-30,0,HOU,PIT,,HOU,HOU,HOU,https://www.baseball-reference.com/teams/HOU/2024-schedule-scores.shtml#all_team_schedule
MIL202407300,2024-07-30,0,ATL,MIL,@,MIL,MIL,ATL,https://www.baseball-reference.com/teams/ATL/2024-schedule-scores.shtml#all_team_schedule
NYN202407300,2024-07-30,0,MIN,NYM,@,NYM,NYN,MIN,https://www.baseball-reference.com/teams/MIN/2024-schedule-scores.shtml#all_team_schedule
PHI202407300,2024-07-30,0,NYY,PHI,@,PHI,PHI,NYY,https://www.baseball-reference.com/teams/NYY/2024-schedule-scores.shtml#all_team_schedule
SDN202407300,2024-07-30,0,LAD,SDP,@,SDP,SDN,LAD,https://www.baseball-reference.com/teams/LAD/2024-schedule-scores.shtml#all_team_schedule
SFN202407300,2024-07-30,0,OAK,SFG,@,SFG,SFN,OAK,https://www.baseball-reference.com/teams/OAK/2024-schedule-scores.shtml#all_team_schedule
SLN202407300,2024-07-30,0,STL,TEX,,STL,SLN,STL,https://www.baseball-reference.com/teams/STL/2024-schedule-scores.shtml#all_team_schedule
TBA202407300,2024-07-30,0,MIA,TBR,@,TBR,TBA,MIA,https://www.baseball-reference.com/teams/MIA/2024-schedule-scores.shtml#all_team_schedule
ANA202407310,2024-07-31,0,COL,LAA,@,LAA,ANA,COL,https://www.baseball-reference.com/teams/COL/2024-schedule-scores.shtml#all_team_schedule
ARI202407310,2024-07-31,0,ARI,WSN,,ARI,ARI,ARI,https://www.baseball-reference.com/teams/ARI/2024-schedule-scores.shtml#all_team_schedule
BAL202407310,2024-07-31,0,BAL,TOR,,BAL,BAL,BAL,https://www.baseball-reference.com/teams/BAL/2024-schedule-scores.shtml#all_team_schedule
BOS202407310,2024-07-31,0,BOS,SEA,,BOS,BOS,BOS,https://www.baseball-reference.com/teams/BOS/2024-schedule-scores.shtml#all_team_schedule
CHA202407310,2024-07-31,0,CHW,KCR,,CHW,CHA,CHW,https://www.baseball-reference.com/teams/CHW/2024-schedule-scores.shtml#all_team_schedule
CIN202407310,2024-07-31,0,CHC,CIN,@,CIN,CIN,CHC,https://www.baseball-reference.com/teams/CHC/2024-schedule-scores.shtml#all_team_schedule
HOU202407310,2024-07-31,0,HOU,PIT,,HOU,HOU,HOU,https://www.baseball-reference.com/teams/HOU/2024-schedule-scores.shtml#all_team_schedule
MIL202407310,2024-07-31,0,ATL,MIL,@,MIL,MIL,ATL,https://www.baseball-reference.com/teams/ATL/2024-schedule-scores.shtml#all_team_schedule
NYN202407310,2024-07-31,0,MIN,NYM,@,NYM,NYN,MIN,https://www.baseball-reference.com/teams/MIN/2024-schedule-scores.shtml#all_team_schedule
PHI202407310,2024-07-31,0,NYY,PHI,@,PHI,PHI,NYY,https://www.baseball-reference.com/teams/NYY/2024-schedule-scores.shtml#all_team_schedule
SDN202407310,2024-07-31,0,LAD,SDP,@,SDP,SDN,LAD,https://www.baseball-reference.com/teams/LAD/2024-schedule-scores.shtml#all_team_schedule
SFN202407310,2024-07-31,0,OAK,SFG,@,SFG,SFN,OAK,https://www.baseball-reference.com/teams/OAK/2024-schedule-scores.shtml#all_team_schedule
SLN202407310,2024-07-31,0,STL,TEX,,STL,SLN,STL,https://www.baseball-reference.com/teams/STL/2024-schedule-scores.shtml#all_team_schedule
TBA202407310,2024-07-31,0,MIA,TBR,@,TBR,TBA,MIA,https://www.baseball-reference.com/teams/MIA/2024-schedule-scores.shtml#all_team_schedule
ANA202408010,2024-08-01,0,COL,LAA,@,LAA,ANA,COL,https://www.baseball-reference.com/teams/COL/2024-schedule-scores.shtml#all_team_schedule
ATL202408010,2024-08-01,0,ATL,MIA,,ATL,ATL,ATL,https://www.baseball-reference.com/teams/ATL/2024-schedule-scores.shtml#all_team_schedule
CHN202408010,2024-08-01,0,CHC,STL,,CHC,CHN,CHC,https://www.baseball-reference.com/teams/CHC/2024-schedule-scores.shtml#all_team_schedule
CLE202408010,2024-08-01,0,BAL,CLE,@,CLE,CLE,BAL,https://www.baseball-reference.com/teams/BAL/2024-schedule-scores.shtml#all_team_schedule
DET202408010,2024-08-01,0,DET,KCR,,DET,DET,DET,https://www.baseball-reference.com/teams/DET/2024-schedule-scores.shtml#all_team_schedule
ANA202408020,2024-08-02,0,LAA,NYM,,LAA,ANA,LAA,https://www.baseball-reference.com/teams/LAA/2024-schedule-scores.shtml#all_team_schedule
ATL202408020,2024-08-02,0,ATL,MIA,,ATL,ATL,ATL,https://www.baseball-reference.com/teams/ATL/2024-schedule-scores.shtml#all_team_schedule
CHN202408020,2024-08-02,0,CHC,STL,,CHC,CHN,CHC,https://www.baseball-reference.com/teams/CHC/2024-schedule-scores.shtml#all_team_schedule
CIN202408020,2024-08-02,0,CIN,SFG,,CIN,CIN,CIN,https://www.baseball-reference.com/teams/CIN/2024-schedule-scores.shtml#all_team_schedule
CLE202408020,2024-08-02,0,BAL,CLE,@,CLE,CLE,BAL,https://www.baseball-reference.com/teams/BAL/2024-schedule-scores.shtml#all_team_schedule
DET202408020,2024-08-02,0,DET,KCR,,DET,DET,DET,https://www.baseball-reference.com/teams/DET/2024-schedule-scores.shtml#all_team_schedule
HOU202408020,2024-08-02,0,HOU,TBR,,HOU,HOU,HOU,https://www.baseball-reference.com/teams/HOU/2024-schedule-scores.shtml#all_team_schedule
MIN202408020,2024-08-02,0,CHW,MIN,@,MIN,MIN,CHW,https://www.baseball-reference.com/teams/CHW/2024-schedule-scores.shtml#all_team_schedule
NYA202408020,2024-08-02,0,NYY,TOR,,NYY,NYA,NYY,https://www.baseball-reference.com/teams/NYY/2024-schedule-scores.shtml#all_team_schedule
OAK202408020,2024-08-02,0,LAD,OAK,@,OAK,OAK,LAD,https://www.baseball-reference.com/teams/LAD/2024-schedule-scores.shtml#all_team_schedule
PIT202408020,2024-08-02,0,ARI,PIT,@,PIT,PIT,ARI,https://www.baseball-reference.com/teams/ARI/2024-schedule-scores.shtml#all_team_schedule
SDN202408020,2024-08-02,0,COL,SDP,@,SDP,SDN,COL,https://www.baseball-reference.com/teams/COL/2024-schedule-scores.shtml#all_team_schedule
SEA202408020,2024-08-02,0,PHI,SEA,@,SEA,SEA,PHI,https://www.baseball-reference.com/teams/PHI/2024-schedule-scores.shtml#all_team_schedule
TEX202408020,2024-08-02,0,BOS,TEX,@,TEX,TEX,BOS,https://www.baseball-reference.com/teams/BOS/2024-schedule-scores.shtml#all_team_schedule
WAS202408020,2024-08-02,0,MIL,WSN,@,WSN,WAS,MIL,https://www.baseball-reference.com/teams/MIL/2024-schedule-scores.shtml#all_team_schedule
ANA202408030,2024-08-03,0,LAA,NYM,,LAA,ANA,LAA,https://www.baseball-reference.com/teams/LAA/2024-schedule-scores.shtml#all_team_schedule
ATL202408030,2024-08-03,0,ATL,MIA,,ATL,ATL,ATL,https://www.baseball-reference.com/teams/ATL/2024-schedule-scores.shtml#all_team_schedule
CHN202408030,2024-08-03,0,CHC,STL,,CHC,CHN,CHC,https://www.baseball-reference.com/teams/CHC/2024-schedule-scores.shtml#all_team_schedule
CIN202408030,2024-08-03,0,CIN,SFG,,CIN,CIN,CIN,https://www.baseball-reference.com/teams/CIN/2024-schedule-scores.shtml#all_team_schedule
CLE202408030,2024-08-03,0,BAL,CLE,@,CLE,CLE,BAL,https://www.baseball-reference.com/teams/BAL/2024-schedule-scores.shtml#all_team_schedule
DET202408030,2024-08-03,0,DET,KCR,,DET,DET,DET,https://www.baseball-reference.com/teams/DET/2024-schedule-scores.shtml#all_team_schedule
HOU202408030,2024-08-03,0,HOU,TBR,,HOU,HOU,HOU,https://www.baseball-reference.com/teams/HOU/2024-schedule-scores.shtml#all_team_schedule
MIN202408030,2024-08-03,0,CHW,MIN,@,MIN,MIN,CHW,https://www.baseball-reference.com/teams/CHW/2024-schedule-scores.shtml#all_team_schedule
NYA202408030,2024-08-03,0,NYY,TOR,,NYY,NYA,NYY,https://www.baseball-reference.com/teams/NYY/2024-schedule-scores.shtml#all_team_schedule
OAK202408030,2024-08-03,0,LAD,OAK,@,OAK,OAK,LAD,https://www.baseball-reference.com/teams/LAD/2024-schedule-scores.shtml#all_team_schedule
PIT202408030,2024-08-03,0,ARI,PIT,@,PIT,PIT,ARI,https://www.baseball-reference.com/teams/ARI/2024-schedule-scores.shtml#all_team_schedule
SDN202408030,2024-08-03,0,COL,SDP,@,SDP,SDN,COL,https://www.baseball-reference.com/teams/COL/2024-schedule-scores.shtml#all_team_schedule
SEA202408030,2024-08-03,0,PHI,SEA,@,SEA,SEA,PHI,https://www.baseball-reference.com/teams/PHI/2024-schedule-scores.shtml#all_team_schedule
TEX202408030,2024-08-03,0,BOS,TEX,@,TEX,TEX,BOS,https://www.baseball-reference.com/teams/BOS/2024-schedule-scores.shtml#all_team_schedule
WAS202408030,2024-08-03,0,MIL,WSN,@,WSN,WAS,MIL,https://www.baseball-reference.com/teams/MIL/2024-schedule-scores.shtml#all_team_schedule
ANA202408040,2024-08-04,0,LAA,NYM,,LAA,ANA,LAA,https://www.baseball-reference.com/teams/LAA/2024-schedule-scores.shtml#all_team_schedule
ATL202408040,2024-08-04,0,ATL,MIA,,ATL,ATL,ATL,https://www.baseball-reference.com/teams/ATL/2024-schedule-scores.shtml#all_team_schedule
CHN202408040,2024-08-04,0,CHC,STL,,CHC,CHN,CHC,https://www.baseball-reference.com/teams/CHC/2024-schedule-scores.shtml#all_team_schedule
CIN202408040,2024-08-04,0,CIN,SFG,,CIN,CIN,CIN,https://www.baseball-reference.com/teams/CIN/2024-schedule-scores.shtml#all_team_schedule
CLE202408040,2024-08-04,0,BAL,CLE,@,CLE,CLE,BAL,https://www.baseball-reference.com/teams/BAL/2024-schedule-scores.shtml#all_team_schedule
DET202408040,2024-08-04,0,DET,KCR,,DET,DET,DET,https://www.baseball-reference.com/teams/DET/2024-schedule-scores.shtml#all_team_schedule
HOU202408040,2024-08-04,0,HOU,TBR,,HOU,HOU,HOU,https://www.baseball-reference.com/teams/HOU/2024-schedule-scores.shtml#all_team_schedule
MIN202408040,2024-08-04,0,CHW,MIN,@,MIN,MIN,CHW,https://www.baseball-reference.com/teams/CHW/2024-schedule-scores.shtml#all_team_schedule
NYA202408040,2024-08-04,0,NYY,TOR,,NYY,NYA,NYY,https://www.baseball-reference.com/teams/NYY/2024-schedule-scores.shtml#all_team_schedule
OAK202408040,2024-08-04,0,LAD,OAK,@,OAK,OAK,LAD,https://www.baseball-reference.com/teams/LAD/2024-schedule-scores.shtml#all_team_schedule
PIT202408040,2024-08-04,0,ARI,PIT,@,PIT,PIT,ARI,https://www.baseball-reference.com/teams/ARI/2024-schedule-scores.shtml#all_team_schedule
SDN202408040,2024-08-04,0,COL,SDP,@,SDP,SDN,COL,https://www.baseball-reference.com/teams/COL/2024-schedule-scores.shtml#all_team_schedule
SEA202408040,2024-08-04,0,PHI,SEA,@,SEA,SEA,PHI,https://www.baseball-reference.com/teams/PHI/2024-schedule-scores.shtml#all_team_schedule
TEX202408040,2024-08-04,0,BOS,TEX,@,TEX,TEX,BOS,https://www.baseball-reference.com/teams/BOS/2024-schedule-scores.shtml#all_team_schedule
WAS202408040,2024-08-04,0,MIL,WSN,@,WSN,WAS,MIL,https://www.baseball-reference.com/teams/MIL/2024-schedule-scores.shtml#all_team_schedule
CHN202408050,2024-08-05,0,CHC,MIN,,CHC,CHN,CHC,https://www.baseball-reference.com/teams/CHC/2024-schedule-scores.shtml#all_team_schedule
CLE202408050,2024-08-05,0,ARI,CLE,@,CLE,CLE,ARI,https://www.baseball-reference.com/teams/ARI/2024-schedule-scores.shtml#all_team_schedule
KCA202408050,2024-08-05,0,BOS,KCR,@,KCR,KCA,BOS,https://www.baseball-reference.com/teams/BOS/2024-schedule-scores.shtml#all_team_schedule
LAN202408050,2024-08-05,0,LAD,PHI,,LAD,LAN,LAD,https://www.baseball-reference.com/teams/LAD/2024-schedule-scores.shtml#all_team_schedule
MIA202408050,2024-08-05,0,CIN,MIA,@,MIA,MIA,CIN,https://www.baseball-reference.com/teams/CIN/2024-schedule-scores.shtml#all_team_schedule
OAK202408050,2024-08-05,0,CHW,OAK,@,OAK,OAK,CHW,https://www.baseball-reference.com/teams/CHW/2024-schedule-scores.shtml#all_team_schedule
SLN202408050,2024-08-05,0,NYM,STL,@,STL,SLN,NYM,https://www.baseball-reference.com/teams/NYM/2024-schedule-scores.shtml#all_team_schedule
TEX202408050,2024-08-05,0,HOU,TEX,@,TEX,TEX,HOU,https://www.baseball-reference.com/teams/HOU/2024-schedule-scores.shtml#all_team_schedule
WAS202408050,2024-08-05,0,SFG,WSN,@,WSN,WAS,SFG,https://www.baseball-reference.com/teams/SFG/2024-schedule-scores.shtml#all_team_schedule
ATL202408060,2024-08-06,0,ATL,MIL,,ATL,ATL,ATL,https://www.baseball-reference.com/teams/ATL/2024-schedule-scores.shtml#all_team_schedule
CHN202408060,2024-08-06,0,CHC,MIN,,CHC,CHN,CHC,https://www.baseball-reference.com/teams/CHC/2024-schedule-scores.shtml#all_team_schedule
COL202408060,2024-08-06,0,COL,NYM,,COL,COL,COL,https://www.baseball-reference.com/teams/COL/2024-schedule-scores.shtml#all_team_schedule
KCA202408060,2024-08-06,0,BOS,KCR,@,KCR,KCA,BOS,https://www.baseball-reference.com/teams/BOS/2024-schedule-scores.shtml#all_team_schedule
LAN202408060,2024-08-06,0,LAD,PHI,,LAD,LAN,LAD,https://www.baseball-reference.com/teams/LAD/2024-schedule-scores.shtml#all_team_schedule
MIA202408060,2024-08-06,0,CIN,MIA,@,MIA,MIA,CIN,https://www.baseball-reference.com/teams/CIN/2024-schedule-scores.shtml#all_team_schedule
OAK202408060,2024-08-06,0,CHW,OAK,@,OAK,OAK,CHW,https://www.baseball-reference.com/teams/CHW/2024-schedule-scores.shtml#all_team_schedule
PIT202408060,2024-08-06,0,PIT,SDP,,PIT,PIT,PIT,https://www.baseball-reference.com/teams/PIT/2024-schedule-scores.shtml#all_team_schedule
SEA202408060,2024-08-06,0,DET,SEA,@,SEA,SEA,DET,https://www.baseball-reference.com/teams/DET/2024-schedule-scores.shtml#all_team_schedule
SLN202408060,2024-08-06,0,STL,TBR,,STL,SLN,STL,https://www.baseball-reference.com/teams/STL/2024-schedule-scores.shtml#all_team_schedule
TEX202408060,2024-08-06,0,HOU,TEX,@,TEX,TEX,HOU,https://www.baseball-reference.com/teams/HOU/2024-schedule-scores.shtml#all_team_schedule
TOR202408060,2024-08-06,0,BAL,TOR,@,TOR,TOR,BAL,https://www.baseball-reference.com/teams/BAL/2024-schedule-scores.shtml#all_team_schedule
WAS202408060,2024-08-06,0,SFG,WSN,@,WSN,WAS,SFG,https://www.baseball-reference.com/teams/SFG/2024-schedule-scores.shtml#all_team_schedule
ATL202408070,2024-08-07,0,ATL,MIL,,ATL,ATL,ATL,https://www.baseball-reference.com/teams/ATL/2024-schedule-scores.shtml#all_team_schedule
CHN202408070,2024-08-07,0,CHC,MIN,,CHC,CHN,CHC,https://www.baseball-reference.com/teams/CHC/2024-schedule-scores.shtml#all_team_schedule
CLE202408071,2024-08-07,1,ARI,CLE,@,CLE,CLE,ARI,https://www.baseball-reference.com/teams/ARI/2024-schedule-scores.shtml#all_team_schedule
CLE202408072,2024-08-07,2,ARI,CLE,@,CLE,CLE,ARI,https://www.baseball-reference.com/teams/ARI/2024-schedule-scores.shtml#all_team_schedule
COL202408070,2024-08-07,0,COL,NYM,,COL,COL,COL,https://www.baseball-reference.com/teams/COL/2024-schedule-scores.shtml#all_team_schedule
KCA202408070,2024-08-07,0,BOS,KCR,@,KCR,KCA,BOS,https://www.baseball-reference.com/teams/BOS/2024-schedule-scores.shtml#all_team_schedule
LAN202408070,2024-08-07,0,LAD,PHI,,LAD,LAN,LAD,https://www.baseball-reference.com/teams/LAD/2024-schedule-scores.shtml#all_team_schedule
MIA202408070,2024-08-07,0,CIN,MIA,@,MIA,MIA,CIN,https://www.baseball-reference.com/teams/CIN/2024-schedule-scores.shtml#all_team_schedule
NYA202408071,2024-08-07,1,LAA,NYY,@,NYY,NYA,LAA,https://www.baseball-reference.com/teams/LAA/2024-schedule-scores.shtml#all_team_schedule
NYA202408072,2024-08-07,2,LAA,NYY,@,NYY,NYA,LAA,https://www.baseball-reference.com/teams/LAA/2024-schedule-scores.shtml#all_team_schedule
OAK202408070,2024-08-07,0,CHW,OAK,@,OAK,OAK,CHW,https://www.baseball-reference.com/teams/CHW/2024-schedule-scores.shtml#all_team_schedule
PIT202408070,2024-08-07,0,PIT,SDP,,PIT,PIT,PIT,https://www.baseball-reference.com/teams/PIT/2024-schedule-scores.shtml#all_team_schedule
SEA202408070,2024-08-07,0,DET,SEA,@,SEA,SEA,DET,https://www.baseball-reference.com/teams/DET/2024-schedule-scores.shtml#all_team_schedule
SLN202408070,2024-08-07,0,STL,TBR,,STL,SLN,STL,https://www.baseball-reference.com/teams/STL/2024-schedule-scores.shtml#all_team_schedule
TEX202408070,2024-08-07,0,HOU,TEX,@,TEX,TEX,HOU,https://www.baseball-reference.com/teams/HOU/2024-schedule-scores.shtml#all_team_schedule
TOR202408070,2024-08-07,0,BAL,TOR,@,TOR,TOR,BAL,https://www.baseball-reference.com/teams/BAL/2024-schedule-scores.shtml#all_team_schedule
WAS202408070,2024-08-07,0,SFG,WSN,@,WSN,WAS,SFG,https://www.baseball-reference.com/teams/SFG/2024-schedule-scores.shtml#all_team_schedule
ARI202408080,2024-08-08,0,ARI,PHI,,ARI,ARI,ARI,https://www.baseball-reference.com/teams/ARI/2024-schedule-scores.shtml#all_team_schedule
ATL202408080,2024-08-08,0,ATL,MIL,,ATL,ATL,ATL,https://www.baseball-reference.com/teams/ATL/2024-schedule-scores.shtml#all_team_schedule
COL202408080,2024-08-08,0,COL,NYM,,COL,COL,COL,https://www.baseball-reference.com/teams/COL/2024-schedule-scores.shtml#all_team_schedule
MIA202408080,2024-08-08,0,CIN,MIA,@,MIA,MIA,CIN,https://www.baseball-reference.com/teams/CIN/2024-schedule-scores.shtml#all_team_schedule
NYA202408080,2024-08-08,0,LAA,NYY,@,NYY,NYA,LAA,https://www.baseball-reference.com/teams/LAA/2024-schedule-scores.shtml#all_team_schedule
PIT202408080,2024-08-08,0,PIT,SDP,,PIT,PIT,PIT,https://www.baseball-reference.com/teams/PIT/2024-schedule-scores.shtml#all_team_schedule
SEA202408080,2024-08-08,0,DET,SEA,@,SEA,SEA,DET,https://www.baseball-reference.com/teams/DET/2024-schedule-scores.shtml#all_team_schedule
SLN202408080,2024-08-08,0,STL,TBR,,STL,SLN,STL,https://www.baseball-reference.com/teams/STL/2024-schedule-scores.shtml#all_team_schedule
TOR202408080,2024-08-08,0,BAL,TOR,@,TOR,TOR,BAL,https://www.baseball-reference.com/teams/BAL/2024-schedule-scores.shtml#all_team_schedule
WAS202408080,2024-08-08,0,SFG,WSN,@,WSN,WAS,SFG,https://www.baseball-reference.com/teams/SFG/2024-schedule-scores.shtml#all_team_schedule
ARI202408090,2024-08-09,0,ARI,PHI,,ARI,ARI,ARI,https://www.baseball-reference.com/teams/ARI/2024-schedule-scores.shtml#all_team_schedule
BOS202408090,2024-08-09,0,BOS,HOU,,BOS,BOS,BOS,https://www.baseball-reference.com/teams/BOS/2024-schedule-scores.shtml#all_team_schedule
CHA202408090,2024-08-09,0,CHC,CHW,@,CHW,CHA,CHC,https://www.baseball-reference.com/teams/CHC/2024-schedule-scores.shtml#all_team_schedule
COL202408090,2024-08-09,0,ATL,COL,@,COL,COL,ATL,https://www.baseball-reference.com/teams/ATL/2024-schedule-scores.shtml#all_team_schedule
KCA202408090,2024-08-09,0,KCR,STL,,KCR,KCA,KCR,https://www.baseball-reference.com/teams/KCR/2024-schedule-scores.shtml#all_team_schedule
LAN202408090,2024-08-09,0,LAD,PIT,,LAD,LAN,LAD,https://www.baseball-reference.com/teams/LAD/2024-schedule-scores.shtml#all_team_schedule
MIA202408090,2024-08-09,0,MIA,SDP,,MIA,MIA,MIA,https://www.baseball-reference.com/teams/MIA/2024-schedule-scores.shtml#all_team_schedule
MIL202408090,2024-08-09,0,CIN,MIL,@,MIL,MIL,CIN,https://www.baseball-reference.com/teams/CIN/2024-schedule-scores.shtml#all_team_schedule
MIN202408091,2024-08-09,1,CLE,MIN,@,MIN,MIN,CLE,https://www.baseball-reference.com/teams/CLE/2024-schedule-scores.shtml#all_team_schedule
MIN202408092,2024-08-09,2,CLE,MIN,@,MIN,MIN,CLE,https://www.baseball-reference.com/teams/CLE/2024-schedule-scores.shtml#all_team_schedule
SEA202408090,2024-08-09,0,NYM,SEA,@,SEA,SEA,NYM,https://www.baseball-reference.com/teams/NYM/2024-schedule-scores.shtml#all_team_schedule
SFN202408090,2024-08-09,0,DET,SFG,@,SFG,SFN,DET,https://www.baseball-reference.com/teams/DET/2024-schedule-scores.shtml#all_team_schedule
TBA202408090,2024-08-09,0,BAL,TBR,@,TBR,TBA,BAL,https://www.baseball-reference.com/teams/BAL/2024-schedule-scores.shtml#all_team_schedule
TOR202408090,2024-08-09,0,OAK,TOR,@,TOR,TOR,OAK,https://www.baseball-reference.com/teams/OAK/2024-schedule-scores.shtml#all_team_schedule
WAS202408090,2024-08-09,0,LAA,WSN,@,WSN,WAS,LAA,https://www.baseball-reference.com/teams/LAA/2024-schedule-scores.shtml#all_team_schedule
ARI202408100,2024-08-10,0,ARI,PHI,,ARI,ARI,ARI,https://www.baseball-reference.com/teams/ARI/2024-schedule-scores.shtml#all_team_schedule
BOS202408100,2024-08-10,0,BOS,HOU,,BOS,BOS,BOS,https://www.baseball-reference.com/teams/BOS/2024-schedule-scores.shtml#all_team_schedule
CHA202408100,2024-08-10,0,CHC,CHW,@,CHW,CHA,CHC,https://www.baseball-reference.com/teams/CHC/2024-schedule-scores.shtml#all_team_schedule
COL202408100,2024-08-10,0,ATL,COL,@,COL,COL,ATL,https://www.baseball-reference.com/teams/ATL/2024-schedule-scores.shtml#all_team_schedule
KCA202408100,2024-08-10,0,KCR,STL,,KCR,KCA,KCR,https://www.baseball-reference.com/teams/KCR/2024-schedule-scores.shtml#all_team_schedule
LAN202408100,2024-08-10,0,LAD,PIT,,LAD,LAN,LAD,https://www.baseball-reference.com/teams/LAD/2024-schedule-scores.shtml#all_team_schedule
MIA202408100,2024-08-10,0,MIA,SDP,,MIA,MIA,MIA,https://www.baseball-reference.com/teams/MIA/2024-schedule-scores.shtml#all_team_schedule
MIL202408100,2024-08-10,0,CIN,MIL,@,MIL,MIL,CIN,https://www.baseball-reference.com/teams/CIN/2024-schedule-scores.shtml#all_team_schedule
MIN202408100,2024-08-10,0,CLE,MIN,@,MIN,MIN,CLE,https://www.baseball-reference.com/teams/CLE/2024-schedule-scores.shtml#all_team_schedule
NYA202408101,2024-08-10,1,NYY,TEX,,NYY,NYA,NYY,https://www.baseball-reference.com/teams/NYY/2024-schedule-scores.shtml#all_team_schedule
NYA202408102,2024-08-10,2,NYY,TEX,,NYY,NYA,NYY,https://www.baseball-reference.com/teams/NYY/2024-schedule-scores.shtml#all_team_schedule
SEA202408100,2024-08-10,0,NYM,SEA,@,SEA,SEA,NYM,https://www.baseball-reference.com/teams/NYM/2024-schedule-scores.shtml#all_team_schedule
SFN202408100,2024-08-10,0,DET,SFG,@,SFG,SFN,DET,https://www.baseball-reference.com/teams/DET/2024-schedule-scores.shtml#all_team_schedule
TBA202408100,2024-08-10,0,BAL,TBR,@,TBR,TBA,BAL,https://www.baseball-reference.com/teams/BAL/2024-schedule-scores.shtml#all_team_schedule
TOR202408100,2024-08-10,0,OAK,TOR,@,TOR,TOR,OAK,https://www.baseball-reference.com/teams/OAK/2024-schedule-scores.shtml#all_team_schedule
WAS202408100,2024-08-10,0,LAA,WSN,@,WSN,WAS,LAA,https://www.baseball-reference.com/teams/LAA/2024-schedule-scores.shtml#all_team_schedule
ARI202408110,2024-08-11,0,ARI,PHI,,ARI,ARI,ARI,https://www.baseball-reference.com/teams/ARI/2024-schedule-scores.shtml#all_team_schedule
BOS202408110,2024-08-11,0,BOS,HOU,,BOS,BOS,BOS,https://www.baseball-reference.com/teams/BOS/2024-schedule-scores.shtml#all_team_schedule
COL202408110,2024-08-11,0,ATL,COL,@,COL,COL,ATL,https://www.baseball-reference.com/teams/ATL/2024-schedule-scores.shtml#all_team_schedule
LAN202408110,2024-08-11,0,LAD,PIT,,LAD,LAN,LAD,https://www.baseball-reference.com/teams/LAD/2024-schedule-scores.shtml#all_team_schedule
MIA202408110,2024-08-11,0,MIA,SDP,,MIA,MIA,MIA,https://www.baseball-reference.com/teams/MIA/2024-schedule-scores.shtml#all_team_schedule
MIL202408110,2024-08-11,0,CIN,MIL,@,MIL,MIL,CIN,https://www.baseball-reference.com/teams/CIN/2024-schedule-scores.shtml#all_team_schedule
MIN202408110,2024-08-11,0,CLE,MIN,@,MIN,MIN,CLE,https://www.baseball-reference.com/teams/CLE/2024-schedule-scores.shtml#all_team_schedule
NYA202408110,2024-08-11,0,NYY,TEX,,NYY,NYA,NYY,https://www.baseball-reference.com/teams/NYY/2024-schedule-scores.shtml#all_team_schedule
SEA202408110,2024-08-11,0,NYM,SEA,@,SEA,SEA,NYM,https://www.baseball-reference.com/teams/NYM/2024-schedule-scores.shtml#all_team_schedule
SFN202408110,2024-08-11,0,DET,SFG,@,SFG,SFN,DET,https://www.baseball-reference.com/teams/DET/2024-schedule-scores.shtml#all_team_schedule
TBA202408110,2024-08-11,0,BAL,TBR,@,TBR,TBA,BAL,https://www.baseball-reference.com/teams/BAL/2024-schedule-scores.shtml#all_team_schedule
TOR202408110,2024-08-11,0,OAK,TOR,@,TOR,TOR,OAK,https://www.baseball-reference.com/teams/OAK/2024-schedule-scores.shtml#all_team_schedule
WAS202408110,2024-08-11,0,LAA,WSN,@,WSN,WAS,LAA,https://www.baseball-reference.com/teams/LAA/2024-schedule-scores.shtml#all_team_schedule
ANA202408120,2024-08-12,0,LAA,TOR,,LAA,ANA,LAA,https://www.baseball-reference.com/teams/LAA/2024-schedule-scores.shtml#all_team_schedule
ARI202408120,2024-08-12,0,ARI,COL,,ARI,ARI,ARI,https://www.baseball-reference.com/teams/ARI/2024-schedule-scores.shtml#all_team_schedule
BOS202408120,2024-08-12,0,BOS,TEX,,BOS,BOS,BOS,https://www.baseball-reference.com/teams/BOS/2024-schedule-scores.shtml#all_team_schedule
CHA202408120,2024-08-12,0,CHW,NYY,,CHW,CHA,CHW,https://www.baseball-reference.com/teams/CHW/2024-schedule-scores.shtml#all_team_schedule
CIN202408120,2024-08-12,0,CIN,STL,,CIN,CIN,CIN,https://www.baseball-reference.com/teams/CIN/2024-schedule-scores.shtml#all_team_schedule
CLE202408120,2024-08-12,0,CHC,CLE,@,CLE,CLE,CHC,https://www.baseball-reference.com/teams/CHC/2024-schedule-scores.shtml#all_team_schedule
MIL202408120,2024-08-12,0,LAD,MIL,@,MIL,MIL,LAD,https://www.baseball-reference.com/teams/LAD/2024-schedule-scores.shtml#all_team_schedule
MIN202408120,2024-08-12,0,KCR,MIN,@,MIN,MIN,KCR,https://www.baseball-reference.com/teams/KCR/2024-schedule-scores.shtml#all_team_schedule
SDN202408120,2024-08-12,0,PIT,SDP,@,SDP,SDN,PIT,https://www.baseball-reference.com/teams/PIT/2024-schedule-scores.shtml#all_team_schedule
SFN202408120,2024-08-12,0,ATL,SFG,@,SFG,SFN,ATL,https://www.baseball-reference.com/teams/ATL/2024-schedule-scores.shtml#all_team_schedule
TBA202408120,2024-08-12,0,HOU,TBR,@,TBR,TBA,HOU,https://www.baseball-reference.com/teams/HOU/2024-schedule-scores.shtml#all_team_schedule
ANA202408130,2024-08-13,0,LAA,TOR,,LAA,ANA,LAA,https://www.baseball-reference.com/teams/LAA/2024-schedule-scores.shtml#all_team_schedule
ARI202408130,2024-08-13,0,ARI,COL,,ARI,ARI,ARI,https://www.baseball-reference.com/teams/ARI/2024-schedule-scores.shtml#all_team_schedule
BAL202408130,2024-08-13,0,BAL,WSN,,BAL,BAL,BAL,https://www.baseball-reference.com/teams/BAL/2024-schedule-scores.shtml#all_team_schedule
BOS202408130,2024-08-13,0,BOS,TEX,,BOS,BOS,BOS,https://www.baseball-reference.com/teams/BOS/2024-schedule-scores.shtml#all_team_schedule
CHA202408130,2024-08-13,0,CHW,NYY,,CHW,CHA,CHW,https://www.baseball-reference.com/teams/CHW/2024-schedule-scores.shtml#all_team_schedule
CIN202408130,2024-08-13,0,CIN,STL,,CIN,CIN,CIN,https://www.baseball-reference.com/teams/CIN/2024-schedule-scores.shtml#all_team_schedule
CLE202408130,2024-08-13,0,CHC,CLE,@,CLE,CLE,CHC,https://www.baseball-reference.com/teams/CHC/2024-schedule-scores.shtml#all_team_schedule
DET202408130,2024-08-13,0,DET,SEA,,DET,DET,DET,https://www.baseball-reference.com/teams/DET/2024-schedule-scores.shtml#all_team_schedule
MIL202408130,2024-08-13,0,LAD,MIL,@,MIL,MIL,LAD,https://www.baseball-reference.com/teams/LAD/2024-schedule-scores.shtml#all_team_schedule
MIN202408130,2024-08-13,0,KCR,MIN,@,MIN,MIN,KCR,https://www.baseball-reference.com/teams/KCR/2024-schedule-scores.shtml#all_team_schedule
NYN202408130,2024-08-13,0,NYM,OAK,,NYM,NYN,NYM,https://www.baseball-reference.com/teams/NYM/2024-schedule-scores.shtml#all_team_schedule
PHI202408130,2024-08-13,0,MIA,PHI,@,PHI,PHI,MIA,https://www.baseball-reference.com/teams/MIA/2024-schedule-scores.shtml#all_team_schedule
SDN202408130,2024-08-13,0,PIT,SDP,@,SDP,SDN,PIT,https://www.baseball-reference.com/teams/PIT/2024-schedule-scores.shtml#all_team_schedule
SFN202408130,2024-08-13,0,ATL,SFG,@,SFG,SFN,ATL,https://www.baseball-reference.com/teams/ATL/2024-schedule-scores.shtml#all_team_schedule
TBA202408130,2024-08-13,0,HOU,TBR,@,TBR,TBA,HOU,https://www.baseball-reference.com/teams/HOU/2024-schedule-scores.shtml#all_team_schedule
ANA202408140,2024-08-14,0,LAA,TOR,,LAA,ANA,LAA,https://www.baseball-reference.com/teams/LAA/2024-schedule-scores.shtml#all_team_schedule
ARI202408140,2024-08-14,0,ARI,COL,,ARI,ARI,ARI,https://www.baseball-reference.com/teams/ARI/2024-schedule-scores.shtml#all_team_schedule
BAL202408140,2024-08-14,0,BAL,WSN,,BAL,BAL,BAL,https://www.baseball-reference.com/teams/BAL/2024-schedule-scores.shtml#all_team_schedule
BOS202408140,2024-08-14,0,BOS,TEX,,BOS,BOS,BOS,https://www.baseball-reference.com/teams/BOS/2024-schedule-scores.shtml#all_team_schedule
CHA202408140,2024-08-14,0,CHW,NYY,,CHW,CHA,CHW,https://www.baseball-reference.com/teams/CHW/2024-schedule-scores.shtml#all_team_schedule
CIN202408140,2024-08-14,0,CIN,STL,,CIN,CIN,CIN,https://www.baseball-reference.com/teams/CIN/2024-schedule-scores.shtml#all_team_schedule
CLE202408140,2024-08-14,0,CHC,CLE,@,CLE,CLE,CHC,https://www.baseball-reference.com/teams/CHC/2024-schedule-scores.shtml#all_team_schedule
DET202408140,2024-08-14,0,DET,SEA,,DET,DET,DET,https://www.baseball-reference.com/teams/DET/2024-schedule-scores.shtml#all_team_schedule
MIL202408140,2024-08-14,0,LAD,MIL,@,MIL,MIL,LAD,https://www.baseball-reference.com/teams/LAD/2024-schedule-scores.shtml#all_team_schedule
MIN202408140,2024-08-14,0,KCR,MIN,@,MIN,MIN,KCR,https://www.baseball-reference.com/teams/KCR/2024-schedule-scores.shtml#all_team_schedule
NYN202408140,2024-08-14,0,NYM,OAK,,NYM,NYN,NYM,https://www.baseball-reference.com/teams/NYM/2024-schedule-scores.shtml#all_team_schedule
PHI202408140,2024-08-14,0,MIA,PHI,@,PHI,PHI,MIA,https://www.baseball-reference.com/teams/MIA/2024-schedule-scores.shtml#all_team_schedule
SDN202408140,2024-08-14,0,PIT,SDP,@,SDP,SDN,PIT,https://www.baseball-reference.com/teams/PIT/2024-schedule-scores.shtml#all_team_schedule
SFN202408140,2024-08-14,0,ATL,SFG,@,SFG,SFN,ATL,https://www.baseball-reference.com/teams/ATL/2024-schedule-scores.shtml#all_team_schedule
TBA202408140,2024-08-14,0,HOU,TBR,@,TBR,TBA,HOU,https://www.baseball-reference.com/teams/HOU/2024-schedule-scores.shtml#all_team_schedule
BAL202408150,2024-08-15,0,BAL,BOS,,BAL,BAL,BAL,https://www.baseball-reference.com/teams/BAL/2024-schedule-scores.shtml#all_team_schedule
DET202408150,2024-08-15,0,DET,SEA,,DET,DET,DET,https://www.baseball-reference.com/teams/DET/2024-schedule-scores.shtml#all_team_schedule
MIL202408150,2024-08-15,0,LAD,MIL,@,MIL,MIL,LAD,https://www.baseball-reference.com/teams/LAD/2024-schedule-scores.shtml#all_team_schedule
NYN202408150,2024-08-15,0,NYM,OAK,,NYM,NYN,NYM,https://www.baseball-reference.com/teams/NYM/2024-schedule-scores.shtml#all_team_schedule
PHI202408150,2024-08-15,0,PHI,WSN,,PHI,PHI,PHI,https://www.baseball-reference.com/teams/PHI/2024-schedule-scores.shtml#all_team_schedule
SFN202408150,2024-08-15,0,ATL,SFG,@,SFG,SFN,ATL,https://www.baseball-reference.com/teams/ATL/2024-schedule-scores.shtml#all_team_schedule
TEX202408150,2024-08-15,0,MIN,TEX,@,TEX,TEX,MIN,https://www.baseball-reference.com/teams/MIN/2024-schedule-scores.shtml#all_team_schedule
ANA202408160,2024-08-16,0,ATL,LAA,@,LAA,ANA,ATL,https://www.baseball-reference.com/teams/ATL/2024-schedule-scores.shtml#all_team_schedule
BAL202408160,2024-08-16,0,BAL,BOS,,BAL,BAL,BAL,https://www.baseball-reference.com/teams/BAL/2024-schedule-scores.shtml#all_team_schedule
CHN202408160,2024-08-16,0,CHC,TOR,,CHC,CHN,CHC,https://www.baseball-reference.com/teams/CHC/2024-schedule-scores.shtml#all_team_schedule
CIN202408160,2024-08-16,0,CIN,KCR,,CIN,CIN,CIN,https://www.baseball-reference.com/teams/CIN/2024-schedule-scores.shtml#all_team_schedule
COL202408160,2024-08-16,0,COL,SDP,,COL,COL,COL,https://www.baseball-reference.com/teams/COL/2024-schedule-scores.shtml#all_team_schedule
DET202408160,2024-08-16,0,DET,NYY,,DET,DET,DET,https://www.baseball-reference.com/teams/DET/2024-schedule-scores.shtml#all_team_schedule
HOU202408160,2024-08-16,0,CHW,HOU,@,HOU,HOU,CHW,https://www.baseball-reference.com/teams/CHW/2024-schedule-scores.shtml#all_team_schedule
MIL202408160,2024-08-16,0,CLE,MIL,@,MIL,MIL,CLE,https://www.baseball-reference.com/teams/CLE/2024-schedule-scores.shtml#all_team_schedule
NYN202408160,2024-08-16,0,MIA,NYM,@,NYM,NYN,MIA,https://www.baseball-reference.com/teams/MIA/2024-schedule-scores.shtml#all_team_schedule
PHI202408160,2024-08-16,0,PHI,WSN,,PHI,PHI,PHI,https://www.baseball-reference.com/teams/PHI/2024-schedule-scores.shtml#all_team_schedule
PIT202408160,2024-08-16,0,PIT,SEA,,PIT,PIT,PIT,https://www.baseball-reference.com/teams/PIT/2024-schedule-scores.shtml#all_team_schedule
SLN202408160,2024-08-16,0,LAD,STL,@,STL,SLN,LAD,https://www.baseball-reference.com/teams/LAD/2024-schedule-scores.shtml#all_team_schedule
TBA202408160,2024-08-16,0,ARI,TBR,@,TBR,TBA,ARI,https://www.baseball-reference.com/teams/ARI/2024-schedule-scores.shtml#all_team_schedule
TEX202408160,2024-08-16,0,MIN,TEX,@,TEX,TEX,MIN,https://www.baseball-reference.com/teams/MIN/2024-schedule-scores.shtml#all_team_schedule
ANA202408170,2024-08-17,0,ATL,LAA,@,LAA,ANA,ATL,https://www.baseball-reference.com/teams/ATL/2024-schedule-scores.shtml#all_team_schedule
BAL202408170,2024-08-17,0,BAL,BOS,,BAL,BAL,BAL,https://www.baseball-reference.com/teams/BAL/2024-schedule-scores.shtml#all_team_schedule
CHN202408170,2024-08-17,0,CHC,TOR,,CHC,CHN,CHC,https://www.baseball-reference.com/teams/CHC/2024-schedule-scores.shtml#all_team_schedule
CIN202408170,2024-08-17,0,CIN,KCR,,CIN,CIN,CIN,https://www.baseball-reference.com/teams/CIN/2024-schedule-scores.shtml#all_team_schedule
COL202408170,2024-08-17,0,COL,SDP,,COL,COL,COL,https://www.baseball-reference.com/teams/COL/2024-schedule-scores.shtml#all_team_schedule
DET202408170,2024-08-17,0,DET,NYY,,DET,DET,DET,https://www.baseball-reference.com/teams/DET/2024-schedule-scores.shtml#all_team_schedule
HOU202408170,2024-08-17,0,CHW,HOU,@,HOU,HOU,CHW,https://www.baseball-reference.com/teams/CHW/2024-schedule-scores.shtml#all_team_schedule
MIL202408170,2024-08-17,0,CLE,MIL,@,MIL,MIL,CLE,https://www.baseball-reference.com/teams/CLE/2024-schedule-scores.shtml#all_team_schedule
NYN202408170,2024-08-17,0,MIA,NYM,@,NYM,NYN,MIA,https://www.baseball-reference.com/teams/MIA/2024-schedule-scores.shtml#all_team_schedule
OAK202408170,2024-08-17,0,OAK,SFG,,OAK,OAK,OAK,https://www.baseball-reference.com/teams/OAK/2024-schedule-scores.shtml#all_team_schedule
PHI202408170,2024-08-17,0,PHI,WSN,,PHI,PHI,PHI,https://www.baseball-reference.com/teams/PHI/2024-schedule-scores.shtml#all_team_schedule
PIT202408170,2024-08-17,0,PIT,SEA,,PIT,PIT,PIT,https://www.baseball-reference.com/teams/PIT/2024-schedule-scores.shtml#all_team_schedule
SLN202408170,2024-08-17,0,LAD,STL,@,STL,SLN,LAD,https://www.baseball-reference.com/teams/LAD/2024-schedule-scores.shtml#all_team_schedule
TBA202408170,2024-08-17,0,ARI,TBR,@,TBR,TBA,ARI,https://www.baseball-reference.com/teams/ARI/2024-schedule-scores.shtml#all_team_schedule
TEX202408170,2024-08-17,0,MIN,TEX,@,TEX,TEX,MIN,https://www.baseball-reference.com/teams/MIN/2024-schedule-scores.shtml#all_team_schedule
ANA202408180,2024-08-18,0,ATL,LAA,@,LAA,ANA,ATL,https://www.baseball-reference.com/teams/ATL/2024-schedule-scores.shtml#all_team_schedule
BAL202408180,2024-08-18,0,BAL,BOS,,BAL,BAL,BAL,https://www.baseball-reference.com/teams/BAL/2024-schedule-scores.shtml#all_team_schedule
CHN202408180,2024-08-18,0,CHC,TOR,,CHC,CHN,CHC,https://www.baseball-reference.com/teams/CHC/2024-schedule-scores.shtml#all_team_schedule
CIN202408180,2024-08-18,0,CIN,KCR,,CIN,CIN,CIN,https://www.baseball-reference.com/teams/CIN/2024-schedule-scores.shtml#all_team_schedule
COL202408180,2024-08-18,0,COL,SDP,,COL,COL,COL,https://www.baseball-reference.com/teams/COL/2024-schedule-scores.shtml#all_team_schedule
DET202408180,2024-08-18,0,DET,NYY,,DET,DET,DET,https://www.baseball-reference.com/teams/DET/2024-schedule-scores.shtml#all_team_schedule
HOU202408180,2024-08-18,0,CHW,HOU,@,HOU,HOU,CHW,https://www.baseball-reference.com/teams/CHW/2024-schedule-scores.shtml#all_team_schedule
MIL202408180,2024-08-18,0,CLE,MIL,@,MIL,MIL,CLE,https://www.baseball-reference.com/teams/CLE/2024-schedule-scores.shtml#all_team_schedule
NYN202408180,2024-08-18,0,MIA,NYM,@,NYM,NYN,MIA,https://www.baseball-reference.com/teams/MIA/2024-schedule-scores.shtml#all_team_schedule
OAK202408180,2024-08-18,0,OAK,SFG,,OAK,OAK,OAK,https://www.baseball-reference.com/teams/OAK/2024-schedule-scores.shtml#all_team_schedule
PHI202408180,2024-08-18,0,PHI,WSN,,PHI,PHI,PHI,https://www.baseball-reference.com/teams/PHI/2024-schedule-scores.shtml#all_team_schedule
PIT202408180,2024-08-18,0,PIT,SEA,,PIT,PIT,PIT,https://www.baseball-reference.com/teams/PIT/2024-schedule-scores.shtml#all_team_schedule
SLN202408180,2024-08-18,0,LAD,STL,@,STL,SLN,LAD,https://www.baseball-reference.com/teams/LAD/2024-schedule-scores.shtml#all_team_schedule
TBA202408180,2024-08-18,0,ARI,TBR,@,TBR,TBA,ARI,https://www.baseball-reference.com/teams/ARI/2024-schedule-scores.shtml#all_team_schedule
TEX202408180,2024-08-18,0,MIN,TEX,@,TEX,TEX,MIN,https://www.baseball-reference.com/teams/MIN/2024-schedule-scores.shtml#all_team_schedule
HOU202408190,2024-08-19,0,BOS,HOU,@,HOU,HOU,BOS,https://www.baseball-reference.com/teams/BOS/2024-schedule-scores.shtml#all_team_schedule
KCA202408190,2024-08-19,0,KCR,LAA,,KCR,KCA,KCR,https://www.baseball-reference.com/teams/KCR/2024-schedule-scores.shtml#all_team_schedule
LAN202408190,2024-08-19,0,LAD,SEA,,LAD,LAN,LAD,https://www.baseball-reference.com/teams/LAD/2024-schedule-scores.shtml#all_team_schedule
MIA202408190,2024-08-19,0,ARI,MIA,@,MIA,MIA,ARI,https://www.baseball-reference.com/teams/ARI/2024-schedule-scores.shtml#all_team_schedule
NYN202408190,2024-08-19,0,BAL,NYM,@,NYM,NYN,BAL,https://www.baseball-reference.com/teams/BAL/2024-schedule-scores.shtml#all_team_schedule
OAK202408190,2024-08-19,0,OAK,TBR,,OAK,OAK,OAK,https://www.baseball-reference.com/teams/OAK/2024-schedule-scores.shtml#all_team_schedule
SDN202408190,2024-08-19,0,MIN,SDP,@,SDP,SDN,MIN,https://www.baseball-reference.com/teams/MIN/2024-schedule-scores.shtml#all_team_schedule
SFN202408190,2024-08-19,0,CHW,SFG,@,SFG,SFN,CHW,https://www.baseball-reference.com/teams/CHW/2024-schedule-scores.shtml#all_team_schedule
TEX202408190,2024-08-19,0,PIT,TEX,@,TEX,TEX,PIT,https://www.baseball-reference.com/teams/PIT/2024-schedule-scores.shtml#all_team_schedule
TOR202408190,2024-08-19,0,CIN,TOR,@,TOR,TOR,CIN,https://www.baseball-reference.com/teams/CIN/2024-schedule-scores.shtml#all_team_schedule
ATL202408200,2024-08-20,0,ATL,PHI,,ATL,ATL,ATL,https://www.baseball-reference.com/teams/ATL/2024-schedule-scores.shtml#all_team_schedule
CHN202408200,2024-08-20,0,CHC,DET,,CHC,CHN,CHC,https://www.baseball-reference.com/teams/CHC/2024-schedule-scores.shtml#all_team_schedule
HOU202408200,2024-08-20,0,BOS,HOU,@,HOU,HOU,BOS,https://www.baseball-reference.com/teams/BOS/2024-schedule-scores.shtml#all_team_schedule
KCA202408200,2024-08-20,0,KCR,LAA,,KCR,KCA,KCR,https://www.baseball-reference.com/teams/KCR/2024-schedule-scores.shtml#all_team_schedule
LAN202408200,2024-08-20,0,LAD,SEA,,LAD,LAN,LAD,https://www.baseball-reference.com/teams/LAD/2024-schedule-scores.shtml#all_team_schedule
MIA202408200,2024-08-20,0,ARI,MIA,@,MIA,MIA,ARI,https://www.baseball-reference.com/teams/ARI/2024-schedule-scores.shtml#all_team_schedule
NYA202408200,2024-08-20,0,CLE,NYY,@,NYY,NYA,CLE,https://www.baseball-reference.com/teams/CLE/2024-schedule-scores.shtml#all_team_schedule
NYN202408200,2024-08-20,0,BAL,NYM,@,NYM,NYN,BAL,https://www.baseball-reference.com/teams/BAL/2024-schedule-scores.shtml#all_team_schedule
OAK202408200,2024-08-20,0,OAK,TBR,,OAK,OAK,OAK,https://www.baseball-reference.com/teams/OAK/2024-schedule-scores.shtml#all_team_schedule
SDN202408200,2024-08-20,0,MIN,SDP,@,SDP,SDN,MIN,https://www.baseball-reference.com/teams/MIN/2024-schedule-scores.shtml#all_team_schedule
SFN202408200,2024-08-20,0,CHW,SFG,@,SFG,SFN,CHW,https://www.baseball-reference.com/teams/CHW/2024-schedule-scores.shtml#all_team_schedule
SLN202408200,2024-08-20,0,MIL,STL,@,STL,SLN,MIL,https://www.baseball-reference.com/teams/MIL/2024-schedule-scores.shtml#all_team_schedule
TEX202408200,2024-08-20,0,PIT,TEX,@,TEX,TEX,PIT,https://www.baseball-reference.com/teams/PIT/2024-schedule-scores.shtml#all_team_schedule
TOR202408200,2024-08-20,0,CIN,TOR,@,TOR,TOR,CIN,https://www.baseball-reference.com/teams/CIN/2024-schedule-scores.shtml#all_team_schedule
WAS202408200,2024-08-20,0,COL,WSN,@,WSN,WAS,COL,https://www.baseball-reference.com/teams/COL/2024-schedule-scores.shtml#all_team_schedule
ATL202408210,2024-08-21,0,ATL,PHI,,ATL,ATL,ATL,https://www.baseball-reference.com/teams/ATL/2024-schedule-scores.shtml#all_team_schedule
CHN202408210,2024-08-21,0,CHC,DET,,CHC,CHN,CHC,https://www.baseball-reference.com/teams/CHC/2024-schedule-scores.shtml#all_team_schedule
HOU202408210,2024-08-21,0,BOS,HOU,@,HOU,HOU,BOS,https://www.baseball-reference.com/teams/BOS/2024-schedule-scores.shtml#all_team_schedule
KCA202408210,2024-08-21,0,KCR,LAA,,KCR,KCA,KCR,https://www.baseball-reference.com/teams/KCR/2024-schedule-scores.shtml#all_team_schedule
LAN202408210,2024-08-21,0,LAD,SEA,,LAD,LAN,LAD,https://www.baseball-reference.com/teams/LAD/2024-schedule-scores.shtml#all_team_schedule
MIA202408210,2024-08-21,0,ARI,MIA,@,MIA,MIA,ARI,https://www.baseball-reference.com/teams/ARI/2024-schedule-scores.shtml#all_team_schedule
NYA202408210,2024-08-21,0,CLE,NYY,@,NYY,NYA,CLE,https://www.baseball-reference.com/teams/CLE/2024-schedule-scores.shtml#all_team_schedule
NYN202408210,2024-08-21,0,BAL,NYM,@,NYM,NYN,BAL,https://www.baseball-reference.com/teams/BAL/2024-schedule-scores.shtml#all_team_schedule
OAK202408210,2024-08-21,0,OAK,TBR,,OAK,OAK,OAK,https://www.baseball-reference.com/teams/OAK/2024-schedule-scores.shtml#all_team_schedule
SDN202408210,2024-08-21,0,MIN,SDP,@,SDP,SDN,MIN,https://www.baseball-reference.com/teams/MIN/2024-schedule-scores.shtml#all_team_schedule
SFN202408210,2024-08-21,0,CHW,SFG,@,SFG,SFN,CHW,https://www.baseball-reference.com/teams/CHW/2024-schedule-scores.shtml#all_team_schedule
SLN202408210,2024-08-21,0,MIL,STL,@,STL,SLN,MIL,https://www.baseball-reference.com/teams/MIL/2024-schedule-scores.shtml#all_team_schedule
TEX202408210,2024-08-21,0,PIT,TEX,@,TEX,TEX,PIT,https://www.baseball-reference.com/teams/PIT/2024-schedule-scores.shtml#all_team_schedule
TOR202408210,2024-08-21,0,CIN,TOR,@,TOR,TOR,CIN,https://www.baseball-reference.com/teams/CIN/2024-schedule-scores.shtml#all_team_schedule
WAS202408210,2024-08-21,0,COL,WSN,@,WSN,WAS,COL,https://www.baseball-reference.com/teams/COL/2024-schedule-scores.shtml#all_team_schedule
ATL202408220,2024-08-22,0,ATL,PHI,,ATL,ATL,ATL,https://www.baseball-reference.com/teams/ATL/2024-schedule-scores.shtml#all_team_schedule
BAL202408220,2024-08-22,0,BAL,HOU,,BAL,BAL,BAL,https://www.baseball-reference.com/teams/BAL/2024-schedule-scores.shtml#all_team_schedule
CHN202408220,2024-08-22,0,CHC,DET,,CHC,CHN,CHC,https://www.baseball-reference.com/teams/CHC/2024-schedule-scores.shtml#all_team_schedule
NYA202408220,2024-08-22,0,CLE,NYY,@,NYY,NYA,CLE,https://www.baseball-reference.com/teams/CLE/2024-schedule-scores.shtml#all_team_schedule
OAK202408220,2024-08-22,0,OAK,TBR,,OAK,OAK,OAK,https://www.baseball-reference.com/teams/OAK/2024-schedule-scores.shtml#all_team_schedule
PIT202408220,2024-08-22,0,CIN,PIT,@,PIT,PIT,CIN,https://www.baseball-reference.com/teams/CIN/2024-schedule-scores.shtml#all_team_schedule
SDN202408220,2024-08-22,0,NYM,SDP,@,SDP,SDN,NYM,https://www.baseball-reference.com/teams/NYM/2024-schedule-scores.shtml#all_team_schedule
SLN202408220,2024-08-22,0,MIL,STL,@,STL,SLN,MIL,https://www.baseball-reference.com/teams/MIL/2024-schedule-scores.shtml#all_team_schedule
TOR202408220,2024-08-22,0,LAA,TOR,@,TOR,TOR,LAA,https://www.baseball-reference.com/teams/LAA/2024-schedule-scores.shtml#all_team_schedule
WAS202408220,2024-08-22,0,COL,WSN,@,WSN,WAS,COL,https://www.baseball-reference.com/teams/COL/2024-schedule-scores.shtml#all_team_schedule
ATL202408230,2024-08-23,0,ATL,WSN,,ATL,ATL,ATL,https://www.baseball-reference.com/teams/ATL/2024-schedule-scores.shtml#all_team_schedule
BAL202408230,2024-08-23,0,BAL,HOU,,BAL,BAL,BAL,https://www.baseball-reference.com/teams/BAL/2024-schedule-scores.shtml#all_team_schedule
BOS202408230,2024-08-23,0,ARI,BOS,@,BOS,BOS,ARI,https://www.baseball-reference.com/teams/ARI/2024-schedule-scores.shtml#all_team_schedule
CHA202408230,2024-08-23,0,CHW,DET,,CHW,CHA,CHW,https://www.baseball-reference.com/teams/CHW/2024-schedule-scores.shtml#all_team_schedule
CLE202408230,2024-08-23,0,CLE,TEX,,CLE,CLE,CLE,https://www.baseball-reference.com/teams/CLE/2024-schedule-scores.shtml#all_team_schedule
KCA202408230,2024-08-23,0,KCR,PHI,,KCR,KCA,KCR,https://www.baseball-reference.com/teams/KCR/2024-schedule-scores.shtml#all_team_schedule
LAN202408230,2024-08-23,0,LAD,TBR,,LAD,LAN,LAD,https://www.baseball-reference.com/teams/LAD/2024-schedule-scores.shtml#all_team_schedule
MIA202408230,2024-08-23,0,CHC,MIA,@,MIA,MIA,CHC,https://www.baseball-reference.com/teams/CHC/2024-schedule-scores.shtml#all_team_schedule
MIN202408230,2024-08-23,0,MIN,STL,,MIN,MIN,MIN,https://www.baseball-reference.com/teams/MIN/2024-schedule-scores.shtml#all_team_schedule
NYA202408230,2024-08-23,0,COL,NYY,@,NYY,NYA,COL,https://www.baseball-reference.com/teams/COL/2024-schedule-scores.shtml#all_team_schedule
OAK202408230,2024-08-23,0,MIL,OAK,@,OAK,OAK,MIL,https://www.baseball-reference.com/teams/MIL/2024-schedule-scores.shtml#all_team_schedule
PIT202408230,2024-08-23,0,CIN,PIT,@,PIT,PIT,CIN,https://www.baseball-reference.com/teams/CIN/2024-schedule-scores.shtml#all_team_schedule
SDN202408230,2024-08-23,0,NYM,SDP,@,SDP,SDN,NYM,https://www.baseball-reference.com/teams/NYM/2024-schedule-scores.shtml#all_team_schedule
SEA202408230,2024-08-23,0,SEA,SFG,,SEA,SEA,SEA,https://www.baseball-reference.com/teams/SEA/2024-schedule-scores.shtml#all_team_schedule
TOR202408230,2024-08-23,0,LAA,TOR,@,TOR,TOR,LAA,https://www.baseball-reference.com/teams/LAA/2024-schedule-scores.shtml#all_team_schedule
ATL202408240,2024-08-24,0,ATL,WSN,,ATL,ATL,ATL,https://www.baseball-reference.com/teams/ATL/2024-schedule-scores.shtml#all_team_schedule
BAL202408240,2024-08-24,0,BAL,HOU,,BAL,BAL,BAL,https://www.baseball-reference.com/teams/BAL/2024-schedule-scores.shtml#all_team_schedule
BOS202408240,2024-08-24,0,ARI,BOS,@,BOS,BOS,ARI,https://www.baseball-reference.com/teams/ARI/2024-schedule-scores.shtml#all_team_schedule
CHA202408240,2024-08-24,0,CHW,DET,,CHW,CHA,CHW,https://www.baseball-reference.com/teams/CHW/2024-schedule-scores.shtml#all_team_schedule
CLE202408240,2024-08-24,0,CLE,TEX,,CLE,CLE,CLE,https://www.baseball-reference.com/teams/CLE/2024-schedule-scores.shtml#all_team_schedule
KCA202408240,2024-08-24,0,KCR,PHI,,KCR,KCA,KCR,https://www.baseball-reference.com/teams/KCR/2024-schedule-scores.shtml#all_team_schedule
LAN202408240,2024-08-24,0,LAD,TBR,,LAD,LAN,LAD,https://www.baseball-reference.com/teams/LAD/2024-schedule-scores.shtml#all_team_schedule
MIA202408240,2024-08-24,0,CHC,MIA,@,MIA,MIA,CHC,https://www.baseball-reference.com/teams/CHC/2024-schedule-scores.shtml#all_team_schedule
MIN202408240,2024-08-24,0,MIN,STL,,MIN,MIN,MIN,https://www.baseball-reference.com/teams/MIN/2024-schedule-scores.shtml#all_team_schedule
NYA202408240,2024-08-24,0,COL,NYY,@,NYY,NYA,COL,https://www.baseball-reference.com/teams/COL/2024-schedule-scores.shtml#all_team_schedule
OAK202408240,2024-08-24,0,MIL,OAK,@,OAK,OAK,MIL,https://www.baseball-reference.com/teams/MIL/2024-schedule-scores.shtml#all_team_schedule
PIT202408240,2024-08-24,0,CIN,PIT,@,PIT,PIT,CIN,https://www.baseball-reference.com/teams/CIN/2024-schedule-scores.shtml#all_team_schedule
SDN202408240,2024-08-24,0,NYM,SDP,@,SDP,SDN,NYM,https://www.baseball-reference.com/teams/NYM/2024-schedule-scores.shtml#all_team_schedule
SEA202408240,2024-08-24,0,SEA,SFG,,SEA,SEA,SEA,https://www.baseball-reference.com/teams/SEA/2024-schedule-scores.shtml#all_team_schedule
TOR202408240,2024-08-24,0,LAA,TOR,@,TOR,TOR,LAA,https://www.baseball-reference.com/teams/LAA/2024-schedule-scores.shtml#all_team_schedule
ATL202408250,2024-08-25,0,ATL,WSN,,ATL,ATL,ATL,https://www.baseball-reference.com/teams/ATL/2024-schedule-scores.shtml#all_team_schedule
BAL202408250,2024-08-25,0,BAL,HOU,,BAL,BAL,BAL,https://www.baseball-reference.com/teams/BAL/2024-schedule-scores.shtml#all_team_schedule
BOS202408250,2024-08-25,0,ARI,BOS,@,BOS,BOS,ARI,https://www.baseball-reference.com/teams/ARI/2024-schedule-scores.shtml#all_team_schedule
CHA202408250,2024-08-25,0,CHW,DET,,CHW,CHA,CHW,https://www.baseball-reference.com/teams/CHW/2024-schedule-scores.shtml#all_team_schedule
CLE202408250,2024-08-25,0,CLE,TEX,,CLE,CLE,CLE,https://www.baseball-reference.com/teams/CLE/2024-schedule-scores.shtml#all_team_schedule
KCA202408250,2024-08-25,0,KCR,PHI,,KCR,KCA,KCR,https://www.baseball-reference.com/teams/KCR/2024-schedule-scores.shtml#all_team_schedule
LAN202408250,2024-08-25,0,LAD,TBR,,LAD,LAN,LAD,https://www.baseball-reference.com/teams/LAD/2024-schedule-scores.shtml#all_team_schedule
MIA202408250,2024-08-25,0,CHC,MIA,@,MIA,MIA,CHC,https://www.baseball-reference.com/teams/CHC/2024-schedule-scores.shtml#all_team_schedule
MIN202408250,2024-08-25,0,MIN,STL,,MIN,MIN,MIN,https://www.baseball-reference.com/teams/MIN/2024-schedule-scores.shtml#all_team_schedule
NYA202408250,2024-08-25,0,COL,NYY,@,NYY,NYA,COL,https://www.baseball-reference.com/teams/COL/2024-schedule-scores.shtml#all_team_schedule
OAK202408250,2024-08-25,0,MIL,OAK,@,OAK,OAK,MIL,https://www.baseball-reference.com/teams/MIL/2024-schedule-scores.shtml#all_team_schedule
PIT202408250,2024-08-25,0,CIN,PIT,@,PIT,PIT,CIN,https://www.baseball-reference.com/teams/CIN/2024-schedule-scores.shtml#all_team_schedule
SDN202408250,2024-08-25,0,NYM,SDP,@,SDP,SDN,NYM,https://www.baseball-reference.com/teams/NYM/2024-schedule-scores.shtml#all_team_schedule
SEA202408250,2024-08-25,0,SEA,SFG,,SEA,SEA,SEA,https://www.baseball-reference.com/teams/SEA/2024-schedule-scores.shtml#all_team_schedule
TOR202408250,2024-08-25,0,LAA,TOR,@,TOR,TOR,LAA,https://www.baseball-reference.com/teams/LAA/2024-schedule-scores.shtml#all_team_schedule
BOS202408260,2024-08-26,0,BOS,TOR,,BOS,BOS,BOS,https://www.baseball-reference.com/teams/BOS/2024-schedule-scores.shtml#all_team_schedule
CHA202408260,2024-08-26,0,CHW,DET,,CHW,CHA,CHW,https://www.baseball-reference.com/teams/CHW/2024-schedule-scores.shtml#all_team_schedule
CLE202408261,2024-08-26,1,CLE,KCR,,CLE,CLE,CLE,https://www.baseball-reference.com/teams/CLE/2024-schedule-scores.shtml#all_team_schedule
CLE202408262,2024-08-26,2,CLE,KCR,,CLE,CLE,CLE,https://www.baseball-reference.com/teams/CLE/2024-schedule-scores.shtml#all_team_schedule
COL202408260,2024-08-26,0,COL,MIA,,COL,COL,COL,https://www.baseball-reference.com/teams/COL/2024-schedule-scores.shtml#all_team_schedule
MIN202408260,2024-08-26,0,ATL,MIN,@,MIN,MIN,ATL,https://www.baseball-reference.com/teams/ATL/2024-schedule-scores.shtml#all_team_schedule
PHI202408260,2024-08-26,0,HOU,PHI,@,PHI,PHI,HOU,https://www.baseball-reference.com/teams/HOU/2024-schedule-scores.shtml#all_team_schedule
PIT202408260,2024-08-26,0,CHC,PIT,@,PIT,PIT,CHC,https://www.baseball-reference.com/teams/CHC/2024-schedule-scores.shtml#all_team_schedule
SEA202408260,2024-08-26,0,SEA,TBR,,SEA,SEA,SEA,https://www.baseball-reference.com/teams/SEA/2024-schedule-scores.shtml#all_team_schedule
SLN202408260,2024-08-26,0,SDP,STL,@,STL,SLN,SDP,https://www.baseball-reference.com/teams/SDP/2024-schedule-scores.shtml#all_team_schedule
WAS202408260,2024-08-26,0,NYY,WSN,@,WSN,WAS,NYY,https://www.baseball-reference.com/teams/NYY/2024-schedule-scores.shtml#all_team_schedule
ARI202408270,2024-08-27,0,ARI,NYM,,ARI,ARI,ARI,https://www.baseball-reference.com/teams/ARI/2024-schedule-scores.shtml#all_team_schedule
BOS202408270,2024-08-27,0,BOS,TOR,,BOS,BOS,BOS,https://www.baseball-reference.com/teams/BOS/2024-schedule-scores.shtml#all_team_schedule
CHA202408270,2024-08-27,0,CHW,TEX,,CHW,CHA,CHW,https://www.baseball-reference.com/teams/CHW/2024-schedule-scores.shtml#all_team_schedule
CIN202408270,2024-08-27,0,CIN,OAK,,CIN,CIN,CIN,https://www.baseball-reference.com/teams/CIN/2024-schedule-scores.shtml#all_team_schedule
CLE202408270,2024-08-27,0,CLE,KCR,,CLE,CLE,CLE,https://www.baseball-reference.com/teams/CLE/2024-schedule-scores.shtml#all_team_schedule
COL202408270,2024-08-27,0,COL,MIA,,COL,COL,COL,https://www.baseball-reference.com/teams/COL/2024-schedule-scores.shtml#all_team_schedule
DET202408270,2024-08-27,0,DET,LAA,,DET,DET,DET,https://www.baseball-reference.com/teams/DET/2024-schedule-scores.shtml#all_team_schedule
LAN202408270,2024-08-27,0,BAL,LAD,@,LAD,LAN,BAL,https://www.baseball-reference.com/teams/BAL/2024-schedule-scores.shtml#all_team_schedule
MIL202408270,2024-08-27,0,MIL,SFG,,MIL,MIL,MIL,https://www.baseball-reference.com/teams/MIL/2024-schedule-scores.shtml#all_team_schedule
MIN202408270,2024-08-27,0,ATL,MIN,@,MIN,MIN,ATL,https://www.baseball-reference.com/teams/ATL/2024-schedule-scores.shtml#all_team_schedule
PHI202408270,2024-08-27,0,HOU,PHI,@,PHI,PHI,HOU,https://www.baseball-reference.com/teams/HOU/2024-schedule-scores.shtml#all_team_schedule
PIT202408270,2024-08-27,0,CHC,PIT,@,PIT,PIT,CHC,https://www.baseball-reference.com/teams/CHC/2024-schedule-scores.shtml#all_team_schedule
SEA202408270,2024-08-27,0,SEA,TBR,,SEA,SEA,SEA,https://www.baseball-reference.com/teams/SEA/2024-schedule-scores.shtml#all_team_schedule
SLN202408270,2024-08-27,0,SDP,STL,@,STL,SLN,SDP,https://www.baseball-reference.com/teams/SDP/2024-schedule-scores.shtml#all_team_schedule
WAS202408270,2024-08-27,0,NYY,WSN,@,WSN,WAS,NYY,https://www.baseball-reference.com/teams/NYY/2024-schedule-scores.shtml#all_team_schedule
ARI202408280,2024-08-28,0,ARI,NYM,,ARI,ARI,ARI,https://www.baseball-reference.com/teams/ARI/2024-schedule-scores.shtml#all_team_schedule
BOS202408280,2024-08-28,0,BOS,TOR,,BOS,BOS,BOS,https://www.baseball-reference.com/teams/BOS/2024-schedule-scores.shtml#all_team_schedule
CHA202408280,2024-08-28,0,CHW,TEX,,CHW,CHA,CHW,https://www.baseball-reference.com/teams/CHW/2024-schedule-scores.shtml#all_team_schedule
CIN202408280,2024-08-28,0,CIN,OAK,,CIN,CIN,CIN,https://www.baseball-reference.com/teams/CIN/2024-schedule-scores.shtml#all_team_schedule
CLE202408280,2024-08-28,0,CLE,KCR,,CLE,CLE,CLE,https://www.baseball-reference.com/teams/CLE/2024-schedule-scores.shtml#all_team_schedule
COL202408280,2024-08-28,0,COL,MIA,,COL,COL,COL,https://www.baseball-reference.com/teams/COL/2024-schedule-scores.shtml#all_team_schedule
DET202408280,2024-08-28,0,DET,LAA,,DET,DET,DET,https://www.baseball-reference.com/teams/DET/2024-schedule-scores.shtml#all_team_schedule
LAN202408280,2024-08-28,0,BAL,LAD,@,LAD,LAN,BAL,https://www.baseball-reference.com/teams/BAL/2024-schedule-scores.shtml#all_team_schedule
MIL202408280,2024-08-28,0,MIL,SFG,,MIL,MIL,MIL,https://www.baseball-reference.com/teams/MIL/2024-schedule-scores.shtml#all_team_schedule
MIN202408280,2024-08-28,0,ATL,MIN,@,MIN,MIN,ATL,https://www.baseball-reference.com/teams/ATL/2024-schedule-scores.shtml#all_team_schedule
PHI202408280,2024-08-28,0,HOU,PHI,@,PHI,PHI,HOU,https://www.baseball-reference.com/teams/HOU/2024-schedule-scores.shtml#all_team_schedule
PIT202408280,2024-08-28,0,CHC,PIT,@,PIT,PIT,CHC,https://www.baseball-reference.com/teams/CHC/2024-schedule-scores.shtml#all_team_schedule
SEA202408280,2024-08-28,0,SEA,TBR,,SEA,SEA,SEA,https://www.baseball-reference.com/teams/SEA/2024-schedule-scores.shtml#all_team_schedule
SLN202408280,2024-08-28,0,SDP,STL,@,STL,SLN,SDP,https://www.baseball-reference.com/teams/SDP/2024-schedule-scores.shtml#all_team_schedule
WAS202408280,2024-08-28,0,NYY,WSN,@,WSN,WAS,NYY,https://www.baseball-reference.com/teams/NYY/2024-schedule-scores.shtml#all_team_schedule
ARI202408290,2024-08-29,0,ARI,NYM,,ARI,ARI,ARI,https://www.baseball-reference.com/teams/ARI/2024-schedule-scores.shtml#all_team_schedule
BOS202408290,2024-08-29,0,BOS,TOR,,BOS,BOS,BOS,https://www.baseball-reference.com/teams/BOS/2024-schedule-scores.shtml#all_team_schedule
CHA202408290,2024-08-29,0,CHW,TEX,,CHW,CHA,CHW,https://www.baseball-reference.com/teams/CHW/2024-schedule-scores.shtml#all_team_schedule
CIN202408290,2024-08-29,0,CIN,OAK,,CIN,CIN,CIN,https://www.baseball-reference.com/teams/CIN/2024-schedule-scores.shtml#all_team_schedule
COL202408290,2024-08-29,0,COL,MIA,,COL,COL,COL,https://www.baseball-reference.com/teams/COL/2024-schedule-scores.shtml#all_team_schedule
DET202408290,2024-08-29,0,DET,LAA,,DET,DET,DET,https://www.baseball-reference.com/teams/DET/2024-schedule-scores.shtml#all_team_schedule
HOU202408290,2024-08-29,0,HOU,KCR,,HOU,HOU,HOU,https://www.baseball-reference.com/teams/HOU/2024-schedule-scores.shtml#all_team_schedule
LAN202408290,2024-08-29,0,BAL,LAD,@,LAD,LAN,BAL,https://www.baseball-reference.com/teams/BAL/2024-schedule-scores.shtml#all_team_schedule
MIL202408290,2024-08-29,0,MIL,SFG,,MIL,MIL,MIL,https://www.baseball-reference.com/teams/MIL/2024-schedule-scores.shtml#all_team_schedule
PHI202408290,2024-08-29,0,ATL,PHI,@,PHI,PHI,ATL,https://www.baseball-reference.com/teams/ATL/2024-schedule-scores.shtml#all_team_schedule
SLN202408290,2024-08-29,0,SDP,STL,@,STL,SLN,SDP,https://www.baseball-reference.com/teams/SDP/2024-schedule-scores.shtml#all_team_schedule
ANA202408300,2024-08-30,0,LAA,SEA,,LAA,ANA,LAA,https://www.baseball-reference.com/teams/LAA/2024-schedule-scores.shtml#all_team_schedule
ARI202408300,2024-08-30,0,ARI,LAD,,ARI,ARI,ARI,https://www.baseball-reference.com/teams/ARI/2024-schedule-scores.shtml#all_team_schedule
CHA202408300,2024-08-30,0,CHW,NYM,,CHW,CHA,CHW,https://www.baseball-reference.com/teams/CHW/2024-schedule-scores.shtml#all_team_schedule
CIN202408301,2024-08-30,1,CIN,MIL,,CIN,CIN,CIN,https://www.baseball-reference.com/teams/CIN/2024-schedule-scores.shtml#all_team_schedule
CIN202408302,2024-08-30,2,CIN,MIL,,CIN,CIN,CIN,https://www.baseball-reference.com/teams/CIN/2024-schedule-scores.shtml#all_team_schedule
CLE202408300,2024-08-30,0,CLE,PIT,,CLE,CLE,CLE,https://www.baseball-reference.com/teams/CLE/2024-schedule-scores.shtml#all_team_schedule
COL202408300,2024-08-30,0,BAL,COL,@,COL,COL,BAL,https://www.baseball-reference.com/teams/BAL/2024-schedule-scores.shtml#all_team_schedule
DET202408300,2024-08-30,0,BOS,DET,@,DET,DET,BOS,https://www.baseball-reference.com/teams/BOS/2024-schedule-scores.shtml#all_team_schedule
HOU202408300,2024-08-30,0,HOU,KCR,,HOU,HOU,HOU,https://www.baseball-reference.com/teams/HOU/2024-schedule-scores.shtml#all_team_schedule
MIN202408300,2024-08-30,0,MIN,TOR,,MIN,MIN,MIN,https://www.baseball-reference.com/teams/MIN/2024-schedule-scores.shtml#all_team_schedule
NYA202408300,2024-08-30,0,NYY,STL,,NYY,NYA,NYY,https://www.baseball-reference.com/teams/NYY/2024-schedule-scores.shtml#all_team_schedule
PHI202408300,2024-08-30,0,ATL,PHI,@,PHI,PHI,ATL,https://www.baseball-reference.com/teams/ATL/2024-schedule-scores.shtml#all_team_schedule
SFN202408300,2024-08-30,0,MIA,SFG,@,SFG,SFN,MIA,https://www.baseball-reference.com/teams/MIA/2024-schedule-scores.shtml#all_team_schedule
TBA202408300,2024-08-30,0,SDP,TBR,@,TBR,TBA,SDP,https://www.baseball-reference.com/teams/SDP/2024-schedule-scores.shtml#all_team_schedule
TEX202408300,2024-08-30,0,OAK,TEX,@,TEX,TEX,OAK,https://www.baseball-reference.com/teams/OAK/2024-schedule-scores.shtml#all_team_schedule
WAS202408300,2024-08-30,0,CHC,WSN,@,WSN,WAS,CHC,https://www.baseball-reference.com/teams/CHC/2024-schedule-scores.shtml#all_team_schedule
ANA202408310,2024-08-31,0,LAA,SEA,,LAA,ANA,LAA,https://www.baseball-reference.com/teams/LAA/2024-schedule-scores.shtml#all_team_schedule
ARI202408310,2024-08-31,0,ARI,LAD,,ARI,ARI,ARI,https://www.baseball-reference.com/teams/ARI/2024-schedule-scores.shtml#all_team_schedule
CHA202408310,2024-08-31,0,CHW,NYM,,CHW,CHA,CHW,https://www.baseball-reference.com/teams/CHW/2024-schedule-scores.shtml#all_team_schedule
CIN202408310,2024-08-31,0,CIN,MIL,,CIN,CIN,CIN,https://www.baseball-reference.com/teams/CIN/2024-schedule-scores.shtml#all_team_schedule
CLE202408310,2024-08-31,0,CLE,PIT,,CLE,CLE,CLE,https://www.baseball-reference.com/teams/CLE/2024-schedule-scores.shtml#all_team_schedule
COL202408310,2024-08-31,0,BAL,COL,@,COL,COL,BAL,https://www.baseball-reference.com/teams/BAL/2024-schedule-scores.shtml#all_team_schedule
DET202408310,2024-08-31,0,BOS,DET,@,DET,DET,BOS,https://www.baseball-reference.com/teams/BOS/2024-schedule-scores.shtml#all_team_schedule
HOU202408310,2024-08-31,0,HOU,KCR,,HOU,HOU,HOU,https://www.baseball-reference.com/teams/HOU/2024-schedule-scores.shtml#all_team_schedule
MIN202408310,2024-08-31,0,MIN,TOR,,MIN,MIN,MIN,https://www.baseball-reference.com/teams/MIN/2024-schedule-scores.shtml#all_team_schedule
NYA202408310,2024-08-31,0,NYY,STL,,NYY,NYA,NYY,https://www.baseball-reference.com/teams/NYY/2024-schedule-scores.shtml#all_team_schedule
PHI202408310,2024-08-31,0,ATL,PHI,@,PHI,PHI,ATL,https://www.baseball-reference.com/teams/ATL/2024-schedule-scores.shtml#all_team_schedule
SFN202408310,2024-08-31,0,MIA,SFG,@,SFG,SFN,MIA,https://www.baseball-reference.com/teams/MIA/2024-schedule-scores.shtml#all_team_schedule
TBA202408310,2024-08-31,0,SDP,TBR,@,TBR,TBA,SDP,https://www.baseball-reference.com/teams/SDP/2024-schedule-scores.shtml#all_team_schedule
TEX202408310,2024-08-31,0,OAK,TEX,@,TEX,TEX,OAK,https://www.baseball-reference.com/teams/OAK/2024-schedule-scores.shtml#all_team_schedule
WAS202408310,2024-08-31,0,CHC,WSN,@,WSN,WAS,CHC,https://www.baseball-reference.com/teams/CHC/2024-schedule-scores.shtml#all_team_schedule
ANA202409010,2024-09-01,0,LAA,SEA,,LAA,ANA,LAA,https://www.baseball-reference.com/teams/LAA/2024-schedule-scores.shtml#all_team_schedule
ARI202409010,2024-09-01,0,ARI,LAD,,ARI,ARI,ARI,https://www.baseball-reference.com/teams/ARI/2024-schedule-scores.shtml#all_team_schedule
CHA202409010,2024-09-01,0,CHW,NYM,,CHW,CHA,CHW,https://www.baseball-reference.com/teams/CHW/2024-schedule-scores.shtml#all_team_schedule
CIN202409010,2024-09-01,0,CIN,MIL,,CIN,CIN,CIN,https://www.baseball-reference.com/teams/CIN/2024-schedule-scores.shtml#all_team_schedule
CLE202409010,2024-09-01,0,CLE,PIT,,CLE,CLE,CLE,https://www.baseball-reference.com/teams/CLE/2024-schedule-scores.shtml#all_team_schedule
COL202409010,2024-09-01,0,BAL,COL,@,COL,COL,BAL,https://www.baseball-reference.com/teams/BAL/2024-schedule-scores.shtml#all_team_schedule
DET202409010,2024-09-01,0,BOS,DET,@,DET,DET,BOS,https://www.baseball-reference.com/teams/BOS/2024-schedule-scores.shtml#all_team_schedule
HOU202409010,2024-09-01,0,HOU,KCR,,HOU,HOU,HOU,https://www.baseball-reference.com/teams/HOU/2024-schedule-scores.shtml#all_team_schedule
MIN202409010,2024-09-01,0,MIN,TOR,,MIN,MIN,MIN,https://www.baseball-reference.com/teams/MIN/2024-schedule-scores.shtml#all_team_schedule
NYA202409010,2024-09-01,0,NYY,STL,,NYY,NYA,NYY,https://www.baseball-reference.com/teams/NYY/2024-schedule-scores.shtml#all_team_schedule
PHI202409010,2024-09-01,0,ATL,PHI,@,PHI,PHI,ATL,https://www.baseball-reference.com/teams/ATL/2024-schedule-scores.shtml#all_team_schedule
SFN202409010,2024-09-01,0,MIA,SFG,@,SFG,SFN,MIA,https://www.baseball-reference.com/teams/MIA/2024-schedule-scores.shtml#all_team_schedule
TBA202409010,2024-09-01,0,SDP,TBR,@,TBR,TBA,SDP,https://www.baseball-reference.com/teams/SDP/2024-schedule-scores.shtml#all_team_schedule
TEX202409010,2024-09-01,0,OAK,TEX,@,TEX,TEX,OAK,https://www.baseball-reference.com/teams/OAK/2024-schedule-scores.shtml#all_team_schedule
WAS202409010,2024-09-01,0,CHC,WSN,@,WSN,WAS,CHC,https://www.baseball-reference.com/teams/CHC/2024-schedule-scores.shtml#all_team_schedule
ARI202409020,2024-09-02,0,ARI,LAD,,ARI,ARI,ARI,https://www.baseball-reference.com/teams/ARI/2024-schedule-scores.shtml#all_team_schedule
BAL202409020,2024-09-02,0,BAL,CHW,,BAL,BAL,BAL,https://www.baseball-reference.com/teams/BAL/2024-schedule-scores.shtml#all_team_schedule
CHN202409020,2024-09-02,0,CHC,PIT,,CHC,CHN,CHC,https://www.baseball-reference.com/teams/CHC/2024-schedule-scores.shtml#all_team_schedule
CIN202409020,2024-09-02,0,CIN,HOU,,CIN,CIN,CIN,https://www.baseball-reference.com/teams/CIN/2024-schedule-scores.shtml#all_team_schedule
KCA202409020,2024-09-02,0,CLE,KCR,@,KCR,KCA,CLE,https://www.baseball-reference.com/teams/CLE/2024-schedule-scores.shtml#all_team_schedule
MIL202409020,2024-09-02,0,MIL,STL,,MIL,MIL,MIL,https://www.baseball-reference.com/teams/MIL/2024-schedule-scores.shtml#all_team_schedule
NYN202409020,2024-09-02,0,BOS,NYM,@,NYM,NYN,BOS,https://www.baseball-reference.com/teams/BOS/2024-schedule-scores.shtml#all_team_schedule
OAK202409020,2024-09-02,0,OAK,SEA,,OAK,OAK,OAK,https://www.baseball-reference.com/teams/OAK/2024-schedule-scores.shtml#all_team_schedule
SDN202409020,2024-09-02,0,DET,SDP,@,SDP,SDN,DET,https://www.baseball-reference.com/teams/DET/2024-schedule-scores.shtml#all_team_schedule
TBA202409020,2024-09-02,0,MIN,TBR,@,TBR,TBA,MIN,https://www.baseball-reference.com/teams/MIN/2024-schedule-scores.shtml#all_team_schedule
TEX202409020,2024-09-02,0,NYY,TEX,@,TEX,TEX,NYY,https://www.baseball-reference.com/teams/NYY/2024-schedule-scores.shtml#all_team_schedule
ANA202409030,2024-09-03,0,LAA,LAD,,LAA,ANA,LAA,https://www.baseball-reference.com/teams/LAA/2024-schedule-scores.shtml#all_team_schedule
ATL202409030,2024-09-03,0,ATL,COL,,ATL,ATL,ATL,https://www.baseball-reference.com/teams/ATL/2024-schedule-scores.shtml#all_team_schedule
BAL202409030,2024-09-03,0,BAL,CHW,,BAL,BAL,BAL,https://www.baseball-reference.com/teams/BAL/2024-schedule-scores.shtml#all_team_schedule
CHN202409030,2024-09-03,0,CHC,PIT,,CHC,CHN,CHC,https://www.baseball-reference.com/teams/CHC/2024-schedule-scores.shtml#all_team_schedule
KCA202409030,2024-09-03,0,CLE,KCR,@,KCR,KCA,CLE,https://www.baseball-reference.com/teams/CLE/2024-schedule-scores.shtml#all_team_schedule
MIA202409030,2024-09-03,0,MIA,WSN,,MIA,MIA,MIA,https://www.baseball-reference.com/teams/MIA/2024-schedule-scores.shtml#all_team_schedule
MIL202409030,2024-09-03,0,MIL,STL,,MIL,MIL,MIL,https://www.baseball-reference.com/teams/MIL/2024-schedule-scores.shtml#all_team_schedule
NYN202409030,2024-09-03,0,BOS,NYM,@,NYM,NYN,BOS,https://www.baseball-reference.com/teams/BOS/2024-schedule-scores.shtml#all_team_schedule
OAK202409030,2024-09-03,0,OAK,SEA,,OAK,OAK,OAK,https://www.baseball-reference.com/teams/OAK/2024-schedule-scores.shtml#all_team_schedule
SFN202409030,2024-09-03,0,ARI,SFG,@,SFG,SFN,ARI,https://www.baseball-reference.com/teams/ARI/2024-schedule-scores.shtml#all_team_schedule
TBA202409030,2024-09-03,0,MIN,TBR,@,TBR,TBA,MIN,https://www.baseball-reference.com/teams/MIN/2024-schedule-scores.shtml#all_team_schedule
TEX202409030,2024-09-03,0,NYY,TEX,@,TEX,TEX,NYY,https://www.baseball-reference.com/teams/NYY/2024-schedule-scores.shtml#all_team_schedule
TOR202409030,2024-09-03,0,PHI,TOR,@,TOR,TOR,PHI,https://www.baseball-reference.com/teams/PHI/2024-schedule-scores.shtml#all_team_schedule
ANA202409040,2024-09-04,0,LAA,LAD,,LAA,ANA,LAA,https://www.baseball-reference.com/teams/LAA/2024-schedule-scores.shtml#all_team_schedule
ATL202409040,2024-09-04,0,ATL,COL,,ATL,ATL,ATL,https://www.baseball-reference.com/teams/ATL/2024-schedule-scores.shtml#all_team_schedule
BAL202409040,2024-09-04,0,BAL,CHW,,BAL,BAL,BAL,https://www.baseball-reference.com/teams/BAL/2024-schedule-scores.shtml#all_team_schedule
CHN202409040,2024-09-04,0,CHC,PIT,,CHC,CHN,CHC,https://www.baseball-reference.com/teams/CHC/2024-schedule-scores.shtml#all_team_schedule
CIN202409040,2024-09-04,0,CIN,HOU,,CIN,CIN,CIN,https://www.baseball-reference.com/teams/CIN/2024-schedule-scores.shtml#all_team_schedule
KCA202409040,2024-09-04,0,CLE,KCR,@,KCR,KCA,CLE,https://www.baseball-reference.com/teams/CLE/2024-schedule-scores.shtml#all_team_schedule
MIA202409040,2024-09-04,0,MIA,WSN,,MIA,MIA,MIA,https://www.baseball-reference.com/teams/MIA/2024-schedule-scores.shtml#all_team_schedule
MIL202409040,2024-09-04,0,MIL,STL,,MIL,MIL,MIL,https://www.baseball-reference.com/teams/MIL/2024-schedule-scores.shtml#all_team_schedule
NYN202409040,2024-09-04,0,BOS,NYM,@,NYM,NYN,BOS,https://www.baseball-reference.com/teams/BOS/2024-schedule-scores.shtml#all_team_schedule
OAK202409040,2024-09-04,0,OAK,SEA,,OAK,OAK,OAK,https://www.baseball-reference.com/teams/OAK/2024-schedule-scores.shtml#all_team_schedule
SDN202409040,2024-09-04,0,DET,SDP,@,SDP,SDN,DET,https://www.baseball-reference.com/teams/DET/2024-schedule-scores.shtml#all_team_schedule
SFN202409040,2024-09-04,0,ARI,SFG,@,SFG,SFN,ARI,https://www.baseball-reference.com/teams/ARI/2024-schedule-scores.shtml#all_team_schedule
TBA202409040,2024-09-04,0,MIN,TBR,@,TBR,TBA,MIN,https://www.baseball-reference.com/teams/MIN/2024-schedule-scores.shtml#all_team_schedule
TEX202409040,2024-09-04,0,NYY,TEX,@,TEX,TEX,NYY,https://www.baseball-reference.com/teams/NYY/2024-schedule-scores.shtml#all_team_schedule
TOR202409040,2024-09-04,0,PHI,TOR,@,TOR,TOR,PHI,https://www.baseball-reference.com/teams/PHI/2024-schedule-scores.shtml#all_team_schedule
ATL202409050,2024-09-05,0,ATL,COL,,ATL,ATL,ATL,https://www.baseball-reference.com/teams/ATL/2024-schedule-scores.shtml#all_team_schedule
CIN202409050,2024-09-05,0,CIN,HOU,,CIN,CIN,CIN,https://www.baseball-reference.com/teams/CIN/2024-schedule-scores.shtml#all_team_schedule
MIA202409050,2024-09-05,0,MIA,PHI,,MIA,MIA,MIA,https://www.baseball-reference.com/teams/MIA/2024-schedule-scores.shtml#all_team_schedule
OAK202409050,2024-09-05,0,OAK,SEA,,OAK,OAK,OAK,https://www.baseball-reference.com/teams/OAK/2024-schedule-scores.shtml#all_team_schedule
PIT202409050,2024-09-05,0,PIT,WSN,,PIT,PIT,PIT,https://www.baseball-reference.com/teams/PIT/2024-schedule-scores.shtml#all_team_schedule
SDN202409050,2024-09-05,0,DET,SDP,@,SDP,SDN,DET,https://www.baseball-reference.com/teams/DET/2024-schedule-scores.shtml#all_team_schedule
SFN202409050,2024-09-05,0,ARI,SFG,@,SFG,SFN,ARI,https://www.baseball-reference.com/teams/ARI/2024-schedule-scores.shtml#all_team_schedule
TBA202409050,2024-09-05,0,MIN,TBR,@,TBR,TBA,MIN,https://www.baseball-reference.com/teams/MIN/2024-schedule-scores.shtml#all_team_schedule
TEX202409050,2024-09-05,0,LAA,TEX,@,TEX,TEX,LAA,https://www.baseball-reference.com/teams/LAA/2024-schedule-scores.shtml#all_team_schedule
ATL202409060,2024-09-06,0,ATL,TOR,,ATL,ATL,ATL,https://www.baseball-reference.com/teams/ATL/2024-schedule-scores.shtml#all_team_schedule
BAL202409060,2024-09-06,0,BAL,TBR,,BAL,BAL,BAL,https://www.baseball-reference.com/teams/BAL/2024-schedule-scores.shtml#all_team_schedule
BOS202409060,2024-09-06,0,BOS,CHW,,BOS,BOS,BOS,https://www.baseball-reference.com/teams/BOS/2024-schedule-scores.shtml#all_team_schedule
CHN202409060,2024-09-06,0,CHC,NYY,,CHC,CHN,CHC,https://www.baseball-reference.com/teams/CHC/2024-schedule-scores.shtml#all_team_schedule
HOU202409060,2024-09-06,0,ARI,HOU,@,HOU,HOU,ARI,https://www.baseball-reference.com/teams/ARI/2024-schedule-scores.shtml#all_team_schedule
KCA202409060,2024-09-06,0,KCR,MIN,,KCR,KCA,KCR,https://www.baseball-reference.com/teams/KCR/2024-schedule-scores.shtml#all_team_schedule
LAN202409060,2024-09-06,0,CLE,LAD,@,LAD,LAN,CLE,https://www.baseball-reference.com/teams/CLE/2024-schedule-scores.shtml#all_team_schedule
MIA202409060,2024-09-06,0,MIA,PHI,,MIA,MIA,MIA,https://www.baseball-reference.com/teams/MIA/2024-schedule-scores.shtml#all_team_schedule
MIL202409060,2024-09-06,0,COL,MIL,@,MIL,MIL,COL,https://www.baseball-reference.com/teams/COL/2024-schedule-scores.shtml#all_team_schedule
NYN202409060,2024-09-06,0,CIN,NYM,@,NYM,NYN,CIN,https://www.baseball-reference.com/teams/CIN/2024-schedule-scores.shtml#all_team_schedule
OAK202409060,2024-09-06,0,DET,OAK,@,OAK,OAK,DET,https://www.baseball-reference.com/teams/DET/2024-schedule-scores.shtml#all_team_schedule
SDN202409060,2024-09-06,0,SDP,SFG,,SDP,SDN,SDP,https://www.baseball-reference.com/teams/SDP/2024-schedule-scores.shtml#all_team_schedule
SLN202409060,2024-09-06,0,SEA,STL,@,STL,SLN,SEA,https://www.baseball-reference.com/teams/SEA/2024-schedule-scores.shtml#all_team_schedule
TEX202409060,2024-09-06,0,LAA,TEX,@,TEX,TEX,LAA,https://www.baseball-reference.com/teams/LAA/2024-schedule-scores.shtml#all_team_schedule
ATL202409070,2024-09-07,0,ATL,TOR,,ATL,ATL,ATL,https://www.baseball-reference.com/teams/ATL/2024-schedule-scores.shtml#all_team_schedule
BAL202409070,2024-09-07,0,BAL,TBR,,BAL,BAL,BAL,https://www.baseball-reference.com/teams/BAL/2024-schedule-scores.shtml#all_team_schedule
BOS202409070,2024-09-07,0,BOS,CHW,,BOS,BOS,BOS,https://www.baseball-reference.com/teams/BOS/2024-schedule-scores.shtml#all_team_schedule
CHN202409070,2024-09-07,0,CHC,NYY,,CHC,CHN,CHC,https://www.baseball-reference.com/teams/CHC/2024-schedule-scores.shtml#all_team_schedule
HOU202409070,2024-09-07,0,ARI,HOU,@,HOU,HOU,ARI,https://www.baseball-reference.com/teams/ARI/2024-schedule-scores.shtml#all_team_schedule
KCA202409070,2024-09-07,0,KCR,MIN,,KCR,KCA,KCR,https://www.baseball-reference.com/teams/KCR/2024-schedule-scores.shtml#all_team_schedule
LAN202409070,2024-09-07,0,CLE,LAD,@,LAD,LAN,CLE,https://www.baseball-reference.com/teams/CLE/2024-schedule-scores.shtml#all_team_schedule
MIA202409070,2024-09-07,0,MIA,PHI,,MIA,MIA,MIA,https://www.baseball-reference.com/teams/MIA/2024-schedule-scores.shtml#all_team_schedule
MIL202409070,2024-09-07,0,COL,MIL,@,MIL,MIL,COL,https://www.baseball-reference.com/teams/COL/2024-schedule-scores.shtml#all_team_schedule
NYN202409070,2024-09-07,0,CIN,NYM,@,NYM,NYN,CIN,https://www.baseball-reference.com/teams/CIN/2024-schedule-scores.shtml#all_team_schedule
OAK202409070,2024-09-07,0,DET,OAK,@,OAK,OAK,DET,https://www.baseball-reference.com/teams/DET/2024-schedule-scores.shtml#all_team_schedule
PIT202409071,2024-09-07,1,PIT,WSN,,PIT,PIT,PIT,https://www.baseball-reference.com/teams/PIT/2024-schedule-scores.shtml#all_team_schedule
PIT202409072,2024-09-07,2,PIT,WSN,,PIT,PIT,PIT,https://www.baseball-reference.com/teams/PIT/2024-schedule-scores.shtml#all_team_schedule
SDN202409070,2024-09-07,0,SDP,SFG,,SDP,SDN,SDP,https://www.baseball-reference.com/teams/SDP/2024-schedule-scores.shtml#all_team_schedule
SLN202409070,2024-09-07,0,SEA,STL,@,STL,SLN,SEA,https://www.baseball-reference.com/teams/SEA/2024-schedule-scores.shtml#all_team_schedule
TEX202409070,2024-09-07,0,LAA,TEX,@,TEX,TEX,LAA,https://www.baseball-reference.com/teams/LAA/2024-schedule-scores.shtml#all_team_schedule
ATL202409080,2024-09-08,0,ATL,TOR,,ATL,ATL,ATL,https://www.baseball-reference.com/teams/ATL/2024-schedule-scores.shtml#all_team_schedule
BAL202409080,2024-09-08,0,BAL,TBR,,BAL,BAL,BAL,https://www.baseball-reference.com/teams/BAL/2024-schedule-scores.shtml#all_team_schedule
BOS202409080,2024-09-08,0,BOS,CHW,,BOS,BOS,BOS,https://www.baseball-reference.com/teams/BOS/2024-schedule-scores.shtml#all_team_schedule
CHN202409080,2024-09-08,0,CHC,NYY,,CHC,CHN,CHC,https://www.baseball-reference.com/teams/CHC/2024-schedule-scores.shtml#all_team_schedule
HOU202409080,2024-09-08,0,ARI,HOU,@,HOU,HOU,ARI,https://www.baseball-reference.com/teams/ARI/2024-schedule-scores.shtml#all_team_schedule
KCA202409080,2024-09-08,0,KCR,MIN,,KCR,KCA,KCR,https://www.baseball-reference.com/teams/KCR/2024-schedule-scores.shtml#all_team_schedule
LAN202409080,2024-09-08,0,CLE,LAD,@,LAD,LAN,CLE,https://www.baseball-reference.com/teams/CLE/2024-schedule-scores.shtml#all_team_schedule
MIA202409080,2024-09-08,0,MIA,PHI,,MIA,MIA,MIA,https://www.baseball-reference.com/teams/MIA/2024-schedule-scores.shtml#all_team_schedule
MIL202409080,2024-09-08,0,COL,MIL,@,MIL,MIL,COL,https://www.baseball-reference.com/teams/COL/2024-schedule-scores.shtml#all_team_schedule
NYN202409080,2024-09-08,0,CIN,NYM,@,NYM,NYN,CIN,https://www.baseball-reference.com/teams/CIN/2024-schedule-scores.shtml#all_team_schedule
OAK202409080,2024-09-08,0,DET,OAK,@,OAK,OAK,DET,https://www.baseball-reference.com/teams/DET/2024-schedule-scores.shtml#all_team_schedule
PIT202409080,2024-09-08,0,PIT,WSN,,PIT,PIT,PIT,https://www.baseball-reference.com/teams/PIT/2024-schedule-scores.shtml#all_team_schedule
SDN202409080,2024-09-08,0,SDP,SFG,,SDP,SDN,SDP,https://www.baseball-reference.com/teams/SDP/2024-schedule-scores.shtml#all_team_schedule
SLN202409080,2024-09-08,0,SEA,STL,@,STL,SLN,SEA,https://www.baseball-reference.com/teams/SEA/2024-schedule-scores.shtml#all_team_schedule
TEX202409080,2024-09-08,0,LAA,TEX,@,TEX,TEX,LAA,https://www.baseball-reference.com/teams/LAA/2024-schedule-scores.shtml#all_team_schedule
ATL202409090,2024-09-09,0,ATL,CIN,,ATL,ATL,ATL,https://www.baseball-reference.com/teams/ATL/2024-schedule-scores.shtml#all_team_schedule
BOS202409090,2024-09-09,0,BAL,BOS,@,BOS,BOS,BAL,https://www.baseball-reference.com/teams/BAL/2024-schedule-scores.shtml#all_team_schedule
CHA202409090,2024-09-09,0,CHW,CLE,,CHW,CHA,CHW,https://www.baseball-reference.com/teams/CHW/2024-schedule-scores.shtml#all_team_schedule
LAN202409090,2024-09-09,0,CHC,LAD,@,LAD,LAN,CHC,https://www.baseball-reference.com/teams/CHC/2024-schedule-scores.shtml#all_team_schedule
MIN202409090,2024-09-09,0,LAA,MIN,@,MIN,MIN,LAA,https://www.baseball-reference.com/teams/LAA/2024-schedule-scores.shtml#all_team_schedule
NYA202409090,2024-09-09,0,KCR,NYY,@,NYY,NYA,KCR,https://www.baseball-reference.com/teams/KCR/2024-schedule-scores.shtml#all_team_schedule
PHI202409090,2024-09-09,0,PHI,TBR,,PHI,PHI,PHI,https://www.baseball-reference.com/teams/PHI/2024-schedule-scores.shtml#all_team_schedule
PIT202409090,2024-09-09,0,MIA,PIT,@,PIT,PIT,MIA,https://www.baseball-reference.com/teams/MIA/2024-schedule-scores.shtml#all_team_schedule
TOR202409090,2024-09-09,0,NYM,TOR,@,TOR,TOR,NYM,https://www.baseball-reference.com/teams/NYM/2024-schedule-scores.shtml#all_team_schedule
ARI202409100,2024-09-10,0,ARI,TEX,,ARI,ARI,ARI,https://www.baseball-reference.com/teams/ARI/2024-schedule-scores.shtml#all_team_schedule
BOS202409100,2024-09-10,0,BAL,BOS,@,BOS,BOS,BAL,https://www.baseball-reference.com/teams/BAL/2024-schedule-scores.shtml#all_team_schedule
CHA202409100,2024-09-10,0,CHW,CLE,,CHW,CHA,CHW,https://www.baseball-reference.com/teams/CHW/2024-schedule-scores.shtml#all_team_schedule
DET202409100,2024-09-10,0,COL,DET,@,DET,DET,COL,https://www.baseball-reference.com/teams/COL/2024-schedule-scores.shtml#all_team_schedule
HOU202409100,2024-09-10,0,HOU,OAK,,HOU,HOU,HOU,https://www.baseball-reference.com/teams/HOU/2024-schedule-scores.shtml#all_team_schedule
LAN202409100,2024-09-10,0,CHC,LAD,@,LAD,LAN,CHC,https://www.baseball-reference.com/teams/CHC/2024-schedule-scores.shtml#all_team_schedule
MIN202409100,2024-09-10,0,LAA,MIN,@,MIN,MIN,LAA,https://www.baseball-reference.com/teams/LAA/2024-schedule-scores.shtml#all_team_schedule
NYA202409100,2024-09-10,0,KCR,NYY,@,NYY,NYA,KCR,https://www.baseball-reference.com/teams/KCR/2024-schedule-scores.shtml#all_team_schedule
PHI202409100,2024-09-10,0,PHI,TBR,,PHI,PHI,PHI,https://www.baseball-reference.com/teams/PHI/2024-schedule-scores.shtml#all_team_schedule
PIT202409100,2024-09-10,0,MIA,PIT,@,PIT,PIT,MIA,https://www.baseball-reference.com/teams/MIA/2024-schedule-scores.shtml#all_team_schedule
SEA202409100,2024-09-10,0,SDP,SEA,@,SEA,SEA,SDP,https://www.baseball-reference.com/teams/SDP/2024-schedule-scores.shtml#all_team_schedule
SFN202409100,2024-09-10,0,MIL,SFG,@,SFG,SFN,MIL,https://www.baseball-reference.com/teams/MIL/2024-schedule-scores.shtml#all_team_schedule
SLN202409100,2024-09-10,0,CIN,STL,@,STL,SLN,CIN,https://www.baseball-reference.com/teams/CIN/2024-schedule-scores.shtml#all_team_schedule
TOR202409100,2024-09-10,0,NYM,TOR,@,TOR,TOR,NYM,https://www.baseball-reference.com/teams/NYM/2024-schedule-scores.shtml#all_team_schedule
WAS202409100,2024-09-10,0,ATL,WSN,@,WSN,WAS,ATL,https://www.baseball-reference.com/teams/ATL/2024-schedule-scores.shtml#all_team_schedule
ARI202409110,2024-09-11,0,ARI,TEX,,ARI,ARI,ARI,https://www.baseball-reference.com/teams/ARI/2024-schedule-scores.shtml#all_team_schedule
BOS202409110,2024-09-11,0,BAL,BOS,@,BOS,BOS,BAL,https://www.baseball-reference.com/teams/BAL/2024-schedule-scores.shtml#all_team_schedule
CHA202409110,2024-09-11,0,CHW,CLE,,CHW,CHA,CHW,https://www.baseball-reference.com/teams/CHW/2024-schedule-scores.shtml#all_team_schedule
DET202409110,2024-09-11,0,COL,DET,@,DET,DET,COL,https://www.baseball-reference.com/teams/COL/2024-schedule-scores.shtml#all_team_schedule
HOU202409110,2024-09-11,0,HOU,OAK,,HOU,HOU,HOU,https://www.baseball-reference.com/teams/HOU/2024-schedule-scores.shtml#all_team_schedule
LAN202409110,2024-09-11,0,CHC,LAD,@,LAD,LAN,CHC,https://www.baseball-reference.com/teams/CHC/2024-schedule-scores.shtml#all_team_schedule
MIN202409110,2024-09-11,0,LAA,MIN,@,MIN,MIN,LAA,https://www.baseball-reference.com/teams/LAA/2024-schedule-scores.shtml#all_team_schedule
NYA202409110,2024-09-11,0,KCR,NYY,@,NYY,NYA,KCR,https://www.baseball-reference.com/teams/KCR/2024-schedule-scores.shtml#all_team_schedule
PHI202409110,2024-09-11,0,PHI,TBR,,PHI,PHI,PHI,https://www.baseball-reference.com/teams/PHI/2024-schedule-scores.shtml#all_team_schedule
PIT202409110,2024-09-11,0,MIA,PIT,@,PIT,PIT,MIA,https://www.baseball-reference.com/teams/MIA/2024-schedule-scores.shtml#all_team_schedule
SEA202409110,2024-09-11,0,SDP,SEA,@,SEA,SEA,SDP,https://www.baseball-reference.com/teams/SDP/2024-schedule-scores.shtml#all_team_schedule
SFN202409110,2024-09-11,0,MIL,SFG,@,SFG,SFN,MIL,https://www.baseball-reference.com/teams/MIL/2024-schedule-scores.shtml#all_team_schedule
SLN202409110,2024-09-11,0,CIN,STL,@,STL,SLN,CIN,https://www.baseball-reference.com/teams/CIN/2024-schedule-scores.shtml#all_team_schedule
TOR202409110,2024-09-11,0,NYM,TOR,@,TOR,TOR,NYM,https://www.baseball-reference.com/teams/NYM/2024-schedule-scores.shtml#all_team_schedule
WAS202409110,2024-09-11,0,ATL,WSN,@,WSN,WAS,ATL,https://www.baseball-reference.com/teams/ATL/2024-schedule-scores.shtml#all_team_schedule
CLE202409120,2024-09-12,0,CLE,TBR,,CLE,CLE,CLE,https://www.baseball-reference.com/teams/CLE/2024-schedule-scores.shtml#all_team_schedule
DET202409120,2024-09-12,0,COL,DET,@,DET,DET,COL,https://www.baseball-reference.com/teams/COL/2024-schedule-scores.shtml#all_team_schedule
HOU202409120,2024-09-12,0,HOU,OAK,,HOU,HOU,HOU,https://www.baseball-reference.com/teams/HOU/2024-schedule-scores.shtml#all_team_schedule
NYA202409120,2024-09-12,0,BOS,NYY,@,NYY,NYA,BOS,https://www.baseball-reference.com/teams/BOS/2024-schedule-scores.shtml#all_team_schedule
SEA202409120,2024-09-12,0,SEA,TEX,,SEA,SEA,SEA,https://www.baseball-reference.com/teams/SEA/2024-schedule-scores.shtml#all_team_schedule
SFN202409120,2024-09-12,0,MIL,SFG,@,SFG,SFN,MIL,https://www.baseball-reference.com/teams/MIL/2024-schedule-scores.shtml#all_team_schedule
SLN202409120,2024-09-12,0,CIN,STL,@,STL,SLN,CIN,https://www.baseball-reference.com/teams/CIN/2024-schedule-scores.shtml#all_team_schedule
WAS202409120,2024-09-12,0,MIA,WSN,@,WSN,WAS,MIA,https://www.baseball-reference.com/teams/MIA/2024-schedule-scores.shtml#all_team_schedule
ANA202409130,2024-09-13,0,HOU,LAA,@,LAA,ANA,HOU,https://www.baseball-reference.com/teams/HOU/2024-schedule-scores.shtml#all_team_schedule
ARI202409130,2024-09-13,0,ARI,MIL,,ARI,ARI,ARI,https://www.baseball-reference.com/teams/ARI/2024-schedule-scores.shtml#all_team_schedule
ATL202409130,2024-09-13,0,ATL,LAD,,ATL,ATL,ATL,https://www.baseball-reference.com/teams/ATL/2024-schedule-scores.shtml#all_team_schedule
CHA202409130,2024-09-13,0,CHW,OAK,,CHW,CHA,CHW,https://www.baseball-reference.com/teams/CHW/2024-schedule-scores.shtml#all_team_schedule
CLE202409130,2024-09-13,0,CLE,TBR,,CLE,CLE,CLE,https://www.baseball-reference.com/teams/CLE/2024-schedule-scores.shtml#all_team_schedule
COL202409130,2024-09-13,0,CHC,COL,@,COL,COL,CHC,https://www.baseball-reference.com/teams/CHC/2024-schedule-scores.shtml#all_team_schedule
DET202409130,2024-09-13,0,BAL,DET,@,DET,DET,BAL,https://www.baseball-reference.com/teams/BAL/2024-schedule-scores.shtml#all_team_schedule
MIN202409130,2024-09-13,0,CIN,MIN,@,MIN,MIN,CIN,https://www.baseball-reference.com/teams/CIN/2024-schedule-scores.shtml#all_team_schedule
NYA202409130,2024-09-13,0,BOS,NYY,@,NYY,NYA,BOS,https://www.baseball-reference.com/teams/BOS/2024-schedule-scores.shtml#all_team_schedule
PHI202409130,2024-09-13,0,NYM,PHI,@,PHI,PHI,NYM,https://www.baseball-reference.com/teams/NYM/2024-schedule-scores.shtml#all_team_schedule
PIT202409130,2024-09-13,0,KCR,PIT,@,PIT,PIT,KCR,https://www.baseball-reference.com/teams/KCR/2024-schedule-scores.shtml#all_team_schedule
SEA202409130,2024-09-13,0,SEA,TEX,,SEA,SEA,SEA,https://www.baseball-reference.com/teams/SEA/2024-schedule-scores.shtml#all_team_schedule
SFN202409130,2024-09-13,0,SDP,SFG,@,SFG,SFN,SDP,https://www.baseball-reference.com/teams/SDP/2024-schedule-scores.shtml#all_team_schedule
TOR202409130,2024-09-13,0,STL,TOR,@,TOR,TOR,STL,https://www.baseball-reference.com/teams/STL/2024-schedule-scores.shtml#all_team_schedule
WAS202409130,2024-09-13,0,MIA,WSN,@,WSN,WAS,MIA,https://www.baseball-reference.com/teams/MIA/2024-schedule-scores.shtml#all_team_schedule
ANA202409140,2024-09-14,0,HOU,LAA,@,LAA,ANA,HOU,https://www.baseball-reference.com/teams/HOU/2024-schedule-scores.shtml#all_team_schedule
ARI202409140,2024-09-14,0,ARI,MIL,,ARI,ARI,ARI,https://www.baseball-reference.com/teams/ARI/2024-schedule-scores.shtml#all_team_schedule
ATL202409140,2024-09-14,0,ATL,LAD,,ATL,ATL,ATL,https://www.baseball-reference.com/teams/ATL/2024-schedule-scores.shtml#all_team_schedule
CHA202409140,2024-09-14,0,CHW,OAK,,CHW,CHA,CHW,https://www.baseball-reference.com/teams/CHW/2024-schedule-scores.shtml#all_team_schedule
CLE202409140,2024-09-14,0,CLE,TBR,,CLE,CLE,CLE,https://www.baseball-reference.com/teams/CLE/2024-schedule-scores.shtml#all_team_schedule
COL202409140,2024-09-14,0,CHC,COL,@,COL,COL,CHC,https://www.baseball-reference.com/teams/CHC/2024-schedule-scores.shtml#all_team_schedule
DET202409140,2024-09-14,0,BAL,DET,@,DET,DET,BAL,https://www.baseball-reference.com/teams/BAL/2024-schedule-scores.shtml#all_team_schedule
MIN202409140,2024-09-14,0,CIN,MIN,@,MIN,MIN,CIN,https://www.baseball-reference.com/teams/CIN/2024-schedule-scores.shtml#all_team_schedule
NYA202409140,2024-09-14,0,BOS,NYY,@,NYY,NYA,BOS,https://www.baseball-reference.com/teams/BOS/2024-schedule-scores.shtml#all_team_schedule
PHI202409140,2024-09-14,0,NYM,PHI,@,PHI,PHI,NYM,https://www.baseball-reference.com/teams/NYM/2024-schedule-scores.shtml#all_team_schedule
PIT202409140,2024-09-14,0,KCR,PIT,@,PIT,PIT,KCR,https://www.baseball-reference.com/teams/KCR/2024-schedule-scores.shtml#all_team_schedule
SEA202409140,2024-09-14,0,SEA,TEX,,SEA,SEA,SEA,https://www.baseball-reference.com/teams/SEA/2024-schedule-scores.shtml#all_team_schedule
SFN202409140,2024-09-14,0,SDP,SFG,@,SFG,SFN,SDP,https://www.baseball-reference.com/teams/SDP/2024-schedule-scores.shtml#all_team_schedule
TOR202409140,2024-09-14,0,STL,TOR,@,TOR,TOR,STL,https://www.baseball-reference.com/teams/STL/2024-schedule-scores.shtml#all_team_schedule
WAS202409140,2024-09-14,0,MIA,WSN,@,WSN,WAS,MIA,https://www.baseball-reference.com/teams/MIA/2024-schedule-scores.shtml#all_team_schedule
ANA202409150,2024-09-15,0,HOU,LAA,@,LAA,ANA,HOU,https://www.baseball-reference.com/teams/HOU/2024-schedule-scores.shtml#all_team_schedule
ARI202409150,2024-09-15,0,ARI,MIL,,ARI,ARI,ARI,https://www.baseball-reference.com/teams/ARI/2024-schedule-scores.shtml#all_team_schedule
ATL202409150,2024-09-15,0,ATL,LAD,,ATL,ATL,ATL,https://www.baseball-reference.com/teams/ATL/2024-schedule-scores.shtml#all_team_schedule
CHA202409150,2024-09-15,0,CHW,OAK,,CHW,CHA,CHW,https://www.baseball-reference.com/teams/CHW/2024-schedule-scores.shtml#all_team_schedule
CLE202409150,2024-09-15,0,CLE,TBR,,CLE,CLE,CLE,https://www.baseball-reference.com/teams/CLE/2024-schedule-scores.shtml#all_team_schedule
COL202409150,2024-09-15,0,CHC,COL,@,COL,COL,CHC,https://www.baseball-reference.com/teams/CHC/2024-schedule-scores.shtml#all_team_schedule
DET202409150,2024-09-15,0,BAL,DET,@,DET,DET,BAL,https://www.baseball-reference.com/teams/BAL/2024-schedule-scores.shtml#all_team_schedule
MIN202409150,2024-09-15,0,CIN,MIN,@,MIN,MIN,CIN,https://www.baseball-reference.com/teams/CIN/2024-schedule-scores.shtml#all_team_schedule
NYA202409150,2024-09-15,0,BOS,NYY,@,NYY,NYA,BOS,https://www.baseball-reference.com/teams/BOS/2024-schedule-scores.shtml#all_team_schedule
PHI202409150,2024-09-15,0,NYM,PHI,@,PHI,PHI,NYM,https://www.baseball-reference.com/teams/NYM/2024-schedule-scores.shtml#all_team_schedule
PIT202409150,2024-09-15,0,KCR,PIT,@,PIT,PIT,KCR,https://www.baseball-reference.com/teams/KCR/2024-schedule-scores.shtml#all_team_schedule
SEA202409150,2024-09-15,0,SEA,TEX,,SEA,SEA,SEA,https://www.baseball-reference.com/teams/SEA/2024-schedule-scores.shtml#all_team_schedule
SFN202409150,2024-09-15,0,SDP,SFG,@,SFG,SFN,SDP,https://www.baseball-reference.com/teams/SDP/2024-schedule-scores.shtml#all_team_schedule
TOR202409150,2024-09-15,0,STL,TOR,@,TOR,TOR,STL,https://www.baseball-reference.com/teams/STL/2024-schedule-scores.shtml#all_team_schedule
WAS202409150,2024-09-15,0,MIA,WSN,@,WSN,WAS,MIA,https://www.baseball-reference.com/teams/MIA/2024-schedule-scores.shtml#all_team_schedule
ANA202409160,2024-09-16,0,CHW,LAA,@,LAA,ANA,CHW,https://www.baseball-reference.com/teams/CHW/2024-schedule-scores.shtml#all_team_schedule
ATL202409160,2024-09-16,0,ATL,LAD,,ATL,ATL,ATL,https://www.baseball-reference.com/teams/ATL/2024-schedule-scores.shtml#all_team_schedule
CHN202409160,2024-09-16,0,CHC,OAK,,CHC,CHN,CHC,https://www.baseball-reference.com/teams/CHC/2024-schedule-scores.shtml#all_team_schedule
CLE202409160,2024-09-16,0,CLE,MIN,,CLE,CLE,CLE,https://www.baseball-reference.com/teams/CLE/2024-schedule-scores.shtml#all_team_schedule
COL202409160,2024-09-16,0,ARI,COL,@,COL,COL,ARI,https://www.baseball-reference.com/teams/ARI/2024-schedule-scores.shtml#all_team_schedule
KCA202409160,2024-09-16,0,DET,KCR,@,KCR,KCA,DET,https://www.baseball-reference.com/teams/DET/2024-schedule-scores.shtml#all_team_schedule
MIL202409160,2024-09-16,0,MIL,PHI,,MIL,MIL,MIL,https://www.baseball-reference.com/teams/MIL/2024-schedule-scores.shtml#all_team_schedule
NYN202409160,2024-09-16,0,NYM,WSN,,NYM,NYN,NYM,https://www.baseball-reference.com/teams/NYM/2024-schedule-scores.shtml#all_team_schedule
SDN202409160,2024-09-16,0,HOU,SDP,@,SDP,SDN,HOU,https://www.baseball-reference.com/teams/HOU/2024-schedule-scores.shtml#all_team_schedule
SLN202409160,2024-09-16,0,PIT,STL,@,STL,SLN,PIT,https://www.baseball-reference.com/teams/PIT/2024-schedule-scores.shtml#all_team_schedule
ANA202409170,2024-09-17,0,CHW,LAA,@,LAA,ANA,CHW,https://www.baseball-reference.com/teams/CHW/2024-schedule-scores.shtml#all_team_schedule
BAL202409170,2024-09-17,0,BAL,SFG,,BAL,BAL,BAL,https://www.baseball-reference.com/teams/BAL/2024-schedule-scores.shtml#all_team_schedule
CHN202409170,2024-09-17,0,CHC,OAK,,CHC,CHN,CHC,https://www.baseball-reference.com/teams/CHC/2024-schedule-scores.shtml#all_team_schedule
CIN202409170,2024-09-17,0,ATL,CIN,@,CIN,CIN,ATL,https://www.baseball-reference.com/teams/ATL/2024-schedule-scores.shtml#all_team_schedule
CLE202409170,2024-09-17,0,CLE,MIN,,CLE,CLE,CLE,https://www.baseball-reference.com/teams/CLE/2024-schedule-scores.shtml#all_team_schedule
COL202409170,2024-09-17,0,ARI,COL,@,COL,COL,ARI,https://www.baseball-reference.com/teams/ARI/2024-schedule-scores.shtml#all_team_schedule
KCA202409170,2024-09-17,0,DET,KCR,@,KCR,KCA,DET,https://www.baseball-reference.com/teams/DET/2024-schedule-scores.shtml#all_team_schedule
MIA202409170,2024-09-17,0,LAD,MIA,@,MIA,MIA,LAD,https://www.baseball-reference.com/teams/LAD/2024-schedule-scores.shtml#all_team_schedule
MIL202409170,2024-09-17,0,MIL,PHI,,MIL,MIL,MIL,https://www.baseball-reference.com/teams/MIL/2024-schedule-scores.shtml#all_team_schedule
NYN202409170,2024-09-17,0,NYM,WSN,,NYM,NYN,NYM,https://www.baseball-reference.com/teams/NYM/2024-schedule-scores.shtml#all_team_schedule
SDN202409170,2024-09-17,0,HOU,SDP,@,SDP,SDN,HOU,https://www.baseball-reference.com/teams/HOU/2024-schedule-scores.shtml#all_team_schedule
SEA202409170,2024-09-17,0,NYY,SEA,@,SEA,SEA,NYY,https://www.baseball-reference.com/teams/NYY/2024-schedule-scores.shtml#all_team_schedule
SLN202409170,2024-09-17,0,PIT,STL,@,STL,SLN,PIT,https://www.baseball-reference.com/teams/PIT/2024-schedule-scores.shtml#all_team_schedule
TBA202409170,2024-09-17,0,BOS,TBR,@,TBR,TBA,BOS,https://www.baseball-reference.com/teams/BOS/2024-schedule-scores.shtml#all_team_schedule
TEX202409170,2024-09-17,0,TEX,TOR,,TEX,TEX,TEX,https://www.baseball-reference.com/teams/TEX/2024-schedule-scores.shtml#all_team_schedule
ANA202409180,2024-09-18,0,CHW,LAA,@,LAA,ANA,CHW,https://www.baseball-reference.com/teams/CHW/2024-schedule-scores.shtml#all_team_schedule
BAL202409180,2024-09-18,0,BAL,SFG,,BAL,BAL,BAL,https://www.baseball-reference.com/teams/BAL/2024-schedule-scores.shtml#all_team_schedule
CHN202409180,2024-09-18,0,CHC,OAK,,CHC,CHN,CHC,https://www.baseball-reference.com/teams/CHC/2024-schedule-scores.shtml#all_team_schedule
CIN202409180,2024-09-18,0,ATL,CIN,@,CIN,CIN,ATL,https://www.baseball-reference.com/teams/ATL/2024-schedule-scores.shtml#all_team_schedule
CLE202409180,2024-09-18,0,CLE,MIN,,CLE,CLE,CLE,https://www.baseball-reference.com/teams/CLE/2024-schedule-scores.shtml#all_team_schedule
COL202409180,2024-09-18,0,ARI,COL,@,COL,COL,ARI,https://www.baseball-reference.com/teams/ARI/2024-schedule-scores.shtml#all_team_schedule
KCA202409180,2024-09-18,0,DET,KCR,@,KCR,KCA,DET,https://www.baseball-reference.com/teams/DET/2024-schedule-scores.shtml#all_team_schedule
MIA202409180,2024-09-18,0,LAD,MIA,@,MIA,MIA,LAD,https://www.baseball-reference.com/teams/LAD/2024-schedule-scores.shtml#all_team_schedule
MIL202409180,2024-09-18,0,MIL,PHI,,MIL,MIL,MIL,https://www.baseball-reference.com/teams/MIL/2024-schedule-scores.shtml#all_team_schedule
NYN202409180,2024-09-18,0,NYM,WSN,,NYM,NYN,NYM,https://www.baseball-reference.com/teams/NYM/2024-schedule-scores.shtml#all_team_schedule
SDN202409180,2024-09-18,0,HOU,SDP,@,SDP,SDN,HOU,https://www.baseball-reference.com/teams/HOU/2024-schedule-scores.shtml#all_team_schedule
SEA202409180,2024-09-18,0,NYY,SEA,@,SEA,SEA,NYY,https://www.baseball-reference.com/teams/NYY/2024-schedule-scores.shtml#all_team_schedule
SLN202409180,2024-09-18,0,PIT,STL,@,STL,SLN,PIT,https://www.baseball-reference.com/teams/PIT/2024-schedule-scores.shtml#all_team_schedule
TBA202409180,2024-09-18,0,BOS,TBR,@,TBR,TBA,BOS,https://www.baseball-reference.com/teams/BOS/2024-schedule-scores.shtml#all_team_schedule
TEX202409180,2024-09-18,0,TEX,TOR,,TEX,TEX,TEX,https://www.baseball-reference.com/teams/TEX/2024-schedule-scores.shtml#all_team_schedule
BAL202409190,2024-09-19,0,BAL,SFG,,BAL,BAL,BAL,https://www.baseball-reference.com/teams/BAL/2024-schedule-scores.shtml#all_team_schedule
CHN202409190,2024-09-19,0,CHC,WSN,,CHC,CHN,CHC,https://www.baseball-reference.com/teams/CHC/2024-schedule-scores.shtml#all_team_schedule
CIN202409190,2024-09-19,0,ATL,CIN,@,CIN,CIN,ATL,https://www.baseball-reference.com/teams/ATL/2024-schedule-scores.shtml#all_team_schedule
CLE202409190,2024-09-19,0,CLE,MIN,,CLE,CLE,CLE,https://www.baseball-reference.com/teams/CLE/2024-schedule-scores.shtml#all_team_schedule
HOU202409190,2024-09-19,0,HOU,LAA,,HOU,HOU,HOU,https://www.baseball-reference.com/teams/HOU/2024-schedule-scores.shtml#all_team_schedule
MIA202409190,2024-09-19,0,LAD,MIA,@,MIA,MIA,LAD,https://www.baseball-reference.com/teams/LAD/2024-schedule-scores.shtml#all_team_schedule
MIL202409190,2024-09-19,0,ARI,MIL,@,MIL,MIL,ARI,https://www.baseball-reference.com/teams/ARI/2024-schedule-scores.shtml#all_team_schedule
NYN202409190,2024-09-19,0,NYM,PHI,,NYM,NYN,NYM,https://www.baseball-reference.com/teams/NYM/2024-schedule-scores.shtml#all_team_schedule
SEA202409190,2024-09-19,0,NYY,SEA,@,SEA,SEA,NYY,https://www.baseball-reference.com/teams/NYY/2024-schedule-scores.shtml#all_team_schedule
SLN202409190,2024-09-19,0,PIT,STL,@,STL,SLN,PIT,https://www.baseball-reference.com/teams/PIT/2024-schedule-scores.shtml#all_team_schedule
TBA202409190,2024-09-19,0,BOS,TBR,@,TBR,TBA,BOS,https://www.baseball-reference.com/teams/BOS/2024-schedule-scores.shtml#all_team_schedule
TEX202409190,2024-09-19,0,TEX,TOR,,TEX,TEX,TEX,https://www.baseball-reference.com/teams/TEX/2024-schedule-scores.shtml#all_team_schedule
BAL202409200,2024-09-20,0,BAL,DET,,BAL,BAL,BAL,https://www.baseball-reference.com/teams/BAL/2024-schedule-scores.shtml#all_team_schedule
BOS202409200,2024-09-20,0,BOS,MIN,,BOS,BOS,BOS,https://www.baseball-reference.com/teams/BOS/2024-schedule-scores.shtml#all_team_schedule
CHN202409200,2024-09-20,0,CHC,WSN,,CHC,CHN,CHC,https://www.baseball-reference.com/teams/CHC/2024-schedule-scores.shtml#all_team_schedule
CIN202409200,2024-09-20,0,CIN,PIT,,CIN,CIN,CIN,https://www.baseball-reference.com/teams/CIN/2024-schedule-scores.shtml#all_team_schedule
HOU202409200,2024-09-20,0,HOU,LAA,,HOU,HOU,HOU,https://www.baseball-reference.com/teams/HOU/2024-schedule-scores.shtml#all_team_schedule
KCA202409200,2024-09-20,0,KCR,SFG,,KCR,KCA,KCR,https://www.baseball-reference.com/teams/KCR/2024-schedule-scores.shtml#all_team_schedule
LAN202409200,2024-09-20,0,COL,LAD,@,LAD,LAN,COL,https://www.baseball-reference.com/teams/COL/2024-schedule-scores.shtml#all_team_schedule
MIA202409200,2024-09-20,0,ATL,MIA,@,MIA,MIA,ATL,https://www.baseball-reference.com/teams/ATL/2024-schedule-scores.shtml#all_team_schedule
MIL202409200,2024-09-20,0,ARI,MIL,@,MIL,MIL,ARI,https://www.baseball-reference.com/teams/ARI/2024-schedule-scores.shtml#all_team_schedule
NYN202409200,2024-09-20,0,NYM,PHI,,NYM,NYN,NYM,https://www.baseball-reference.com/teams/NYM/2024-schedule-scores.shtml#all_team_schedule
OAK202409200,2024-09-20,0,NYY,OAK,@,OAK,OAK,NYY,https://www.baseball-reference.com/teams/NYY/2024-schedule-scores.shtml#all_team_schedule
SDN202409200,2024-09-20,0,CHW,SDP,@,SDP,SDN,CHW,https://www.baseball-reference.com/teams/CHW/2024-schedule-scores.shtml#all_team_schedule
SLN202409200,2024-09-20,0,CLE,STL,@,STL,SLN,CLE,https://www.baseball-reference.com/teams/CLE/2024-schedule-scores.shtml#all_team_schedule
TBA202409200,2024-09-20,0,TBR,TOR,,TBR,TBA,TBR,https://www.baseball-reference.com/teams/TBR/2024-schedule-scores.shtml#all_team_schedule
TEX202409200,2024-09-20,0,SEA,TEX,@,TEX,TEX,SEA,https://www.baseball-reference.com/teams/SEA/2024-schedule-scores.shtml#all_team_schedule
BAL202409210,2024-09-21,0,BAL,DET,,BAL,BAL,BAL,https://www.baseball-reference.com/teams/BAL/2024-schedule-scores.shtml#all_team_schedule
CHN202409210,2024-09-21,0,CHC,WSN,,CHC,CHN,CHC,https://www.baseball-reference.com/teams/CHC/2024-schedule-scores.shtml#all_team_schedule
CIN202409210,2024-09-21,0,CIN,PIT,,CIN,CIN,CIN,https://www.baseball-reference.com/teams/CIN/2024-schedule-scores.shtml#all_team_schedule
HOU202409210,2024-09-21,0,HOU,LAA,,HOU,HOU,HOU,https://www.baseball-reference.com/teams/HOU/2024-schedule-scores.shtml#all_team_schedule
KCA202409210,2024-09-21,0,KCR,SFG,,KCR,KCA,KCR,https://www.baseball-reference.com/teams/KCR/2024-schedule-scores.shtml#all_team_schedule
LAN202409210,2024-09-21,0,COL,LAD,@,LAD,LAN,COL,https://www.baseball-reference.com/teams/COL/2024-schedule-scores.shtml#all_team_schedule
MIA202409210,2024-09-21,0,ATL,MIA,@,MIA,MIA,ATL,https://www.baseball-reference.com/teams/ATL/2024-schedule-scores.shtml#all_team_schedule
MIL202409210,2024-09-21,0,ARI,MIL,@,MIL,MIL,ARI,https://www.baseball-reference.com/teams/ARI/2024-schedule-scores.shtml#all_team_schedule
NYN202409210,2024-09-21,0,NYM,PHI,,NYM,NYN,NYM,https://www.baseball-reference.com/teams/NYM/2024-schedule-scores.shtml#all_team_schedule
OAK202409210,2024-09-21,0,NYY,OAK,@,OAK,OAK,NYY,https://www.baseball-reference.com/teams/NYY/2024-schedule-scores.shtml#all_team_schedule
SDN202409210,2024-09-21,0,CHW,SDP,@,SDP,SDN,CHW,https://www.baseball-reference.com/teams/CHW/2024-schedule-scores.shtml#all_team_schedule
SLN202409210,2024-09-21,0,CLE,STL,@,STL,SLN,CLE,https://www.baseball-reference.com/teams/CLE/2024-schedule-scores.shtml#all_team_schedule
TBA202409210,2024-09-21,0,TBR,TOR,,TBR,TBA,TBR,https://www.baseball-reference.com/teams/TBR/2024-schedule-scores.shtml#all_team_schedule
TEX202409210,2024-09-21,0,SEA,TEX,@,TEX,TEX,SEA,https://www.baseball-reference.com/teams/SEA/2024-schedule-scores.shtml#all_team_schedule
BAL202409220,2024-09-22,0,BAL,DET,,BAL,BAL,BAL,https://www.baseball-reference.com/teams/BAL/2024-schedule-scores.shtml#all_team_schedule
BOS202409221,2024-09-22,1,BOS,MIN,,BOS,BOS,BOS,https://www.baseball-reference.com/teams/BOS/2024-schedule-scores.shtml#all_team_schedule
BOS202409222,2024-09-22,2,BOS,MIN,,BOS,BOS,BOS,https://www.baseball-reference.com/teams/BOS/2024-schedule-scores.shtml#all_team_schedule
CHN202409220,2024-09-22,0,CHC,WSN,,CHC,CHN,CHC,https://www.baseball-reference.com/teams/CHC/2024-schedule-scores.shtml#all_team_schedule
CIN202409220,2024-09-22,0,CIN,PIT,,CIN,CIN,CIN,https://www.baseball-reference.com/teams/CIN/2024-schedule-scores.shtml#all_team_schedule
HOU202409220,2024-09-22,0,HOU,LAA,,HOU,HOU,HOU,https://www.baseball-reference.com/teams/HOU/2024-schedule-scores.shtml#all_team_schedule
KCA202409220,2024-09-22,0,KCR,SFG,,KCR,KCA,KCR,https://www.baseball-reference.com/teams/KCR/2024-schedule-scores.shtml#all_team_schedule
LAN202409220,2024-09-22,0,COL,LAD,@,LAD,LAN,COL,https://www.baseball-reference.com/teams/COL/2024-schedule-scores.shtml#all_team_schedule
MIA202409220,2024-09-22,0,ATL,MIA,@,MIA,MIA,ATL,https://www.baseball-reference.com/teams/ATL/2024-schedule-scores.shtml#all_team_schedule
MIL202409220,2024-09-22,0,ARI,MIL,@,MIL,MIL,ARI,https://www.baseball-reference.com/teams/ARI/2024-schedule-scores.shtml#all_team_schedule
NYN202409220,2024-09-22,0,NYM,PHI,,NYM,NYN,NYM,https://www.baseball-reference.com/teams/NYM/2024-schedule-scores.shtml#all_team_schedule
OAK202409220,2024-09-22,0,NYY,OAK,@,OAK,OAK,NYY,https://www.baseball-reference.com/teams/NYY/2024-schedule-scores.shtml#all_team_schedule
SDN202409220,2024-09-22,0,CHW,SDP,@,SDP,SDN,CHW,https://www.baseball-reference.com/teams/CHW/2024-schedule-scores.shtml#all_team_schedule
SLN202409220,2024-09-22,0,CLE,STL,@,STL,SLN,CLE,https://www.baseball-reference.com/teams/CLE/2024-schedule-scores.shtml#all_team_schedule
TBA202409220,2024-09-22,0,TBR,TOR,,TBR,TBA,TBR,https://www.baseball-reference.com/teams/TBR/2024-schedule-scores.shtml#all_team_schedule
TEX202409220,2024-09-22,0,SEA,TEX,@,TEX,TEX,SEA,https://www.baseball-reference.com/teams/SEA/2024-schedule-scores.shtml#all_team_schedule
ARI202409230,2024-09-23,0,ARI,SFG,,ARI,ARI,ARI,https://www.baseball-reference.com/teams/ARI/2024-schedule-scores.shtml#all_team_schedule
HOU202409230,2024-09-23,0,HOU,SEA,,HOU,HOU,HOU,https://www.baseball-reference.com/teams/HOU/2024-schedule-scores.shtml#all_team_schedule
PHI202409230,2024-09-23,0,CHC,PHI,@,PHI,PHI,CHC,https://www.baseball-reference.com/teams/CHC/2024-schedule-scores.shtml#all_team_schedule
TOR202409230,2024-09-23,0,BOS,TOR,@,TOR,TOR,BOS,https://www.baseball-reference.com/teams/BOS/2024-schedule-scores.shtml#all_team_schedule
ARI202409240,2024-09-24,0,ARI,SFG,,ARI,ARI,ARI,https://www.baseball-reference.com/teams/ARI/2024-schedule-scores.shtml#all_team_schedule
ATL202409240,2024-09-24,0,ATL,NYM,,ATL,ATL,ATL,https://www.baseball-reference.com/teams/ATL/2024-schedule-scores.shtml#all_team_schedule
CHA202409240,2024-09-24,0,CHW,LAA,,CHW,CHA,CHW,https://www.baseball-reference.com/teams/CHW/2024-schedule-scores.shtml#all_team_schedule
CLE202409240,2024-09-24,0,CIN,CLE,@,CLE,CLE,CIN,https://www.baseball-reference.com/teams/CIN/2024-schedule-scores.shtml#all_team_schedule
COL202409240,2024-09-24,0,COL,STL,,COL,COL,COL,https://www.baseball-reference.com/teams/COL/2024-schedule-scores.shtml#all_team_schedule
DET202409240,2024-09-24,0,DET,TBR,,DET,DET,DET,https://www.baseball-reference.com/teams/DET/2024-schedule-scores.shtml#all_team_schedule
HOU202409240,2024-09-24,0,HOU,SEA,,HOU,HOU,HOU,https://www.baseball-reference.com/teams/HOU/2024-schedule-scores.shtml#all_team_schedule
LAN202409240,2024-09-24,0,LAD,SDP,,LAD,LAN,LAD,https://www.baseball-reference.com/teams/LAD/2024-schedule-scores.shtml#all_team_schedule
MIN202409240,2024-09-24,0,MIA,MIN,@,MIN,MIN,MIA,https://www.baseball-reference.com/teams/MIA/2024-schedule-scores.shtml#all_team_schedule
NYA202409240,2024-09-24,0,BAL,NYY,@,NYY,NYA,BAL,https://www.baseball-reference.com/teams/BAL/2024-schedule-scores.shtml#all_team_schedule
OAK202409240,2024-09-24,0,OAK,TEX,,OAK,OAK,OAK,https://www.baseball-reference.com/teams/OAK/2024-schedule-scores.shtml#all_team_schedule
PHI202409240,2024-09-24,0,CHC,PHI,@,PHI,PHI,CHC,https://www.baseball-reference.com/teams/CHC/2024-schedule-scores.shtml#all_team_schedule
PIT202409240,2024-09-24,0,MIL,PIT,@,PIT,PIT,MIL,https://www.baseball-reference.com/teams/MIL/2024-schedule-scores.shtml#all_team_schedule
TOR202409240,2024-09-24,0,BOS,TOR,@,TOR,TOR,BOS,https://www.baseball-reference.com/teams/BOS/2024-schedule-scores.shtml#all_team_schedule
WAS202409240,2024-09-24,0,KCR,WSN,@,WSN,WAS,KCR,https://www.baseball-reference.com/teams/KCR/2024-schedule-scores.shtml#all_team_schedule
ARI202409250,2024-09-25,0,ARI,SFG,,ARI,ARI,ARI,https://www.baseball-reference.com/teams/ARI/2024-schedule-scores.shtml#all_team_schedule
CHA202409250,2024-09-25,0,CHW,LAA,,CHW,CHA,CHW,https://www.baseball-reference.com/teams/CHW/2024-schedule-scores.shtml#all_team_schedule
CLE202409250,2024-09-25,0,CIN,CLE,@,CLE,CLE,CIN,https://www.baseball-reference.com/teams/CIN/2024-schedule-scores.shtml#all_team_schedule
COL202409250,2024-09-25,0,COL,STL,,COL,COL,COL,https://www.baseball-reference.com/teams/COL/2024-schedule-scores.shtml#all_team_schedule
DET202409250,2024-09-25,0,DET,TBR,,DET,DET,DET,https://www.baseball-reference.com/teams/DET/2024-schedule-scores.shtml#all_team_schedule
HOU202409250,2024-09-25,0,HOU,SEA,,HOU,HOU,HOU,https://www.baseball-reference.com/teams/HOU/2024-schedule-scores.shtml#all_team_schedule
LAN202409250,2024-09-25,0,LAD,SDP,,LAD,LAN,LAD,https://www.baseball-reference.com/teams/LAD/2024-schedule-scores.shtml#all_team_schedule
MIN202409250,2024-09-25,0,MIA,MIN,@,MIN,MIN,MIA,https://www.baseball-reference.com/teams/MIA/2024-schedule-scores.shtml#all_team_schedule
NYA202409250,2024-09-25,0,BAL,NYY,@,NYY,NYA,BAL,https://www.baseball-reference.com/teams/BAL/2024-schedule-scores.shtml#all_team_schedule
OAK202409250,2024-09-25,0,OAK,TEX,,OAK,OAK,OAK,https://www.baseball-reference.com/teams/OAK/2024-schedule-scores.shtml#all_team_schedule
PHI202409250,2024-09-25,0,CHC,PHI,@,PHI,PHI,CHC,https://www.baseball-reference.com/teams/CHC/2024-schedule-scores.shtml#all_team_schedule
PIT202409250,2024-09-25,0,MIL,PIT,@,PIT,PIT,MIL,https://www.baseball-reference.com/teams/MIL/2024-schedule-scores.shtml#all_team_schedule
TOR202409250,2024-09-25,0,BOS,TOR,@,TOR,TOR,BOS,https://www.baseball-reference.com/teams/BOS/2024-schedule-scores.shtml#all_team_schedule
WAS202409250,2024-09-25,0,KCR,WSN,@,WSN,WAS,KCR,https://www.baseball-reference.com/teams/KCR/2024-schedule-scores.shtml#all_team_schedule
CHA202409260,2024-09-26,0,CHW,LAA,,CHW,CHA,CHW,https://www.baseball-reference.com/teams/CHW/2024-schedule-scores.shtml#all_team_schedule
COL202409260,2024-09-26,0,COL,STL,,COL,COL,COL,https://www.baseball-reference.com/teams/COL/2024-schedule-scores.shtml#all_team_schedule
DET202409260,2024-09-26,0,DET,TBR,,DET,DET,DET,https://www.baseball-reference.com/teams/DET/2024-schedule-scores.shtml#all_team_schedule
LAN202409260,2024-09-26,0,LAD,SDP,,LAD,LAN,LAD,https://www.baseball-reference.com/teams/LAD/2024-schedule-scores.shtml#all_team_schedule
MIN202409260,2024-09-26,0,MIA,MIN,@,MIN,MIN,MIA,https://www.baseball-reference.com/teams/MIA/2024-schedule-scores.shtml#all_team_schedule
NYA202409260,2024-09-26,0,BAL,NYY,@,NYY,NYA,BAL,https://www.baseball-reference.com/teams/BAL/2024-schedule-scores.shtml#all_team_schedule
OAK202409260,2024-09-26,0,OAK,TEX,,OAK,OAK,OAK,https://www.baseball-reference.com/teams/OAK/2024-schedule-scores.shtml#all_team_schedule
PIT202409260,2024-09-26,0,MIL,PIT,@,PIT,PIT,MIL,https://www.baseball-reference.com/teams/MIL/2024-schedule-scores.shtml#all_team_schedule
WAS202409260,2024-09-26,0,KCR,WSN,@,WSN,WAS,KCR,https://www.baseball-reference.com/teams/KCR/2024-schedule-scores.shtml#all_team_schedule
ANA202409270,2024-09-27,0,LAA,TEX,,LAA,ANA,LAA,https://www.baseball-reference.com/teams/LAA/2024-schedule-scores.shtml#all_team_schedule
ARI202409270,2024-09-27,0,ARI,SDP,,ARI,ARI,ARI,https://www.baseball-reference.com/teams/ARI/2024-schedule-scores.shtml#all_team_schedule
ATL202409270,2024-09-27,0,ATL,KCR,,ATL,ATL,ATL,https://www.baseball-reference.com/teams/ATL/2024-schedule-scores.shtml#all_team_schedule
BOS202409270,2024-09-27,0,BOS,TBR,,BOS,BOS,BOS,https://www.baseball-reference.com/teams/BOS/2024-schedule-scores.shtml#all_team_schedule
CHN202409270,2024-09-27,0,CHC,CIN,,CHC,CHN,CHC,https://www.baseball-reference.com/teams/CHC/2024-schedule-scores.shtml#all_team_schedule
CLE202409270,2024-09-27,0,CLE,HOU,,CLE,CLE,CLE,https://www.baseball-reference.com/teams/CLE/2024-schedule-scores.shtml#all_team_schedule
COL202409270,2024-09-27,0,COL,LAD,,COL,COL,COL,https://www.baseball-reference.com/teams/COL/2024-schedule-scores.shtml#all_team_schedule
DET202409270,2024-09-27,0,CHW,DET,@,DET,DET,CHW,https://www.baseball-reference.com/teams/CHW/2024-schedule-scores.shtml#all_team_schedule
MIL202409270,2024-09-27,0,MIL,NYM,,MIL,MIL,MIL,https://www.baseball-reference.com/teams/MIL/2024-schedule-scores.shtml#all_team_schedule
MIN202409270,2024-09-27,0,BAL,MIN,@,MIN,MIN,BAL,https://www.baseball-reference.com/teams/BAL/2024-schedule-scores.shtml#all_team_schedule
NYA202409270,2024-09-27,0,NYY,PIT,,NYY,NYA,NYY,https://www.baseball-reference.com/teams/NYY/2024-schedule-scores.shtml#all_team_schedule
SEA202409270,2024-09-27,0,OAK,SEA,@,SEA,SEA,OAK,https://www.baseball-reference.com/teams/OAK/2024-schedule-scores.shtml#all_team_schedule
SFN202409270,2024-09-27,0,SFG,STL,,SFG,SFN,SFG,https://www.baseball-reference.com/teams/SFG/2024-schedule-scores.shtml#all_team_schedule
TOR202409270,2024-09-27,0,MIA,TOR,@,TOR,TOR,MIA,https://www.baseball-reference.com/teams/MIA/2024-schedule-scores.shtml#all_team_schedule
WAS202409270,2024-09-27,0,PHI,WSN,@,WSN,WAS,PHI,https://www.baseball-reference.com/teams/PHI/2024-schedule-scores.shtml#all_team_schedule
ANA202409280,2024-09-28,0,LAA,TEX,,LAA,ANA,LAA,https://www.baseball-reference.com/teams/LAA/2024-schedule-scores.shtml#all_team_schedule
ARI202409280,2024-09-28,0,ARI,SDP,,ARI,ARI,ARI,https://www.baseball-reference.com/teams/ARI/2024-schedule-scores.shtml#all_team_schedule
ATL202409280,2024-09-28,0,ATL,KCR,,ATL,ATL,ATL,https://www.baseball-reference.com/teams/ATL/2024-schedule-scores.shtml#all_team_schedule
BOS202409280,2024-09-28,0,BOS,TBR,,BOS,BOS,BOS,https://www.baseball-reference.com/teams/BOS/2024-schedule-scores.shtml#all_team_schedule
CHN202409280,2024-09-28,0,CHC,CIN,,CHC,CHN,CHC,https://www.baseball-reference.com/teams/CHC/2024-schedule-scores.shtml#all_team_schedule
CLE202409280,2024-09-28,0,CLE,HOU,,CLE,CLE,CLE,https://www.baseball-reference.com/teams/CLE/2024-schedule-scores.shtml#all_team_schedule
COL202409280,2024-09-28,0,COL,LAD,,COL,COL,COL,https://www.baseball-reference.com/teams/COL/2024-schedule-scores.shtml#all_team_schedule
DET202409280,2024-09-28,0,CHW,DET,@,DET,DET,CHW,https://www.baseball-reference.com/teams/CHW/2024-schedule-scores.shtml#all_team_schedule
MIL202409280,2024-09-28,0,MIL,NYM,,MIL,MIL,MIL,https://www.baseball-reference.com/teams/MIL/2024-schedule-scores.shtml#all_team_schedule
MIN202409280,2024-09-28,0,BAL,MIN,@,MIN,MIN,BAL,https://www.baseball-reference.com/teams/BAL/2024-schedule-scores.shtml#all_team_schedule
NYA202409280,2024-09-28,0,NYY,PIT,,NYY,NYA,NYY,https://www.baseball-reference.com/teams/NYY/2024-schedule-scores.shtml#all_team_schedule
SEA202409280,2024-09-28,0,OAK,SEA,@,SEA,SEA,OAK,https://www.baseball-reference.com/teams/OAK/2024-schedule-scores.shtml#all_team_schedule
SFN202409280,2024-09-28,0,SFG,STL,,SFG,SFN,SFG,https://www.baseball-reference.com/teams/SFG/2024-schedule-scores.shtml#all_team_schedule
TOR202409280,2024-09-28,0,MIA,TOR,@,TOR,TOR,MIA,https://www.baseball-reference.com/teams/MIA/2024-schedule-scores.shtml#all_team_schedule
WAS202409280,2024-09-28,0,PHI,WSN,@,WSN,WAS,PHI,https://www.baseball-reference.com/teams/PHI/2024-schedule-scores.shtml#all_team_schedule
ANA202409290,2024-09-29,0,LAA,TEX,,LAA,ANA,LAA,https://www.baseball-reference.com/teams/LAA/2024-schedule-scores.shtml#all_team_schedule
ARI202409290,2024-09-29,0,ARI,SDP,,ARI,ARI,ARI,https://www.baseball-reference.com/teams/ARI/2024-schedule-scores.shtml#all_team_schedule
ATL202409290,2024-09-29,0,ATL,KCR,,ATL,ATL,ATL,https://www.baseball-reference.com/teams/ATL/2024-schedule-scores.shtml#all_team_schedule
BOS202409290,2024-09-29,0,BOS,TBR,,BOS,BOS,BOS,https://www.baseball-reference.com/teams/BOS/2024-schedule-scores.shtml#all_team_schedule
CHN202409290,2024-09-29,0,CHC,CIN,,CHC,CHN,CHC,https://www.baseball-reference.com/teams/CHC/2024-schedule-scores.shtml#all_team_schedule
COL202409290,2024-09-29,0,COL,LAD,,COL,COL,COL,https://www.baseball-reference.com/teams/COL/2024-schedule-scores.shtml#all_team_schedule
DET202409290,2024-09-29,0,CHW,DET,@,DET,DET,CHW,https://www.baseball-reference.com/teams/CHW/2024-schedule-scores.shtml#all_team_schedule
MIL202409290,2024-09-29,0,MIL,NYM,,MIL,MIL,MIL,https://www.baseball-reference.com/teams/MIL/2024-schedule-scores.shtml#all_team_schedule
MIN202409290,2024-09-29,0,BAL,MIN,@,MIN,MIN,BAL,https://www.baseball-reference.com/teams/BAL/2024-schedule-scores.shtml#all_team_schedule
NYA202409290,2024-09-29,0,NYY,PIT,,NYY,NYA,NYY,https://www.baseball-reference.com/teams/NYY/2024-schedule-scores.shtml#all_team_schedule
SEA202409290,2024-09-29,0,OAK,SEA,@,SEA,SEA,OAK,https://www.baseball-reference.com/teams/OAK/2024-schedule-scores.shtml#all_team_schedule
SFN202409290,2024-09-29,0,SFG,STL,,SFG,SFN,SFG,https://www.baseball-reference.com/teams/SFG/2024-schedule-scores.shtml#all_team_schedule
TOR202409290,2024-09-29,0,MIA,TOR,@,TOR,TOR,MIA,https://www.baseball-reference.com/teams/MIA/2024-schedule-scores.shtml#all_team_schedule
WAS202409290,2024-09-29,0,PHI,WSN,@,WSN,WAS,PHI,https://www.baseball-reference.com/teams/PHI/2024-schedule-scores.shtml#all_team_schedule
ATL202409301,2024-09-30,1,ATL,NYM,,ATL,ATL,ATL,https://www.baseball-reference.com/teams/ATL/2024-schedule-scores.shtml#all_team_schedule
ATL202409302,2024-09-30,2,ATL,NYM,,ATL,ATL,ATL,https://www.baseball-reference.com/teams/ATL/2024-schedule-scores.shtml#all_team_schedule
