game_id,game_date,game_number,Tm,Opp,dest,home_team,br_home_code,schedule_team,source_url
CHN202503180,2025-03-18,0,CHC,LAD,,CHC,CHN,CHC,https://www.baseball-reference.com/teams/CHC/2025-schedule-scores.shtml#all_team_schedule
CHN202503190,2025-03-19,0,CHC,LAD,,CHC,CHN,CHC,https://www.baseball-reference.com/teams/CHC/2025-schedule-scores.shtml#all_team_schedule
ARI202503270,2025-03-27,0,ARI,CHC,,ARI,ARI,ARI,https://www.baseball-reference.com/teams/ARI/2025-schedule-scores.shtml#all_team_schedule
CHA202503270,2025-03-27,0,CHW,LAA,,CHW,CHA,CHW,https://www.baseball-reference.com/teams/CHW/2025-schedule-scores.shtml#all_team_schedule
CIN202503270,2025-03-27,0,CIN,SFG,,CIN,CIN,CIN,https://www.baseball-reference.com/teams/CIN/2025-schedule-scores.shtml#all_team_schedule
HOU202503270,2025-03-27,0,HOU,NYM,,HOU,HOU,HOU,https://www.baseball-reference.com/teams/HOU/2025-schedule-scores.shtml#all_team_schedule
KCA202503270,2025-03-27,0,CLE,KCR,@,KCR,KCA,CLE,https://www.baseball-reference.com/teams/CLE/2025-schedule-scores.shtml#all_team_schedule
LAN202503270,2025-03-27,0,DET,LAD,@,LAD,LAN,DET,https://www.baseball-reference.com/teams/DET/2025-schedule-scores.shtml#all_team_schedule
MIA202503270,2025-03-27,0,MIA,PIT,,MIA,MIA,MIA,https://www.baseball-reference.com/teams/MIA/2025-schedule-scores.shtml#all_team_schedule
NYA202503270,2025-03-27,0,MIL,NYY,@,NYY,NYA,MIL,https://www.baseball-reference.com/teams/MIL/2025-schedule-scores.shtml#all_team_schedule
SDN202503270,2025-03-27,0,ATL,SDP,@,SDP,SDN,ATL,https://www.baseball-reference.com/teams/ATL/2025-schedule-scores.shtml#all_team_schedule
SEA202503270,2025-03-27,0,ATH,SEA,@,SEA,SEA,ATH,https://www.baseball-reference.com/teams/ATH/2025-schedule-scores.shtml#all_team_schedule
SLN202503270,2025-03-27,0,MIN,STL,@,STL,SLN,MIN,https://www.baseball-reference.com/teams/MIN/2025-schedule-scores.shtml#all_team_schedule
TEX202503270,2025-03-27,0,BOS,TEX,@,TEX,TEX,BOS,https://www.baseball-reference.com/teams/BOS/2025-schedule-scores.shtml#all_team_schedule
TOR202503270,2025-03-27,0,BAL,TOR,@,TOR,TOR,BAL,https://www.baseball-reference.com/teams/BAL/2025-schedule-scores.shtml#all_team_schedule
WAS202503270,2025-03-27,0,PHI,WSN,@,WSN,WAS,PHI,https://www.baseball-reference.com/teams/PHI/2025-schedule-scores.shtml#all_team_schedule
ARI202503280,2025-03-28,0,ARI,CHC,,ARI,ARI,ARI,https://www.baseball-reference.com/teams/ARI/2025-schedule-scores.shtml#all_team_schedule
HOU202503280,2025-03-28,0,HOU,NYM,,HOU,HOU,HOU,https://www.baseball-reference.com/teams/HOU/2025-schedule-scores.shtml#all_team_schedule
LAN202503280,2025-03-28,0,DET,LAD,@,LAD,LAN,DET,https://www.baseball-reference.com/teams/DET/2025-schedule-scores.shtml#all_team_schedule
MIA202503280,2025-03-28,0,MIA,PIT,,MIA,MIA,MIA,https://www.baseball-reference.com/teams/MIA/2025-schedule-scores.shtml#all_team_schedule
SDN202503280,2025-03-28,0,ATL,SDP,@,SDP,SDN,ATL,https://www.baseball-reference.com/teams/ATL/2025-schedule-scores.shtml#all_team_schedule
SEA202503280,2025-03-28,0,ATH,SEA,@,SEA,SEA,ATH,https://www.baseball-reference.com/teams/ATH/2025-schedule-scores.shtml#all_team_schedule
TBA202503280,2025-03-28,0,COL,TBR,@,TBR,TBA,COL,https://www.baseball-reference.com/teams/COL/2025-schedule-scores.shtml#all_team_schedule
TEX202503280,2025-03-28,0,BOS,TEX,@,TEX,TEX,BOS,https://www.baseball-reference.com/teams/BOS/2025-schedule-scores.shtml#all_team_schedule
TOR202503280,2025-03-28,0,BAL,TOR,@,TOR,TOR,BAL,https://www.baseball-reference.com/teams/BAL/2025-schedule-scores.shtml#all_team_schedule
ARI202503290,2025-03-29,0,ARI,CHC,,ARI,ARI,ARI,https://www.baseball-reference.com/teams/ARI/2025-schedule-scores.shtml#all_team_schedule
CHA202503290,2025-03-29,0,CHW,LAA,,CHW,CHA,CHW,https://www.baseball-reference.com/teams/CHW/2025-schedule-scores.shtml#all_team_schedule
CIN202503290,2025-03-29,0,CIN,SFG,,CIN,CIN,CIN,https://www.baseball-reference.com/teams/CIN/2025-schedule-scores.shtml#all_team_schedule
HOU202503290,2025-03-29,0,HOU,NYM,,HOU,HOU,HOU,https://www.baseball-reference.com/teams/HOU/2025-schedule-scores.shtml#all_team_schedule
KCA202503290,2025-03-29,0,CLE,KCR,@,KCR,KCA,CLE,https://www.baseball-reference.com/teams/CLE/2025-schedule-scores.shtml#all_team_schedule
LAN202503290,2025-03-29,0,DET,LAD,@,LAD,LAN,DET,https://www.baseball-reference.com/teams/DET/2025-schedule-scores.shtml#all_team_schedule
MIA202503290,2025-03-29,0,MIA,PIT,,MIA,MIA,MIA,https://www.baseball-reference.com/teams/MIA/2025-schedule-scores.shtml#all_team_schedule
NYA202503290,2025-03-29,0,MIL,NYY,@,NYY,NYA,MIL,https://www.baseball-reference.com/teams/MIL/2025-schedule-scores.shtml#all_team_schedule
SDN202503290,2025-03-29,0,ATL,SDP,@,SDP,SDN,ATL,https://www.baseball-reference.com/teams/ATL/2025-schedule-scores.shtml#all_team_schedule
SEA202503290,2025-03-29,0,ATH,SEA,@,SEA,SEA,ATH,https://www.baseball-reference.com/teams/ATH/2025-schedule-scores.shtml#all_team_schedule
SLN202503290,2025-03-29,0,MIN,STL,@,STL,SLN,MIN,https://www.baseball-reference.com/teams/MIN/2025-schedule-scores.shtml#all_team_schedule
TBA202503290,2025-03-29,0,COL,TBR,@,TBR,TBA,COL,https://www.baseball-reference.com/teams/COL/2025-schedule-scores.shtml#all_team_schedule
TEX202503290,2025-03-29,0,BOS,TEX,@,TEX,TEX,BOS,https://www.baseball-reference.com/teams/BOS/2025-schedule-scores.shtml#all_team_schedule
TOR202503290,2025-03-29,0,BAL,TOR,@,TOR,TOR,BAL,https://www.baseball-reference.com/teams/BAL/2025-schedule-scores.shtml#all_team_schedule
WAS202503290,2025-03-29,0,PHI,WSN,@,WSN,WAS,PHI,https://www.baseball-reference.com/teams/PHI/2025-schedule-scores.shtml#all_team_schedule
ARI202503300,2025-03-30,0,ARI,CHC,,ARI,ARI,ARI,https://www.baseball-reference.com/teams/ARI/2025-schedule-scores.shtml#all_team_schedule
CHA202503300,2025-03-30,0,CHW,LAA,,CHW,CHA,CHW,https://www.baseball-reference.com/teams/CHW/2025-schedule-scores.shtml#all_team_schedule
CIN202503300,2025-03-30,0,CIN,SFG,,CIN,CIN,CIN,https://www.baseball-reference.com/teams/CIN/2025-schedule-scores.shtml#all_team_schedule
KCA202503300,2025-03-30,0,CLE,KCR,@,KCR,KCA,CLE,https://www.baseball-reference.com/teams/CLE/2025-schedule-scores.shtml#all_team_schedule
MIA202503300,2025-03-30,0,MIA,PIT,,MIA,MIA,MIA,https://www.baseball-reference.com/teams/MIA/2025-schedule-scores.shtml#all_team_schedule
NYA202503300,2025-03-30,0,MIL,NYY,@,NYY,NYA,MIL,https://www.baseball-reference.com/teams/MIL/2025-schedule-scores.shtml#all_team_schedule
SDN202503300,2025-03-30,0,ATL,SDP,@,SDP,SDN,ATL,https://www.baseball-reference.com/teams/ATL/2025-schedule-scores.shtml#all_team_schedule
SEA202503300,2025-03-30,0,ATH,SEA,@,SEA,SEA,ATH,https://www.baseball-reference.com/teams/ATH/2025-schedule-scores.shtml#all_team_schedule
SLN202503300,2025-03-30,0,MIN,STL,@,STL,SLN,MIN,https://www.baseball-reference.com/teams/MIN/2025-schedule-scores.shtml#all_team_schedule
TBA202503300,2025-03-30,0,COL,TBR,@,TBR,TBA,COL,https://www.baseball-reference.com/teams/COL/2025-schedule-scores.shtml#all_team_schedule
TEX202503300,2025-03-30,0,BOS,TEX,@,TEX,TEX,BOS,https://www.baseball-reference.com/teams/BOS/2025-schedule-scores.shtml#all_team_schedule
TOR202503300,2025-03-30,0,BAL,TOR,@,TOR,TOR,BAL,https://www.baseball-reference.com/teams/BAL/2025-schedule-scores.shtml#all_team_schedule
WAS202503300,2025-03-30,0,PHI,WSN,@,WSN,WAS,PHI,https://www.baseball-reference.com/teams/PHI/2025-schedule-scores.shtml#all_team_schedule
ATH202503310,2025-03-31,0,ATH,CHC,,ATH,ATH,ATH,https://www.baseball-reference.com/teams/ATH/2025-schedule-scores.shtml#all_team_schedule
BAL202503310,2025-03-31,0,BAL,BOS,,BAL,BAL,BAL,https://www.baseball-reference.com/teams/BAL/2025-schedule-scores.shtml#all_team_schedule
CHA202503310,2025-03-31,0,CHW,MIN,,CHW,CHA,CHW,https://www.baseball-reference.com/teams/CHW/2025-schedule-scores.shtml#all_team_schedule
CIN202503310,2025-03-31,0,CIN,TEX,,CIN,CIN,CIN,https://www.baseball-reference.com/teams/CIN/2025-schedule-scores.shtml#all_team_schedule
HOU202503310,2025-03-31,0,HOU,SFG,,HOU,HOU,HOU,https://www.baseball-reference.com/teams/HOU/2025-schedule-scores.shtml#all_team_schedule
LAN202503310,2025-03-31,0,ATL,LAD,@,LAD,LAN,ATL,https://www.baseball-reference.com/teams/ATL/2025-schedule-scores.shtml#all_team_schedule
MIA202503310,2025-03-31,0,MIA,NYM,,MIA,MIA,MIA,https://www.baseball-reference.com/teams/MIA/2025-schedule-scores.shtml#all_team_schedule
MIL202503310,2025-03-31,0,KCR,MIL,@,MIL,MIL,KCR,https://www.baseball-reference.com/teams/KCR/2025-schedule-scores.shtml#all_team_schedule
PHI202503310,2025-03-31,0,COL,PHI,@,PHI,PHI,COL,https://www.baseball-reference.com/teams/COL/2025-schedule-scores.shtml#all_team_schedule
SDN202503310,2025-03-31,0,CLE,SDP,@,SDP,SDN,CLE,https://www.baseball-reference.com/teams/CLE/2025-schedule-scores.shtml#all_team_schedule
SEA202503310,2025-03-31,0,DET,SEA,@,SEA,SEA,DET,https://www.baseball-reference.com/teams/DET/2025-schedule-scores.shtml#all_team_schedule
SLN202503310,2025-03-31,0,LAA,STL,@,STL,SLN,LAA,https://www.baseball-reference.com/teams/LAA/2025-schedule-scores.shtml#all_team_schedule
TBA202503310,2025-03-31,0,PIT,TBR,@,TBR,TBA,PIT,https://www.baseball-reference.com/teams/PIT/2025-schedule-scores.shtml#all_team_schedule
TOR202503310,2025-03-31,0,TOR,WSN,,TOR,TOR,TOR,https://www.baseball-reference.com/teams/TOR/2025-schedule-scores.shtml#all_team_schedule
ATH202504010,2025-04-01,0,ATH,CHC,,ATH,ATH,ATH,https://www.baseball-reference.com/teams/ATH/2025-schedule-scores.shtml#all_team_schedule
CHA202504010,2025-04-01,0,CHW,MIN,,CHW,CHA,CHW,https://www.baseball-reference.com/teams/CHW/2025-schedule-scores.shtml#all_team_schedule
CIN202504010,2025-04-01,0,CIN,TEX,,CIN,CIN,CIN,https://www.baseball-reference.com/teams/CIN/2025-schedule-scores.shtml#all_team_schedule
HOU202504010,2025-04-01,0,HOU,SFG,,HOU,HOU,HOU,https://www.baseball-reference.com/teams/HOU/2025-schedule-scores.shtml#all_team_schedule
LAN202504010,2025-04-01,0,ATL,LAD,@,LAD,LAN,ATL,https://www.baseball-reference.com/teams/ATL/2025-schedule-scores.shtml#all_team_schedule
MIA202504010,2025-04-01,0,MIA,NYM,,MIA,MIA,MIA,https://www.baseball-reference.com/teams/MIA/2025-schedule-scores.shtml#all_team_schedule
MIL202504010,2025-04-01,0,KCR,MIL,@,MIL,MIL,KCR,https://www.baseball-reference.com/teams/KCR/2025-schedule-scores.shtml#all_team_schedule
NYA202504010,2025-04-01,0,ARI,NYY,@,NYY,NYA,ARI,https://www.baseball-reference.com/teams/ARI/2025-schedule-scores.shtml#all_team_schedule
SDN202504010,2025-04-01,0,CLE,SDP,@,SDP,SDN,CLE,https://www.baseball-reference.com/teams/CLE/2025-schedule-scores.shtml#all_team_schedule
SEA202504010,2025-04-01,0,DET,SEA,@,SEA,SEA,DET,https://www.baseball-reference.com/teams/DET/2025-schedule-scores.shtml#all_team_schedule
SLN202504010,2025-04-01,0,LAA,STL,@,STL,SLN,LAA,https://www.baseball-reference.com/teams/LAA/2025-schedule-scores.shtml#all_team_schedule
TBA202504010,2025-04-01,0,PIT,TBR,@,TBR,TBA,PIT,https://www.baseball-reference.com/teams/PIT/2025-schedule-scores.shtml#all_team_schedule
TOR202504010,2025-04-01,0,TOR,WSN,,TOR,TOR,TOR,https://www.baseball-reference.com/teams/TOR/2025-schedule-scores.shtml#all_team_schedule
ATH202504020,2025-04-02,0,ATH,CHC,,ATH,ATH,ATH,https://www.baseball-reference.com/teams/ATH/2025-schedule-scores.shtml#all_team_schedule
BAL202504020,2025-04-02,0,BAL,BOS,,BAL,BAL,BAL,https://www.baseball-reference.com/teams/BAL/2025-schedule-scores.shtml#all_team_schedule
CHA202504020,2025-04-02,0,CHW,MIN,,CHW,CHA,CHW,https://www.baseball-reference.com/teams/CHW/2025-schedule-scores.shtml#all_team_schedule
CIN202504020,2025-04-02,0,CIN,TEX,,CIN,CIN,CIN,https://www.baseball-reference.com/teams/CIN/2025-schedule-scores.shtml#all_team_schedule
HOU202504020,2025-04-02,0,HOU,SFG,,HOU,HOU,HOU,https://www.baseball-reference.com/teams/HOU/2025-schedule-scores.shtml#all_team_schedule
LAN202504020,2025-04-02,0,ATL,LAD,@,LAD,LAN,ATL,https://www.baseball-reference.com/teams/ATL/2025-schedule-scores.shtml#all_team_schedule
MIA202504020,2025-04-02,0,MIA,NYM,,MIA,MIA,MIA,https://www.baseball-reference.com/teams/MIA/2025-schedule-scores.shtml#all_team_schedule
MIL202504020,2025-04-02,0,KCR,MIL,@,MIL,MIL,KCR,https://www.baseball-reference.com/teams/KCR/2025-schedule-scores.shtml#all_team_schedule
NYA202504020,2025-04-02,0,ARI,NYY,@,NYY,NYA,ARI,https://www.baseball-reference.com/teams/ARI/2025-schedule-scores.shtml#all_team_schedule
PHI202504020,2025-04-02,0,COL,PHI,@,PHI,PHI,COL,https://www.baseball-reference.com/teams/COL/2025-schedule-scores.shtml#all_team_schedule
SDN202504020,2025-04-02,0,CLE,SDP,@,SDP,SDN,CLE,https://www.baseball-reference.com/teams/CLE/2025-schedule-scores.shtml#all_team_schedule
SEA202504020,2025-04-02,0,DET,SEA,@,SEA,SEA,DET,https://www.baseball-reference.com/teams/DET/2025-schedule-scores.shtml#all_team_schedule
SLN202504020,2025-04-02,0,LAA,STL,@,STL,SLN,LAA,https://www.baseball-reference.com/teams/LAA/2025-schedule-scores.shtml#all_team_schedule
TBA202504020,2025-04-02,0,PIT,TBR,@,TBR,TBA,PIT,https://www.baseball-reference.com/teams/PIT/2025-schedule-scores.shtml#all_team_schedule
TOR202504020,2025-04-02,0,TOR,WSN,,TOR,TOR,TOR,https://www.baseball-reference.com/teams/TOR/2025-schedule-scores.shtml#all_team_schedule
BAL202504030,2025-04-03,0,BAL,BOS,,BAL,BAL,BAL,https://www.baseball-reference.com/teams/BAL/2025-schedule-scores.shtml#all_team_schedule
MIL202504030,2025-04-03,0,CIN,MIL,@,MIL,MIL,CIN,https://www.baseball-reference.com/teams/CIN/2025-schedule-scores.shtml#all_team_schedule
MIN202504030,2025-04-03,0,HOU,MIN,@,MIN,MIN,HOU,https://www.baseball-reference.com/teams/HOU/2025-schedule-scores.shtml#all_team_schedule
NYA202504030,2025-04-03,0,ARI,NYY,@,NYY,NYA,ARI,https://www.baseball-reference.com/teams/ARI/2025-schedule-scores.shtml#all_team_schedule
PHI202504030,2025-04-03,0,COL,PHI,@,PHI,PHI,COL,https://www.baseball-reference.com/teams/COL/2025-schedule-scores.shtml#all_team_schedule
ANA202504040,2025-04-04,0,CLE,LAA,@,LAA,ANA,CLE,https://www.baseball-reference.com/teams/CLE/2025-schedule-scores.shtml#all_team_schedule
ATL202504040,2025-04-04,0,ATL,MIA,,ATL,ATL,ATL,https://www.baseball-reference.com/teams/ATL/2025-schedule-scores.shtml#all_team_schedule
BOS202504040,2025-04-04,0,BOS,STL,,BOS,BOS,BOS,https://www.baseball-reference.com/teams/BOS/2025-schedule-scores.shtml#all_team_schedule
CHN202504040,2025-04-04,0,CHC,SDP,,CHC,CHN,CHC,https://www.baseball-reference.com/teams/CHC/2025-schedule-scores.shtml#all_team_schedule
COL202504040,2025-04-04,0,ATH,COL,@,COL,COL,ATH,https://www.baseball-reference.com/teams/ATH/2025-schedule-scores.shtml#all_team_schedule
DET202504040,2025-04-04,0,CHW,DET,@,DET,DET,CHW,https://www.baseball-reference.com/teams/CHW/2025-schedule-scores.shtml#all_team_schedule
KCA202504040,2025-04-04,0,BAL,KCR,@,KCR,KCA,BAL,https://www.baseball-reference.com/teams/BAL/2025-schedule-scores.shtml#all_team_schedule
MIL202504040,2025-04-04,0,CIN,MIL,@,MIL,MIL,CIN,https://www.baseball-reference.com/teams/CIN/2025-schedule-scores.shtml#all_team_schedule
NYN202504040,2025-04-04,0,NYM,TOR,,NYM,NYN,NYM,https://www.baseball-reference.com/teams/NYM/2025-schedule-scores.shtml#all_team_schedule
PHI202504040,2025-04-04,0,LAD,PHI,@,PHI,PHI,LAD,https://www.baseball-reference.com/teams/LAD/2025-schedule-scores.shtml#all_team_schedule
PIT202504040,2025-04-04,0,NYY,PIT,@,PIT,PIT,NYY,https://www.baseball-reference.com/teams/NYY/2025-schedule-scores.shtml#all_team_schedule
SFN202504040,2025-04-04,0,SEA,SFG,@,SFG,SFN,SEA,https://www.baseball-reference.com/teams/SEA/2025-schedule-scores.shtml#all_team_schedule
TEX202504040,2025-04-04,0,TBR,TEX,@,TEX,TEX,TBR,https://www.baseball-reference.com/teams/TBR/2025-schedule-scores.shtml#all_team_schedule
WAS202504040,2025-04-04,0,ARI,WSN,@,WSN,WAS,ARI,https://www.baseball-reference.com/teams/ARI/2025-schedule-scores.shtml#all_team_schedule
ANA202504050,2025-04-05,0,CLE,LAA,@,LAA,ANA,CLE,https://www.baseball-reference.com/teams/CLE/2025-schedule-scores.shtml#all_team_schedule
ATL202504050,2025-04-05,0,ATL,MIA,,ATL,ATL,ATL,https://www.baseball-reference.com/teams/ATL/2025-schedule-scores.shtml#all_team_schedule
CHN202504050,2025-04-05,0,CHC,SDP,,CHC,CHN,CHC,https://www.baseball-reference.com/teams/CHC/2025-schedule-scores.shtml#all_team_schedule
COL202504050,2025-04-05,0,ATH,COL,@,COL,COL,ATH,https://www.baseball-reference.com/teams/ATH/2025-schedule-scores.shtml#all_team_schedule
DET202504050,2025-04-05,0,CHW,DET,@,DET,DET,CHW,https://www.baseball-reference.com/teams/CHW/2025-schedule-scores.shtml#all_team_schedule
KCA202504050,2025-04-05,0,BAL,KCR,@,KCR,KCA,BAL,https://www.baseball-reference.com/teams/BAL/2025-schedule-scores.shtml#all_team_schedule
MIL202504050,2025-04-05,0,CIN,MIL,@,MIL,MIL,CIN,https://www.baseball-reference.com/teams/CIN/2025-schedule-scores.shtml#all_team_schedule
MIN202504050,2025-04-05,0,HOU,MIN,@,MIN,MIN,HOU,https://www.baseball-reference.com/teams/HOU/2025-schedule-scores.shtml#all_team_schedule
NYN202504050,2025-04-05,0,NYM,TOR,,NYM,NYN,NYM,https://www.baseball-reference.com/teams/NYM/2025-schedule-scores.shtml#all_team_schedule
PHI202504050,2025-04-05,0,LAD,PHI,@,PHI,PHI,LAD,https://www.baseball-reference.com/teams/LAD/2025-schedule-scores.shtml#all_team_schedule
PIT202504050,2025-04-05,0,NYY,PIT,@,PIT,PIT,NYY,https://www.baseball-reference.com/teams/NYY/2025-schedule-scores.shtml#all_team_schedule
SFN202504050,2025-04-05,0,SEA,SFG,@,SFG,SFN,SEA,https://www.baseball-reference.com/teams/SEA/2025-schedule-scores.shtml#all_team_schedule
TEX202504050,2025-04-05,0,TBR,TEX,@,TEX,TEX,TBR,https://www.baseball-reference.com/teams/TBR/2025-schedule-scores.shtml#all_team_schedule
WAS202504050,2025-04-05,0,ARI,WSN,@,WSN,WAS,ARI,https://www.baseball-reference.com/teams/ARI/2025-schedule-scores.shtml#all_team_schedule
ANA202504060,2025-04-06,0,CLE,LAA,@,LAA,ANA,CLE,https://www.baseball-reference.com/teams/CLE/2025-schedule-scores.shtml#all_team_schedule
BOS202504061,2025-04-06,1,BOS,STL,,BOS,BOS,BOS,https://www.baseball-reference.com/teams/BOS/2025-schedule-scores.shtml#all_team_schedule
BOS202504062,2025-04-06,2,BOS,STL,,BOS,BOS,BOS,https://www.baseball-reference.com/teams/BOS/2025-schedule-scores.shtml#all_team_schedule
CHN202504060,2025-04-06,0,CHC,SDP,,CHC,CHN,CHC,https://www.baseball-reference.com/teams/CHC/2025-schedule-scores.shtml#all_team_schedule
COL202504060,2025-04-06,0,ATH,COL,@,COL,COL,ATH,https://www.baseball-reference.com/teams/ATH/2025-schedule-scores.shtml#all_team_schedule
DET202504060,2025-04-06,0,CHW,DET,@,DET,DET,CHW,https://www.baseball-reference.com/teams/CHW/2025-schedule-scores.shtml#all_team_schedule
KCA202504060,2025-04-06,0,BAL,KCR,@,KCR,KCA,BAL,https://www.baseball-reference.com/teams/BAL/2025-schedule-scores.shtml#all_team_schedule
MIL202504060,2025-04-06,0,CIN,MIL,@,MIL,MIL,CIN,https://www.baseball-reference.com/teams/CIN/2025-schedule-scores.shtml#all_team_schedule
MIN202504060,2025-04-06,0,HOU,MIN,@,MIN,MIN,HOU,https://www.baseball-reference.com/teams/HOU/2025-schedule-scores.shtml#all_team_schedule
NYN202504060,2025-04-06,0,NYM,TOR,,NYM,NYN,NYM,https://www.baseball-reference.com/teams/NYM/2025-schedule-scores.shtml#all_team_schedule
PHI202504060,2025-04-06,0,LAD,PHI,@,PHI,PHI,LAD,https://www.baseball-reference.com/teams/LAD/2025-schedule-scores.shtml#all_team_schedule
PIT202504060,2025-04-06,0,NYY,PIT,@,PIT,PIT,NYY,https://www.baseball-reference.com/teams/NYY/2025-schedule-scores.shtml#all_team_schedule
SFN202504060,2025-04-06,0,SEA,SFG,@,SFG,SFN,SEA,https://www.baseball-reference.com/teams/SEA/2025-schedule-scores.shtml#all_team_schedule
TEX202504060,2025-04-06,0,TBR,TEX,@,TEX,TEX,TBR,https://www.baseball-reference.com/teams/TBR/2025-schedule-scores.shtml#all_team_schedule
WAS202504060,2025-04-06,0,ARI,WSN,@,WSN,WAS,ARI,https://www.baseball-reference.com/teams/ARI/2025-schedule-scores.shtml#all_team_schedule
ARI202504070,2025-04-07,0,ARI,BAL,,ARI,ARI,ARI,https://www.baseball-reference.com/teams/ARI/2025-schedule-scores.shtml#all_team_schedule
ATH202504070,2025-04-07,0,ATH,SDP,,ATH,ATH,ATH,https://www.baseball-reference.com/teams/ATH/2025-schedule-scores.shtml#all_team_schedule
BOS202504070,2025-04-07,0,BOS,TOR,,BOS,BOS,BOS,https://www.baseball-reference.com/teams/BOS/2025-schedule-scores.shtml#all_team_schedule
CHN202504070,2025-04-07,0,CHC,TEX,,CHC,CHN,CHC,https://www.baseball-reference.com/teams/CHC/2025-schedule-scores.shtml#all_team_schedule
DET202504070,2025-04-07,0,DET,NYY,,DET,DET,DET,https://www.baseball-reference.com/teams/DET/2025-schedule-scores.shtml#all_team_schedule
KCA202504070,2025-04-07,0,KCR,MIN,,KCR,KCA,KCR,https://www.baseball-reference.com/teams/KCR/2025-schedule-scores.shtml#all_team_schedule
NYN202504070,2025-04-07,0,MIA,NYM,@,NYM,NYN,MIA,https://www.baseball-reference.com/teams/MIA/2025-schedule-scores.shtml#all_team_schedule
PIT202504070,2025-04-07,0,PIT,STL,,PIT,PIT,PIT,https://www.baseball-reference.com/teams/PIT/2025-schedule-scores.shtml#all_team_schedule
SEA202504070,2025-04-07,0,HOU,SEA,@,SEA,SEA,HOU,https://www.baseball-reference.com/teams/HOU/2025-schedule-scores.shtml#all_team_schedule
SFN202504070,2025-04-07,0,CIN,SFG,@,SFG,SFN,CIN,https://www.baseball-reference.com/teams/CIN/2025-schedule-scores.shtml#all_team_schedule
WAS202504070,2025-04-07,0,LAD,WSN,@,WSN,WAS,LAD,https://www.baseball-reference.com/teams/LAD/2025-schedule-scores.shtml#all_team_schedule
ARI202504080,2025-04-08,0,ARI,BAL,,ARI,ARI,ARI,https://www.baseball-reference.com/teams/ARI/2025-schedule-scores.shtml#all_team_schedule
ATH202504080,2025-04-08,0,ATH,SDP,,ATH,ATH,ATH,https://www.baseball-reference.com/teams/ATH/2025-schedule-scores.shtml#all_team_schedule
ATL202504080,2025-04-08,0,ATL,PHI,,ATL,ATL,ATL,https://www.baseball-reference.com/teams/ATL/2025-schedule-scores.shtml#all_team_schedule
BOS202504080,2025-04-08,0,BOS,TOR,,BOS,BOS,BOS,https://www.baseball-reference.com/teams/BOS/2025-schedule-scores.shtml#all_team_schedule
CHN202504080,2025-04-08,0,CHC,TEX,,CHC,CHN,CHC,https://www.baseball-reference.com/teams/CHC/2025-schedule-scores.shtml#all_team_schedule
CLE202504080,2025-04-08,0,CHW,CLE,@,CLE,CLE,CHW,https://www.baseball-reference.com/teams/CHW/2025-schedule-scores.shtml#all_team_schedule
COL202504080,2025-04-08,0,COL,MIL,,COL,COL,COL,https://www.baseball-reference.com/teams/COL/2025-schedule-scores.shtml#all_team_schedule
DET202504080,2025-04-08,0,DET,NYY,,DET,DET,DET,https://www.baseball-reference.com/teams/DET/2025-schedule-scores.shtml#all_team_schedule
KCA202504080,2025-04-08,0,KCR,MIN,,KCR,KCA,KCR,https://www.baseball-reference.com/teams/KCR/2025-schedule-scores.shtml#all_team_schedule
NYN202504080,2025-04-08,0,MIA,NYM,@,NYM,NYN,MIA,https://www.baseball-reference.com/teams/MIA/2025-schedule-scores.shtml#all_team_schedule
PIT202504080,2025-04-08,0,PIT,STL,,PIT,PIT,PIT,https://www.baseball-reference.com/teams/PIT/2025-schedule-scores.shtml#all_team_schedule
SEA202504080,2025-04-08,0,HOU,SEA,@,SEA,SEA,HOU,https://www.baseball-reference.com/teams/HOU/2025-schedule-scores.shtml#all_team_schedule
SFN202504080,2025-04-08,0,CIN,SFG,@,SFG,SFN,CIN,https://www.baseball-reference.com/teams/CIN/2025-schedule-scores.shtml#all_team_schedule
TBA202504080,2025-04-08,0,LAA,TBR,@,TBR,TBA,LAA,https://www.baseball-reference.com/teams/LAA/2025-schedule-scores.shtml#all_team_schedule
WAS202504080,2025-04-08,0,LAD,WSN,@,WSN,WAS,LAD,https://www.baseball-reference.com/teams/LAD/2025-schedule-scores.shtml#all_team_schedule
ARI202504090,2025-04-09,0,ARI,BAL,,ARI,ARI,ARI,https://www.baseball-reference.com/teams/ARI/2025-schedule-scores.shtml#all_team_schedule
ATH202504090,2025-04-09,0,ATH,SDP,,ATH,ATH,ATH,https://www.baseball-reference.com/teams/ATH/2025-schedule-scores.shtml#all_team_schedule
ATL202504090,2025-04-09,0,ATL,PHI,,ATL,ATL,ATL,https://www.baseball-reference.com/teams/ATL/2025-schedule-scores.shtml#all_team_schedule
BOS202504090,2025-04-09,0,BOS,TOR,,BOS,BOS,BOS,https://www.baseball-reference.com/teams/BOS/2025-schedule-scores.shtml#all_team_schedule
CHN202504090,2025-04-09,0,CHC,TEX,,CHC,CHN,CHC,https://www.baseball-reference.com/teams/CHC/2025-schedule-scores.shtml#all_team_schedule
CLE202504090,2025-04-09,0,CHW,CLE,@,CLE,CLE,CHW,https://www.baseball-reference.com/teams/CHW/2025-schedule-scores.shtml#all_team_schedule
COL202504090,2025-04-09,0,COL,MIL,,COL,COL,COL,https://www.baseball-reference.com/teams/COL/2025-schedule-scores.shtml#all_team_schedule
DET202504090,2025-04-09,0,DET,NYY,,DET,DET,DET,https://www.baseball-reference.com/teams/DET/2025-schedule-scores.shtml#all_team_schedule
KCA202504090,2025-04-09,0,KCR,MIN,,KCR,KCA,KCR,https://www.baseball-reference.com/teams/KCR/2025-schedule-scores.shtml#all_team_schedule
NYN202504090,2025-04-09,0,MIA,NYM,@,NYM,NYN,MIA,https://www.baseball-reference.com/teams/MIA/2025-schedule-scores.shtml#all_team_schedule
PIT202504090,2025-04-09,0,PIT,STL,,PIT,PIT,PIT,https://www.baseball-reference.com/teams/PIT/2025-schedule-scores.shtml#all_team_schedule
SEA202504090,2025-04-09,0,HOU,SEA,@,SEA,SEA,HOU,https://www.baseball-reference.com/teams/HOU/2025-schedule-scores.shtml#all_team_schedule
SFN202504090,2025-04-09,0,CIN,SFG,@,SFG,SFN,CIN,https://www.baseball-reference.com/teams/CIN/2025-schedule-scores.shtml#all_team_schedule
TBA202504090,2025-04-09,0,LAA,TBR,@,TBR,TBA,LAA,https://www.baseball-reference.com/teams/LAA/2025-schedule-scores.shtml#all_team_schedule
WAS202504090,2025-04-09,0,LAD,WSN,@,WSN,WAS,LAD,https://www.baseball-reference.com/teams/LAD/2025-schedule-scores.shtml#all_team_schedule
ATL202504100,2025-04-10,0,ATL,PHI,,ATL,ATL,ATL,https://www.baseball-reference.com/teams/ATL/2025-schedule-scores.shtml#all_team_schedule
BOS202504100,2025-04-10,0,BOS,TOR,,BOS,BOS,BOS,https://www.baseball-reference.com/teams/BOS/2025-schedule-scores.shtml#all_team_schedule
CLE202504100,2025-04-10,0,CHW,CLE,@,CLE,CLE,CHW,https://www.baseball-reference.com/teams/CHW/2025-schedule-scores.shtml#all_team_schedule
COL202504100,2025-04-10,0,COL,MIL,,COL,COL,COL,https://www.baseball-reference.com/teams/COL/2025-schedule-scores.shtml#all_team_schedule
KCA202504100,2025-04-10,0,KCR,MIN,,KCR,KCA,KCR,https://www.baseball-reference.com/teams/KCR/2025-schedule-scores.shtml#all_team_schedule
TBA202504100,2025-04-10,0,LAA,TBR,@,TBR,TBA,LAA,https://www.baseball-reference.com/teams/LAA/2025-schedule-scores.shtml#all_team_schedule
ARI202504110,2025-04-11,0,ARI,MIL,,ARI,ARI,ARI,https://www.baseball-reference.com/teams/ARI/2025-schedule-scores.shtml#all_team_schedule
ATH202504110,2025-04-11,0,ATH,NYM,,ATH,ATH,ATH,https://www.baseball-reference.com/teams/ATH/2025-schedule-scores.shtml#all_team_schedule
CHA202504110,2025-04-11,0,BOS,CHW,@,CHW,CHA,BOS,https://www.baseball-reference.com/teams/BOS/2025-schedule-scores.shtml#all_team_schedule
CIN202504110,2025-04-11,0,CIN,PIT,,CIN,CIN,CIN,https://www.baseball-reference.com/teams/CIN/2025-schedule-scores.shtml#all_team_schedule
CLE202504110,2025-04-11,0,CLE,KCR,,CLE,CLE,CLE,https://www.baseball-reference.com/teams/CLE/2025-schedule-scores.shtml#all_team_schedule
HOU202504110,2025-04-11,0,HOU,LAA,,HOU,HOU,HOU,https://www.baseball-reference.com/teams/HOU/2025-schedule-scores.shtml#all_team_schedule
LAN202504110,2025-04-11,0,CHC,LAD,@,LAD,LAN,CHC,https://www.baseball-reference.com/teams/CHC/2025-schedule-scores.shtml#all_team_schedule
MIA202504110,2025-04-11,0,MIA,WSN,,MIA,MIA,MIA,https://www.baseball-reference.com/teams/MIA/2025-schedule-scores.shtml#all_team_schedule
MIN202504110,2025-04-11,0,DET,MIN,@,MIN,MIN,DET,https://www.baseball-reference.com/teams/DET/2025-schedule-scores.shtml#all_team_schedule
NYA202504110,2025-04-11,0,NYY,SFG,,NYY,NYA,NYY,https://www.baseball-reference.com/teams/NYY/2025-schedule-scores.shtml#all_team_schedule
SDN202504110,2025-04-11,0,COL,SDP,@,SDP,SDN,COL,https://www.baseball-reference.com/teams/COL/2025-schedule-scores.shtml#all_team_schedule
SEA202504110,2025-04-11,0,SEA,TEX,,SEA,SEA,SEA,https://www.baseball-reference.com/teams/SEA/2025-schedule-scores.shtml#all_team_schedule
SLN202504110,2025-04-11,0,PHI,STL,@,STL,SLN,PHI,https://www.baseball-reference.com/teams/PHI/2025-schedule-scores.shtml#all_team_schedule
TBA202504110,2025-04-11,0,ATL,TBR,@,TBR,TBA,ATL,https://www.baseball-reference.com/teams/ATL/2025-schedule-scores.shtml#all_team_schedule
ARI202504120,2025-04-12,0,ARI,MIL,,ARI,ARI,ARI,https://www.baseball-reference.com/teams/ARI/2025-schedule-scores.shtml#all_team_schedule
ATH202504120,2025-04-12,0,ATH,NYM,,ATH,ATH,ATH,https://www.baseball-reference.com/teams/ATH/2025-schedule-scores.shtml#all_team_schedule
BAL202504120,2025-04-12,0,BAL,TOR,,BAL,BAL,BAL,https://www.baseball-reference.com/teams/BAL/2025-schedule-scores.shtml#all_team_schedule
CHA202504120,2025-04-12,0,BOS,CHW,@,CHW,CHA,BOS,https://www.baseball-reference.com/teams/BOS/2025-schedule-scores.shtml#all_team_schedule
CIN202504120,2025-04-12,0,CIN,PIT,,CIN,CIN,CIN,https://www.baseball-reference.com/teams/CIN/2025-schedule-scores.shtml#all_team_schedule
CLE202504120,2025-04-12,0,CLE,KCR,,CLE,CLE,CLE,https://www.baseball-reference.com/teams/CLE/2025-schedule-scores.shtml#all_team_schedule
HOU202504120,2025-04-12,0,HOU,LAA,,HOU,HOU,HOU,https://www.baseball-reference.com/teams/HOU/2025-schedule-scores.shtml#all_team_schedule
LAN202504120,2025-04-12,0,CHC,LAD,@,LAD,LAN,CHC,https://www.baseball-reference.com/teams/CHC/2025-schedule-scores.shtml#all_team_schedule
MIA202504120,2025-04-12,0,MIA,WSN,,MIA,MIA,MIA,https://www.baseball-reference.com/teams/MIA/2025-schedule-scores.shtml#all_team_schedule
MIN202504120,2025-04-12,0,DET,MIN,@,MIN,MIN,DET,https://www.baseball-reference.com/teams/DET/2025-schedule-scores.shtml#all_team_schedule
NYA202504120,2025-04-12,0,NYY,SFG,,NYY,NYA,NYY,https://www.baseball-reference.com/teams/NYY/2025-schedule-scores.shtml#all_team_schedule
SDN202504120,2025-04-12,0,COL,SDP,@,SDP,SDN,COL,https://www.baseball-reference.com/teams/COL/2025-schedule-scores.shtml#all_team_schedule
SEA202504120,2025-04-12,0,SEA,TEX,,SEA,SEA,SEA,https://www.baseball-reference.com/teams/SEA/2025-schedule-scores.shtml#all_team_schedule
SLN202504120,2025-04-12,0,PHI,STL,@,STL,SLN,PHI,https://www.baseball-reference.com/teams/PHI/2025-schedule-scores.shtml#all_team_schedule
TBA202504120,2025-04-12,0,ATL,TBR,@,TBR,TBA,ATL,https://www.baseball-reference.com/teams/ATL/2025-schedule-scores.shtml#all_team_schedule
ARI202504130,2025-04-13,0,ARI,MIL,,ARI,ARI,ARI,https://www.baseball-reference.com/teams/ARI/2025-schedule-scores.shtml#all_team_schedule
ATH202504130,2025-04-13,0,ATH,NYM,,ATH,ATH,ATH,https://www.baseball-reference.com/teams/ATH/2025-schedule-scores.shtml#all_team_schedule
BAL202504130,2025-04-13,0,BAL,TOR,,BAL,BAL,BAL,https://www.baseball-reference.com/teams/BAL/2025-schedule-scores.shtml#all_team_schedule
CHA202504130,2025-04-13,0,BOS,CHW,@,CHW,CHA,BOS,https://www.baseball-reference.com/teams/BOS/2025-schedule-scores.shtml#all_team_schedule
CIN202504130,2025-04-13,0,CIN,PIT,,CIN,CIN,CIN,https://www.baseball-reference.com/teams/CIN/2025-schedule-scores.shtml#all_team_schedule
CLE202504130,2025-04-13,0,CLE,KCR,,CLE,CLE,CLE,https://www.baseball-reference.com/teams/CLE/2025-schedule-scores.shtml#all_team_schedule
HOU202504130,2025-04-13,0,HOU,LAA,,HOU,HOU,HOU,https://www.baseball-reference.com/teams/HOU/2025-schedule-scores.shtml#all_team_schedule
LAN202504130,2025-04-13,0,CHC,LAD,@,LAD,LAN,CHC,https://www.baseball-reference.com/teams/CHC/2025-schedule-scores.shtml#all_team_schedule
MIA202504130,2025-04-13,0,MIA,WSN,,MIA,MIA,MIA,https://www.baseball-reference.com/teams/MIA/2025-schedule-scores.shtml#all_team_schedule
MIN202504130,2025-04-13,0,DET,MIN,@,MIN,MIN,DET,https://www.baseball-reference.com/teams/DET/2025-schedule-scores.shtml#all_team_schedule
NYA202504130,2025-04-13,0,NYY,SFG,,NYY,NYA,NYY,https://www.baseball-reference.com/teams/NYY/2025-schedule-scores.shtml#all_team_schedule
SDN202504130,2025-04-13,0,COL,SDP,@,SDP,SDN,COL,https://www.baseball-reference.com/teams/COL/2025-schedule-scores.shtml#all_team_schedule
SEA202504130,2025-04-13,0,SEA,TEX,,SEA,SEA,SEA,https://www.baseball-reference.com/teams/SEA/2025-schedule-scores.shtml#all_team_schedule
SLN202504130,2025-04-13,0,PHI,STL,@,STL,SLN,PHI,https://www.baseball-reference.com/teams/PHI/2025-schedule-scores.shtml#all_team_schedule
TBA202504130,2025-04-13,0,ATL,TBR,@,TBR,TBA,ATL,https://www.baseball-reference.com/teams/ATL/2025-schedule-scores.shtml#all_team_schedule
LAN202504140,2025-04-14,0,COL,LAD,@,LAD,LAN,COL,https://www.baseball-reference.com/teams/COL/2025-schedule-scores.shtml#all_team_schedule
MIL202504140,2025-04-14,0,DET,MIL,@,MIL,MIL,DET,https://www.baseball-reference.com/teams/DET/2025-schedule-scores.shtml#all_team_schedule
MIN202504140,2025-04-14,0,MIN,NYM,,MIN,MIN,MIN,https://www.baseball-reference.com/teams/MIN/2025-schedule-scores.shtml#all_team_schedule
NYA202504140,2025-04-14,0,KCR,NYY,@,NYY,NYA,KCR,https://www.baseball-reference.com/teams/KCR/2025-schedule-scores.shtml#all_team_schedule
PHI202504140,2025-04-14,0,PHI,SFG,,PHI,PHI,PHI,https://www.baseball-reference.com/teams/PHI/2025-schedule-scores.shtml#all_team_schedule
PIT202504140,2025-04-14,0,PIT,WSN,,PIT,PIT,PIT,https://www.baseball-reference.com/teams/PIT/2025-schedule-scores.shtml#all_team_schedule
SDN202504140,2025-04-14,0,CHC,SDP,@,SDP,SDN,CHC,https://www.baseball-reference.com/teams/CHC/2025-schedule-scores.shtml#all_team_schedule
SLN202504140,2025-04-14,0,HOU,STL,@,STL,SLN,HOU,https://www.baseball-reference.com/teams/HOU/2025-schedule-scores.shtml#all_team_schedule
TBA202504140,2025-04-14,0,BOS,TBR,@,TBR,TBA,BOS,https://www.baseball-reference.com/teams/BOS/2025-schedule-scores.shtml#all_team_schedule
TOR202504140,2025-04-14,0,ATL,TOR,@,TOR,TOR,ATL,https://www.baseball-reference.com/teams/ATL/2025-schedule-scores.shtml#all_team_schedule
BAL202504150,2025-04-15,0,BAL,CLE,,BAL,BAL,BAL,https://www.baseball-reference.com/teams/BAL/2025-schedule-scores.shtml#all_team_schedule
CHA202504150,2025-04-15,0,ATH,CHW,@,CHW,CHA,ATH,https://www.baseball-reference.com/teams/ATH/2025-schedule-scores.shtml#all_team_schedule
CIN202504150,2025-04-15,0,CIN,SEA,,CIN,CIN,CIN,https://www.baseball-reference.com/teams/CIN/2025-schedule-scores.shtml#all_team_schedule
LAN202504150,2025-04-15,0,COL,LAD,@,LAD,LAN,COL,https://www.baseball-reference.com/teams/COL/2025-schedule-scores.shtml#all_team_schedule
MIA202504150,2025-04-15,0,ARI,MIA,@,MIA,MIA,ARI,https://www.baseball-reference.com/teams/ARI/2025-schedule-scores.shtml#all_team_schedule
MIL202504150,2025-04-15,0,DET,MIL,@,MIL,MIL,DET,https://www.baseball-reference.com/teams/DET/2025-schedule-scores.shtml#all_team_schedule
MIN202504150,2025-04-15,0,MIN,NYM,,MIN,MIN,MIN,https://www.baseball-reference.com/teams/MIN/2025-schedule-scores.shtml#all_team_schedule
NYA202504150,2025-04-15,0,KCR,NYY,@,NYY,NYA,KCR,https://www.baseball-reference.com/teams/KCR/2025-schedule-scores.shtml#all_team_schedule
PHI202504150,2025-04-15,0,PHI,SFG,,PHI,PHI,PHI,https://www.baseball-reference.com/teams/PHI/2025-schedule-scores.shtml#all_team_schedule
PIT202504150,2025-04-15,0,PIT,WSN,,PIT,PIT,PIT,https://www.baseball-reference.com/teams/PIT/2025-schedule-scores.shtml#all_team_schedule
SDN202504150,2025-04-15,0,CHC,SDP,@,SDP,SDN,CHC,https://www.baseball-reference.com/teams/CHC/2025-schedule-scores.shtml#all_team_schedule
SLN202504150,2025-04-15,0,HOU,STL,@,STL,SLN,HOU,https://www.baseball-reference.com/teams/HOU/2025-schedule-scores.shtml#all_team_schedule
TBA202504150,2025-04-15,0,BOS,TBR,@,TBR,TBA,BOS,https://www.baseball-reference.com/teams/BOS/2025-schedule-scores.shtml#all_team_schedule
TEX202504150,2025-04-15,0,LAA,TEX,@,TEX,TEX,LAA,https://www.baseball-reference.com/teams/LAA/2025-schedule-scores.shtml#all_team_schedule
TOR202504150,2025-04-15,0,ATL,TOR,@,TOR,TOR,ATL,https://www.baseball-reference.com/teams/ATL/2025-schedule-scores.shtml#all_team_schedule
BAL202504160,2025-04-16,0,BAL,CLE,,BAL,BAL,BAL,https://www.baseball-reference.com/teams/BAL/2025-schedule-scores.shtml#all_team_schedule
CHA202504160,2025-04-16,0,ATH,CHW,@,CHW,CHA,ATH,https://www.baseball-reference.com/teams/ATH/2025-schedule-scores.shtml#all_team_schedule
CIN202504160,2025-04-16,0,CIN,SEA,,CIN,CIN,CIN,https://www.baseball-reference.com/teams/CIN/2025-schedule-scores.shtml#all_team_schedule
LAN202504160,2025-04-16,0,COL,LAD,@,LAD,LAN,COL,https://www.baseball-reference.com/teams/COL/2025-schedule-scores.shtml#all_team_schedule
MIA202504160,2025-04-16,0,ARI,MIA,@,MIA,MIA,ARI,https://www.baseball-reference.com/teams/ARI/2025-schedule-scores.shtml#all_team_schedule
MIL202504160,2025-04-16,0,DET,MIL,@,MIL,MIL,DET,https://www.baseball-reference.com/teams/DET/2025-schedule-scores.shtml#all_team_schedule
MIN202504160,2025-04-16,0,MIN,NYM,,MIN,MIN,MIN,https://www.baseball-reference.com/teams/MIN/2025-schedule-scores.shtml#all_team_schedule
NYA202504160,2025-04-16,0,KCR,NYY,@,NYY,NYA,KCR,https://www.baseball-reference.com/teams/KCR/2025-schedule-scores.shtml#all_team_schedule
PHI202504160,2025-04-16,0,PHI,SFG,,PHI,PHI,PHI,https://www.baseball-reference.com/teams/PHI/2025-schedule-scores.shtml#all_team_schedule
PIT202504160,2025-04-16,0,PIT,WSN,,PIT,PIT,PIT,https://www.baseball-reference.com/teams/PIT/2025-schedule-scores.shtml#all_team_schedule
SDN202504160,2025-04-16,0,CHC,SDP,@,SDP,SDN,CHC,https://www.baseball-reference.com/teams/CHC/2025-schedule-scores.shtml#all_team_schedule
SLN202504160,2025-04-16,0,HOU,STL,@,STL,SLN,HOU,https://www.baseball-reference.com/teams/HOU/2025-schedule-scores.shtml#all_team_schedule
TBA202504160,2025-04-16,0,BOS,TBR,@,TBR,TBA,BOS,https://www.baseball-reference.com/teams/BOS/2025-schedule-scores.shtml#all_team_schedule
TEX202504160,2025-04-16,0,LAA,TEX,@,TEX,TEX,LAA,https://www.baseball-reference.com/teams/LAA/2025-schedule-scores.shtml#all_team_schedule
TOR202504160,2025-04-16,0,ATL,TOR,@,TOR,TOR,ATL,https://www.baseball-reference.com/teams/ATL/2025-schedule-scores.shtml#all_team_schedule
BAL202504170,2025-04-17,0,BAL,CLE,,BAL,BAL,BAL,https://www.baseball-reference.com/teams/BAL/2025-schedule-scores.shtml#all_team_schedule
CHA202504170,2025-04-17,0,ATH,CHW,@,CHW,CHA,ATH,https://www.baseball-reference.com/teams/ATH/2025-schedule-scores.shtml#all_team_schedule
CIN202504170,2025-04-17,0,CIN,SEA,,CIN,CIN,CIN,https://www.baseball-reference.com/teams/CIN/2025-schedule-scores.shtml#all_team_schedule
DET202504170,2025-04-17,0,DET,KCR,,DET,DET,DET,https://www.baseball-reference.com/teams/DET/2025-schedule-scores.shtml#all_team_schedule
MIA202504170,2025-04-17,0,ARI,MIA,@,MIA,MIA,ARI,https://www.baseball-reference.com/teams/ARI/2025-schedule-scores.shtml#all_team_schedule
NYN202504170,2025-04-17,0,NYM,STL,,NYM,NYN,NYM,https://www.baseball-reference.com/teams/NYM/2025-schedule-scores.shtml#all_team_schedule
PHI202504170,2025-04-17,0,PHI,SFG,,PHI,PHI,PHI,https://www.baseball-reference.com/teams/PHI/2025-schedule-scores.shtml#all_team_schedule
PIT202504170,2025-04-17,0,PIT,WSN,,PIT,PIT,PIT,https://www.baseball-reference.com/teams/PIT/2025-schedule-scores.shtml#all_team_schedule
TBA202504170,2025-04-17,0,NYY,TBR,@,TBR,TBA,NYY,https://www.baseball-reference.com/teams/NYY/2025-schedule-scores.shtml#all_team_schedule
TEX202504170,2025-04-17,0,LAA,TEX,@,TEX,TEX,LAA,https://www.baseball-reference.com/teams/LAA/2025-schedule-scores.shtml#all_team_schedule
ANA202504180,2025-04-18,0,LAA,SFG,,LAA,ANA,LAA,https://www.baseball-reference.com/teams/LAA/2025-schedule-scores.shtml#all_team_schedule
ATL202504180,2025-04-18,0,ATL,MIN,,ATL,ATL,ATL,https://www.baseball-reference.com/teams/ATL/2025-schedule-scores.shtml#all_team_schedule
BAL202504180,2025-04-18,0,BAL,CIN,,BAL,BAL,BAL,https://www.baseball-reference.com/teams/BAL/2025-schedule-scores.shtml#all_team_schedule
BOS202504180,2025-04-18,0,BOS,CHW,,BOS,BOS,BOS,https://www.baseball-reference.com/teams/BOS/2025-schedule-scores.shtml#all_team_schedule
CHN202504180,2025-04-18,0,ARI,CHC,@,CHC,CHN,ARI,https://www.baseball-reference.com/teams/ARI/2025-schedule-scores.shtml#all_team_schedule
DET202504180,2025-04-18,0,DET,KCR,,DET,DET,DET,https://www.baseball-reference.com/teams/DET/2025-schedule-scores.shtml#all_team_schedule
HOU202504180,2025-04-18,0,HOU,SDP,,HOU,HOU,HOU,https://www.baseball-reference.com/teams/HOU/2025-schedule-scores.shtml#all_team_schedule
MIL202504180,2025-04-18,0,ATH,MIL,@,MIL,MIL,ATH,https://www.baseball-reference.com/teams/ATH/2025-schedule-scores.shtml#all_team_schedule
NYN202504180,2025-04-18,0,NYM,STL,,NYM,NYN,NYM,https://www.baseball-reference.com/teams/NYM/2025-schedule-scores.shtml#all_team_schedule
PHI202504180,2025-04-18,0,MIA,PHI,@,PHI,PHI,MIA,https://www.baseball-reference.com/teams/MIA/2025-schedule-scores.shtml#all_team_schedule
PIT202504180,2025-04-18,0,CLE,PIT,@,PIT,PIT,CLE,https://www.baseball-reference.com/teams/CLE/2025-schedule-scores.shtml#all_team_schedule
TBA202504180,2025-04-18,0,NYY,TBR,@,TBR,TBA,NYY,https://www.baseball-reference.com/teams/NYY/2025-schedule-scores.shtml#all_team_schedule
TEX202504180,2025-04-18,0,LAD,TEX,@,TEX,TEX,LAD,https://www.baseball-reference.com/teams/LAD/2025-schedule-scores.shtml#all_team_schedule
TOR202504180,2025-04-18,0,SEA,TOR,@,TOR,TOR,SEA,https://www.baseball-reference.com/teams/SEA/2025-schedule-scores.shtml#all_team_schedule
ANA202504190,2025-04-19,0,LAA,SFG,,LAA,ANA,LAA,https://www.baseball-reference.com/teams/LAA/2025-schedule-scores.shtml#all_team_schedule
ATL202504190,2025-04-19,0,ATL,MIN,,ATL,ATL,ATL,https://www.baseball-reference.com/teams/ATL/2025-schedule-scores.shtml#all_team_schedule
BAL202504190,2025-04-19,0,BAL,CIN,,BAL,BAL,BAL,https://www.baseball-reference.com/teams/BAL/2025-schedule-scores.shtml#all_team_schedule
BOS202504190,2025-04-19,0,BOS,CHW,,BOS,BOS,BOS,https://www.baseball-reference.com/teams/BOS/2025-schedule-scores.shtml#all_team_schedule
CHN202504190,2025-04-19,0,ARI,CHC,@,CHC,CHN,ARI,https://www.baseball-reference.com/teams/ARI/2025-schedule-scores.shtml#all_team_schedule
COL202504190,2025-04-19,0,COL,WSN,,COL,COL,COL,https://www.baseball-reference.com/teams/COL/2025-schedule-scores.shtml#all_team_schedule
DET202504190,2025-04-19,0,DET,KCR,,DET,DET,DET,https://www.baseball-reference.com/teams/DET/2025-schedule-scores.shtml#all_team_schedule
HOU202504190,2025-04-19,0,HOU,SDP,,HOU,HOU,HOU,https://www.baseball-reference.com/teams/HOU/2025-schedule-scores.shtml#all_team_schedule
MIL202504190,2025-04-19,0,ATH,MIL,@,MIL,MIL,ATH,https://www.baseball-reference.com/teams/ATH/2025-schedule-scores.shtml#all_team_schedule
NYN202504190,2025-04-19,0,NYM,STL,,NYM,NYN,NYM,https://www.baseball-reference.com/teams/NYM/2025-schedule-scores.shtml#all_team_schedule
PHI202504190,2025-04-19,0,MIA,PHI,@,PHI,PHI,MIA,https://www.baseball-reference.com/teams/MIA/2025-schedule-scores.shtml#all_team_schedule
PIT202504190,2025-04-19,0,CLE,PIT,@,PIT,PIT,CLE,https://www.baseball-reference.com/teams/CLE/2025-schedule-scores.shtml#all_team_schedule
TBA202504190,2025-04-19,0,NYY,TBR,@,TBR,TBA,NYY,https://www.baseball-reference.com/teams/NYY/2025-schedule-scores.shtml#all_team_schedule
TEX202504190,2025-04-19,0,LAD,TEX,@,TEX,TEX,LAD,https://www.baseball-reference.com/teams/LAD/2025-schedule-scores.shtml#all_team_schedule
TOR202504190,2025-04-19,0,SEA,TOR,@,TOR,TOR,SEA,https://www.baseball-reference.com/teams/SEA/2025-schedule-scores.shtml#all_team_schedule
ANA202504200,2025-04-20,0,LAA,SFG,,LAA,ANA,LAA,https://www.baseball-reference.com/teams/LAA/2025-schedule-scores.shtml#all_team_schedule
ATL202504200,2025-04-20,0,ATL,MIN,,ATL,ATL,ATL,https://www.baseball-reference.com/teams/ATL/2025-schedule-scores.shtml#all_team_schedule
BAL202504200,2025-04-20,0,BAL,CIN,,BAL,BAL,BAL,https://www.baseball-reference.com/teams/BAL/2025-schedule-scores.shtml#all_team_schedule
BOS202504200,2025-04-20,0,BOS,CHW,,BOS,BOS,BOS,https://www.baseball-reference.com/teams/BOS/2025-schedule-scores.shtml#all_team_schedule
CHN202504200,2025-04-20,0,ARI,CHC,@,CHC,CHN,ARI,https://www.baseball-reference.com/teams/ARI/2025-schedule-scores.shtml#all_team_schedule
COL202504201,2025-04-20,1,COL,WSN,,COL,COL,COL,https://www.baseball-reference.com/teams/COL/2025-schedule-scores.shtml#all_team_schedule
COL202504202,2025-04-20,2,COL,WSN,,COL,COL,COL,https://www.baseball-reference.com/teams/COL/2025-schedule-scores.shtml#all_team_schedule
DET202504200,2025-04-20,0,DET,KCR,,DET,DET,DET,https://www.baseball-reference.com/teams/DET/2025-schedule-scores.shtml#all_team_schedule
HOU202504200,2025-04-20,0,HOU,SDP,,HOU,HOU,HOU,https://www.baseball-reference.com/teams/HOU/2025-schedule-scores.shtml#all_team_schedule
MIL202504200,2025-04-20,0,ATH,MIL,@,MIL,MIL,ATH,https://www.baseball-reference.com/teams/ATH/2025-schedule-scores.shtml#all_team_schedule
NYN202504200,2025-04-20,0,NYM,STL,,NYM,NYN,NYM,https://www.baseball-reference.com/teams/NYM/2025-schedule-scores.shtml#all_team_schedule
PHI202504200,2025-04-20,0,MIA,PHI,@,PHI,PHI,MIA,https://www.baseball-reference.com/teams/MIA/2025-schedule-scores.shtml#all_team_schedule
PIT202504200,2025-04-20,0,CLE,PIT,@,PIT,PIT,CLE,https://www.baseball-reference.com/teams/CLE/2025-schedule-scores.shtml#all_team_schedule
TBA202504200,2025-04-20,0,NYY,TBR,@,TBR,TBA,NYY,https://www.baseball-reference.com/teams/NYY/2025-schedule-scores.shtml#all_team_schedule
TEX202504200,2025-04-20,0,LAD,TEX,@,TEX,TEX,LAD,https://www.baseball-reference.com/teams/LAD/2025-schedule-scores.shtml#all_team_schedule
TOR202504200,2025-04-20,0,SEA,TOR,@,TOR,TOR,SEA,https://www.baseball-reference.com/teams/SEA/2025-schedule-scores.shtml#all_team_schedule
ATL202504210,2025-04-21,0,ATL,STL,,ATL,ATL,ATL,https://www.baseball-reference.com/teams/ATL/2025-schedule-scores.shtml#all_team_schedule
BOS202504210,2025-04-21,0,BOS,CHW,,BOS,BOS,BOS,https://www.baseball-reference.com/teams/BOS/2025-schedule-scores.shtml#all_team_schedule
CLE202504210,2025-04-21,0,CLE,NYY,,CLE,CLE,CLE,https://www.baseball-reference.com/teams/CLE/2025-schedule-scores.shtml#all_team_schedule
DET202504210,2025-04-21,0,DET,SDP,,DET,DET,DET,https://www.baseball-reference.com/teams/DET/2025-schedule-scores.shtml#all_team_schedule
HOU202504210,2025-04-21,0,HOU,TOR,,HOU,HOU,HOU,https://www.baseball-reference.com/teams/HOU/2025-schedule-scores.shtml#all_team_schedule
MIA202504210,2025-04-21,0,CIN,MIA,@,MIA,MIA,CIN,https://www.baseball-reference.com/teams/CIN/2025-schedule-scores.shtml#all_team_schedule
NYN202504210,2025-04-21,0,NYM,PHI,,NYM,NYN,NYM,https://www.baseball-reference.com/teams/NYM/2025-schedule-scores.shtml#all_team_schedule
SFN202504210,2025-04-21,0,MIL,SFG,@,SFG,SFN,MIL,https://www.baseball-reference.com/teams/MIL/2025-schedule-scores.shtml#all_team_schedule
ANA202504220,2025-04-22,0,LAA,PIT,,LAA,ANA,LAA,https://www.baseball-reference.com/teams/LAA/2025-schedule-scores.shtml#all_team_schedule
ARI202504220,2025-04-22,0,ARI,TBR,,ARI,ARI,ARI,https://www.baseball-reference.com/teams/ARI/2025-schedule-scores.shtml#all_team_schedule
ATH202504220,2025-04-22,0,ATH,TEX,,ATH,ATH,ATH,https://www.baseball-reference.com/teams/ATH/2025-schedule-scores.shtml#all_team_schedule
ATL202504220,2025-04-22,0,ATL,STL,,ATL,ATL,ATL,https://www.baseball-reference.com/teams/ATL/2025-schedule-scores.shtml#all_team_schedule
BOS202504220,2025-04-22,0,BOS,SEA,,BOS,BOS,BOS,https://www.baseball-reference.com/teams/BOS/2025-schedule-scores.shtml#all_team_schedule
CHN202504220,2025-04-22,0,CHC,LAD,,CHC,CHN,CHC,https://www.baseball-reference.com/teams/CHC/2025-schedule-scores.shtml#all_team_schedule
CLE202504220,2025-04-22,0,CLE,NYY,,CLE,CLE,CLE,https://www.baseball-reference.com/teams/CLE/2025-schedule-scores.shtml#all_team_schedule
DET202504220,2025-04-22,0,DET,SDP,,DET,DET,DET,https://www.baseball-reference.com/teams/DET/2025-schedule-scores.shtml#all_team_schedule
HOU202504220,2025-04-22,0,HOU,TOR,,HOU,HOU,HOU,https://www.baseball-reference.com/teams/HOU/2025-schedule-scores.shtml#all_team_schedule
KCA202504220,2025-04-22,0,COL,KCR,@,KCR,KCA,COL,https://www.baseball-reference.com/teams/COL/2025-schedule-scores.shtml#all_team_schedule
MIA202504220,2025-04-22,0,CIN,MIA,@,MIA,MIA,CIN,https://www.baseball-reference.com/teams/CIN/2025-schedule-scores.shtml#all_team_schedule
MIN202504220,2025-04-22,0,CHW,MIN,@,MIN,MIN,CHW,https://www.baseball-reference.com/teams/CHW/2025-schedule-scores.shtml#all_team_schedule
NYN202504220,2025-04-22,0,NYM,PHI,,NYM,NYN,NYM,https://www.baseball-reference.com/teams/NYM/2025-schedule-scores.shtml#all_team_schedule
SFN202504220,2025-04-22,0,MIL,SFG,@,SFG,SFN,MIL,https://www.baseball-reference.com/teams/MIL/2025-schedule-scores.shtml#all_team_schedule
WAS202504220,2025-04-22,0,BAL,WSN,@,WSN,WAS,BAL,https://www.baseball-reference.com/teams/BAL/2025-schedule-scores.shtml#all_team_schedule
ANA202504230,2025-04-23,0,LAA,PIT,,LAA,ANA,LAA,https://www.baseball-reference.com/teams/LAA/2025-schedule-scores.shtml#all_team_schedule
ARI202504230,2025-04-23,0,ARI,TBR,,ARI,ARI,ARI,https://www.baseball-reference.com/teams/ARI/2025-schedule-scores.shtml#all_team_schedule
ATH202504230,2025-04-23,0,ATH,TEX,,ATH,ATH,ATH,https://www.baseball-reference.com/teams/ATH/2025-schedule-scores.shtml#all_team_schedule
ATL202504230,2025-04-23,0,ATL,STL,,ATL,ATL,ATL,https://www.baseball-reference.com/teams/ATL/2025-schedule-scores.shtml#all_team_schedule
BOS202504230,2025-04-23,0,BOS,SEA,,BOS,BOS,BOS,https://www.baseball-reference.com/teams/BOS/2025-schedule-scores.shtml#all_team_schedule
CHN202504230,2025-04-23,0,CHC,LAD,,CHC,CHN,CHC,https://www.baseball-reference.com/teams/CHC/2025-schedule-scores.shtml#all_team_schedule
CLE202504230,2025-04-23,0,CLE,NYY,,CLE,CLE,CLE,https://www.baseball-reference.com/teams/CLE/2025-schedule-scores.shtml#all_team_schedule
DET202504230,2025-04-23,0,DET,SDP,,DET,DET,DET,https://www.baseball-reference.com/teams/DET/2025-schedule-scores.shtml#all_team_schedule
HOU202504230,2025-04-23,0,HOU,TOR,,HOU,HOU,HOU,https://www.baseball-reference.com/teams/HOU/2025-schedule-scores.shtml#all_team_schedule
MIA202504230,2025-04-23,0,CIN,MIA,@,MIA,MIA,CIN,https://www.baseball-reference.com/teams/CIN/2025-schedule-scores.shtml#all_team_schedule
MIN202504230,2025-04-23,0,CHW,MIN,@,MIN,MIN,CHW,https://www.baseball-reference.com/teams/CHW/2025-schedule-scores.shtml#all_team_schedule
NYN202504230,2025-04-23,0,NYM,PHI,,NYM,NYN,NYM,https://www.baseball-reference.com/teams/NYM/2025-schedule-scores.shtml#all_team_schedule
SFN202504230,2025-04-23,0,MIL,SFG,@,SFG,SFN,MIL,https://www.baseball-reference.com/teams/MIL/2025-schedule-scores.shtml#all_team_schedule
WAS202504230,2025-04-23,0,BAL,WSN,@,WSN,WAS,BAL,https://www.baseball-reference.com/teams/BAL/2025-schedule-scores.shtml#all_team_schedule
ANA202504240,2025-04-24,0,LAA,PIT,,LAA,ANA,LAA,https://www.baseball-reference.com/teams/LAA/2025-schedule-scores.shtml#all_team_schedule
ARI202504240,2025-04-24,0,ARI,TBR,,ARI,ARI,ARI,https://www.baseball-reference.com/teams/ARI/2025-schedule-scores.shtml#all_team_schedule
ATH202504240,2025-04-24,0,ATH,TEX,,ATH,ATH,ATH,https://www.baseball-reference.com/teams/ATH/2025-schedule-scores.shtml#all_team_schedule
BOS202504240,2025-04-24,0,BOS,SEA,,BOS,BOS,BOS,https://www.baseball-reference.com/teams/BOS/2025-schedule-scores.shtml#all_team_schedule
KCA202504241,2025-04-24,1,COL,KCR,@,KCR,KCA,COL,https://www.baseball-reference.com/teams/COL/2025-schedule-scores.shtml#all_team_schedule
KCA202504242,2025-04-24,2,COL,KCR,@,KCR,KCA,COL,https://www.baseball-reference.com/teams/COL/2025-schedule-scores.shtml#all_team_schedule
MIN202504240,2025-04-24,0,CHW,MIN,@,MIN,MIN,CHW,https://www.baseball-reference.com/teams/CHW/2025-schedule-scores.shtml#all_team_schedule
SFN202504240,2025-04-24,0,MIL,SFG,@,SFG,SFN,MIL,https://www.baseball-reference.com/teams/MIL/2025-schedule-scores.shtml#all_team_schedule
WAS202504240,2025-04-24,0,BAL,WSN,@,WSN,WAS,BAL,https://www.baseball-reference.com/teams/BAL/2025-schedule-scores.shtml#all_team_schedule
ARI202504250,2025-04-25,0,ARI,ATL,,ARI,ARI,ARI,https://www.baseball-reference.com/teams/ARI/2025-schedule-scores.shtml#all_team_schedule
ATH202504250,2025-04-25,0,ATH,CHW,,ATH,ATH,ATH,https://www.baseball-reference.com/teams/ATH/2025-schedule-scores.shtml#all_team_schedule
CHN202504250,2025-04-25,0,CHC,PHI,,CHC,CHN,CHC,https://www.baseball-reference.com/teams/CHC/2025-schedule-scores.shtml#all_team_schedule
COL202504250,2025-04-25,0,CIN,COL,@,COL,COL,CIN,https://www.baseball-reference.com/teams/CIN/2025-schedule-scores.shtml#all_team_schedule
KCA202504250,2025-04-25,0,HOU,KCR,@,KCR,KCA,HOU,https://www.baseball-reference.com/teams/HOU/2025-schedule-scores.shtml#all_team_schedule
LAN202504250,2025-04-25,0,LAD,PIT,,LAD,LAN,LAD,https://www.baseball-reference.com/teams/LAD/2025-schedule-scores.shtml#all_team_schedule
MIN202504250,2025-04-25,0,LAA,MIN,@,MIN,MIN,LAA,https://www.baseball-reference.com/teams/LAA/2025-schedule-scores.shtml#all_team_schedule
NYA202504250,2025-04-25,0,NYY,TOR,,NYY,NYA,NYY,https://www.baseball-reference.com/teams/NYY/2025-schedule-scores.shtml#all_team_schedule
SDN202504250,2025-04-25,0,SDP,TBR,,SDP,SDN,SDP,https://www.baseball-reference.com/teams/SDP/2025-schedule-scores.shtml#all_team_schedule
SEA202504250,2025-04-25,0,MIA,SEA,@,SEA,SEA,MIA,https://www.baseball-reference.com/teams/MIA/2025-schedule-scores.shtml#all_team_schedule
SFN202504250,2025-04-25,0,SFG,TEX,,SFG,SFN,SFG,https://www.baseball-reference.com/teams/SFG/2025-schedule-scores.shtml#all_team_schedule
SLN202504250,2025-04-25,0,MIL,STL,@,STL,SLN,MIL,https://www.baseball-reference.com/teams/MIL/2025-schedule-scores.shtml#all_team_schedule
WAS202504250,2025-04-25,0,NYM,WSN,@,WSN,WAS,NYM,https://www.baseball-reference.com/teams/NYM/2025-schedule-scores.shtml#all_team_schedule
ARI202504260,2025-04-26,0,ARI,ATL,,ARI,ARI,ARI,https://www.baseball-reference.com/teams/ARI/2025-schedule-scores.shtml#all_team_schedule
ATH202504260,2025-04-26,0,ATH,CHW,,ATH,ATH,ATH,https://www.baseball-reference.com/teams/ATH/2025-schedule-scores.shtml#all_team_schedule
CHN202504260,2025-04-26,0,CHC,PHI,,CHC,CHN,CHC,https://www.baseball-reference.com/teams/CHC/2025-schedule-scores.shtml#all_team_schedule
CLE202504261,2025-04-26,1,BOS,CLE,@,CLE,CLE,BOS,https://www.baseball-reference.com/teams/BOS/2025-schedule-scores.shtml#all_team_schedule
CLE202504262,2025-04-26,2,BOS,CLE,@,CLE,CLE,BOS,https://www.baseball-reference.com/teams/BOS/2025-schedule-scores.shtml#all_team_schedule
COL202504260,2025-04-26,0,CIN,COL,@,COL,COL,CIN,https://www.baseball-reference.com/teams/CIN/2025-schedule-scores.shtml#all_team_schedule
DET202504261,2025-04-26,1,BAL,DET,@,DET,DET,BAL,https://www.baseball-reference.com/teams/BAL/2025-schedule-scores.shtml#all_team_schedule
DET202504262,2025-04-26,2,BAL,DET,@,DET,DET,BAL,https://www.baseball-reference.com/teams/BAL/2025-schedule-scores.shtml#all_team_schedule
KCA202504260,2025-04-26,0,HOU,KCR,@,KCR,KCA,HOU,https://www.baseball-reference.com/teams/HOU/2025-schedule-scores.shtml#all_team_schedule
LAN202504260,2025-04-26,0,LAD,PIT,,LAD,LAN,LAD,https://www.baseball-reference.com/teams/LAD/2025-schedule-scores.shtml#all_team_schedule
MIN202504260,2025-04-26,0,LAA,MIN,@,MIN,MIN,LAA,https://www.baseball-reference.com/teams/LAA/2025-schedule-scores.shtml#all_team_schedule
SDN202504260,2025-04-26,0,SDP,TBR,,SDP,SDN,SDP,https://www.baseball-reference.com/teams/SDP/2025-schedule-scores.shtml#all_team_schedule
SEA202504260,2025-04-26,0,MIA,SEA,@,SEA,SEA,MIA,https://www.baseball-reference.com/teams/MIA/2025-schedule-scores.shtml#all_team_schedule
SFN202504260,2025-04-26,0,SFG,TEX,,SFG,SFN,SFG,https://www.baseball-reference.com/teams/SFG/2025-schedule-scores.shtml#all_team_schedule
SLN202504260,2025-04-26,0,MIL,STL,@,STL,SLN,MIL,https://www.baseball-reference.com/teams/MIL/2025-schedule-scores.shtml#all_team_schedule
WAS202504260,2025-04-26,0,NYM,WSN,@,WSN,WAS,NYM,https://www.baseball-reference.com/teams/NYM/2025-schedule-scores.shtml#all_team_schedule
ARI202504270,2025-04-27,0,ARI,ATL,,ARI,ARI,ARI,https://www.baseball-reference.com/teams/ARI/2025-schedule-scores.shtml#all_team_schedule
ATH202504270,2025-04-27,0,ATH,CHW,,ATH,ATH,ATH,https://www.baseball-reference.com/teams/ATH/2025-schedule-scores.shtml#all_team_schedule
CHN202504270,2025-04-27,0,CHC,PHI,,CHC,CHN,CHC,https://www.baseball-reference.com/teams/CHC/2025-schedule-scores.shtml#all_team_schedule
CLE202504270,2025-04-27,0,BOS,CLE,@,CLE,CLE,BOS,https://www.baseball-reference.com/teams/BOS/2025-schedule-scores.shtml#all_team_schedule
COL202504270,2025-04-27,0,CIN,COL,@,COL,COL,CIN,https://www.baseball-reference.com/teams/CIN/2025-schedule-scores.shtml#all_team_schedule
DET202504270,2025-04-27,0,BAL,DET,@,DET,DET,BAL,https://www.baseball-reference.com/teams/BAL/2025-schedule-scores.shtml#all_team_schedule
KCA202504270,2025-04-27,0,HOU,KCR,@,KCR,KCA,HOU,https://www.baseball-reference.com/teams/HOU/2025-schedule-scores.shtml#all_team_schedule
LAN202504270,2025-04-27,0,LAD,PIT,,LAD,LAN,LAD,https://www.baseball-reference.com/teams/LAD/2025-schedule-scores.shtml#all_team_schedule
MIN202504270,2025-04-27,0,LAA,MIN,@,MIN,MIN,LAA,https://www.baseball-reference.com/teams/LAA/2025-schedule-scores.shtml#all_team_schedule
NYA202504271,2025-04-27,1,NYY,TOR,,NYY,NYA,NYY,https://www.baseball-reference.com/teams/NYY/2025-schedule-scores.shtml#all_team_schedule
NYA202504272,2025-04-27,2,NYY,TOR,,NYY,NYA,NYY,https://www.baseball-reference.com/teams/NYY/2025-schedule-scores.shtml#all_team_schedule
SDN202504270,2025-04-27,0,SDP,TBR,,SDP,SDN,SDP,https://www.baseball-reference.com/teams/SDP/2025-schedule-scores.shtml#all_team_schedule
SEA202504270,2025-04-27,0,MIA,SEA,@,SEA,SEA,MIA,https://www.baseball-reference.com/teams/MIA/2025-schedule-scores.shtml#all_team_schedule
SFN202504270,2025-04-27,0,SFG,TEX,,SFG,SFN,SFG,https://www.baseball-reference.com/teams/SFG/2025-schedule-scores.shtml#all_team_schedule
SLN202504270,2025-04-27,0,MIL,STL,@,STL,SLN,MIL,https://www.baseball-reference.com/teams/MIL/2025-schedule-scores.shtml#all_team_schedule
WAS202504270,2025-04-27,0,NYM,WSN,@,WSN,WAS,NYM,https://www.baseball-reference.com/teams/NYM/2025-schedule-scores.shtml#all_team_schedule
BAL202504280,2025-04-28,0,BAL,NYY,,BAL,BAL,BAL,https://www.baseball-reference.com/teams/BAL/2025-schedule-scores.shtml#all_team_schedule
CIN202504280,2025-04-28,0,CIN,STL,,CIN,CIN,CIN,https://www.baseball-reference.com/teams/CIN/2025-schedule-scores.shtml#all_team_schedule
CLE202504280,2025-04-28,0,CLE,MIN,,CLE,CLE,CLE,https://www.baseball-reference.com/teams/CLE/2025-schedule-scores.shtml#all_team_schedule
COL202504280,2025-04-28,0,ATL,COL,@,COL,COL,ATL,https://www.baseball-reference.com/teams/ATL/2025-schedule-scores.shtml#all_team_schedule
HOU202504280,2025-04-28,0,DET,HOU,@,HOU,HOU,DET,https://www.baseball-reference.com/teams/DET/2025-schedule-scores.shtml#all_team_schedule
LAN202504280,2025-04-28,0,LAD,MIA,,LAD,LAN,LAD,https://www.baseball-reference.com/teams/LAD/2025-schedule-scores.shtml#all_team_schedule
TEX202504280,2025-04-28,0,ATH,TEX,@,TEX,TEX,ATH,https://www.baseball-reference.com/teams/ATH/2025-schedule-scores.shtml#all_team_schedule
WAS202504280,2025-04-28,0,NYM,WSN,@,WSN,WAS,NYM,https://www.baseball-reference.com/teams/NYM/2025-schedule-scores.shtml#all_team_schedule
BAL202504290,2025-04-29,0,BAL,NYY,,BAL,BAL,BAL,https://www.baseball-reference.com/teams/BAL/2025-schedule-scores.shtml#all_team_schedule
CHA202504290,2025-04-29,0,CHW,MIL,,CHW,CHA,CHW,https://www.baseball-reference.com/teams/CHW/2025-schedule-scores.shtml#all_team_schedule
CLE202504290,2025-04-29,0,CLE,MIN,,CLE,CLE,CLE,https://www.baseball-reference.com/teams/CLE/2025-schedule-scores.shtml#all_team_schedule
COL202504290,2025-04-29,0,ATL,COL,@,COL,COL,ATL,https://www.baseball-reference.com/teams/ATL/2025-schedule-scores.shtml#all_team_schedule
HOU202504290,2025-04-29,0,DET,HOU,@,HOU,HOU,DET,https://www.baseball-reference.com/teams/DET/2025-schedule-scores.shtml#all_team_schedule
LAN202504290,2025-04-29,0,LAD,MIA,,LAD,LAN,LAD,https://www.baseball-reference.com/teams/LAD/2025-schedule-scores.shtml#all_team_schedule
NYN202504290,2025-04-29,0,ARI,NYM,@,NYM,NYN,ARI,https://www.baseball-reference.com/teams/ARI/2025-schedule-scores.shtml#all_team_schedule
PHI202504290,2025-04-29,0,PHI,WSN,,PHI,PHI,PHI,https://www.baseball-reference.com/teams/PHI/2025-schedule-scores.shtml#all_team_schedule
PIT202504290,2025-04-29,0,CHC,PIT,@,PIT,PIT,CHC,https://www.baseball-reference.com/teams/CHC/2025-schedule-scores.shtml#all_team_schedule
SDN202504290,2025-04-29,0,SDP,SFG,,SDP,SDN,SDP,https://www.baseball-reference.com/teams/SDP/2025-schedule-scores.shtml#all_team_schedule
SEA202504290,2025-04-29,0,LAA,SEA,@,SEA,SEA,LAA,https://www.baseball-reference.com/teams/LAA/2025-schedule-scores.shtml#all_team_schedule
TBA202504290,2025-04-29,0,KCR,TBR,@,TBR,TBA,KCR,https://www.baseball-reference.com/teams/KCR/2025-schedule-scores.shtml#all_team_schedule
TEX202504290,2025-04-29,0,ATH,TEX,@,TEX,TEX,ATH,https://www.baseball-reference.com/teams/ATH/2025-schedule-scores.shtml#all_team_schedule
TOR202504290,2025-04-29,0,BOS,TOR,@,TOR,TOR,BOS,https://www.baseball-reference.com/teams/BOS/2025-schedule-scores.shtml#all_team_schedule
BAL202504300,2025-04-30,0,BAL,NYY,,BAL,BAL,BAL,https://www.baseball-reference.com/teams/BAL/2025-schedule-scores.shtml#all_team_schedule
CHA202504300,2025-04-30,0,CHW,MIL,,CHW,CHA,CHW,https://www.baseball-reference.com/teams/CHW/2025-schedule-scores.shtml#all_team_schedule
CIN202504301,2025-04-30,1,CIN,STL,,CIN,CIN,CIN,https://www.baseball-reference.com/teams/CIN/2025-schedule-scores.shtml#all_team_schedule
CIN202504302,2025-04-30,2,CIN,STL,,CIN,CIN,CIN,https://www.baseball-reference.com/teams/CIN/2025-schedule-scores.shtml#all_team_schedule
CLE202504300,2025-04-30,0,CLE,MIN,,CLE,CLE,CLE,https://www.baseball-reference.com/teams/CLE/2025-schedule-scores.shtml#all_team_schedule
COL202504300,2025-04-30,0,ATL,COL,@,COL,COL,ATL,https://www.baseball-reference.com/teams/ATL/2025-schedule-scores.shtml#all_team_schedule
HOU202504300,2025-04-30,0,DET,HOU,@,HOU,HOU,DET,https://www.baseball-reference.com/teams/DET/2025-schedule-scores.shtml#all_team_schedule
LAN202504300,2025-04-30,0,LAD,MIA,,LAD,LAN,LAD,https://www.baseball-reference.com/teams/LAD/2025-schedule-scores.shtml#all_team_schedule
NYN202504300,2025-04-30,0,ARI,NYM,@,NYM,NYN,ARI,https://www.baseball-reference.com/teams/ARI/2025-schedule-scores.shtml#all_team_schedule
PHI202504300,2025-04-30,0,PHI,WSN,,PHI,PHI,PHI,https://www.baseball-reference.com/teams/PHI/2025-schedule-scores.shtml#all_team_schedule
PIT202504300,2025-04-30,0,CHC,PIT,@,PIT,PIT,CHC,https://www.baseball-reference.com/teams/CHC/2025-schedule-scores.shtml#all_team_schedule
SDN202504300,2025-04-30,0,SDP,SFG,,SDP,SDN,SDP,https://www.baseball-reference.com/teams/SDP/2025-schedule-scores.shtml#all_team_schedule
SEA202504300,2025-04-30,0,LAA,SEA,@,SEA,SEA,LAA,https://www.baseball-reference.com/teams/LAA/2025-schedule-scores.shtml#all_team_schedule
TBA202504300,2025-04-30,0,KCR,TBR,@,TBR,TBA,KCR,https://www.baseball-reference.com/teams/KCR/2025-schedule-scores.shtml#all_team_schedule
TEX202504300,2025-04-30,0,ATH,TEX,@,TEX,TEX,ATH,https://www.baseball-reference.com/teams/ATH/2025-schedule-scores.shtml#all_team_schedule
TOR202504300,2025-04-30,0,BOS,TOR,@,TOR,TOR,BOS,https://www.baseball-reference.com/teams/BOS/2025-schedule-scores.shtml#all_team_schedule
ANA202505010,2025-05-01,0,DET,LAA,@,LAA,ANA,DET,https://www.baseball-reference.com/teams/DET/2025-schedule-scores.shtml#all_team_schedule
CHA202505010,2025-05-01,0,CHW,MIL,,CHW,CHA,CHW,https://www.baseball-reference.com/teams/CHW/2025-schedule-scores.shtml#all_team_schedule
CIN202505010,2025-05-01,0,CIN,STL,,CIN,CIN,CIN,https://www.baseball-reference.com/teams/CIN/2025-schedule-scores.shtml#all_team_schedule
CLE202505010,2025-05-01,0,CLE,MIN,,CLE,CLE,CLE,https://www.baseball-reference.com/teams/CLE/2025-schedule-scores.shtml#all_team_schedule
NYN202505010,2025-05-01,0,ARI,NYM,@,NYM,NYN,ARI,https://www.baseball-reference.com/teams/ARI/2025-schedule-scores.shtml#all_team_schedule
PHI202505010,2025-05-01,0,PHI,WSN,,PHI,PHI,PHI,https://www.baseball-reference.com/teams/PHI/2025-schedule-scores.shtml#all_team_schedule
PIT202505010,2025-05-01,0,CHC,PIT,@,PIT,PIT,CHC,https://www.baseball-reference.com/teams/CHC/2025-schedule-scores.shtml#all_team_schedule
SFN202505010,2025-05-01,0,COL,SFG,@,SFG,SFN,COL,https://www.baseball-reference.com/teams/COL/2025-schedule-scores.shtml#all_team_schedule
TBA202505010,2025-05-01,0,KCR,TBR,@,TBR,TBA,KCR,https://www.baseball-reference.com/teams/KCR/2025-schedule-scores.shtml#all_team_schedule
TEX202505010,2025-05-01,0,ATH,TEX,@,TEX,TEX,ATH,https://www.baseball-reference.com/teams/ATH/2025-schedule-scores.shtml#all_team_schedule
TOR202505010,2025-05-01,0,BOS,TOR,@,TOR,TOR,BOS,https://www.baseball-reference.com/teams/BOS/2025-schedule-scores.shtml#all_team_schedule
ANA202505020,2025-05-02,0,DET,LAA,@,LAA,ANA,DET,https://www.baseball-reference.com/teams/DET/2025-schedule-scores.shtml#all_team_schedule
ATL202505020,2025-05-02,0,ATL,LAD,,ATL,ATL,ATL,https://www.baseball-reference.com/teams/ATL/2025-schedule-scores.shtml#all_team_schedule
BAL202505020,2025-05-02,0,BAL,KCR,,BAL,BAL,BAL,https://www.baseball-reference.com/teams/BAL/2025-schedule-scores.shtml#all_team_schedule
BOS202505020,2025-05-02,0,BOS,MIN,,BOS,BOS,BOS,https://www.baseball-reference.com/teams/BOS/2025-schedule-scores.shtml#all_team_schedule
CHA202505020,2025-05-02,0,CHW,HOU,,CHW,CHA,CHW,https://www.baseball-reference.com/teams/CHW/2025-schedule-scores.shtml#all_team_schedule
CIN202505020,2025-05-02,0,CIN,WSN,,CIN,CIN,CIN,https://www.baseball-reference.com/teams/CIN/2025-schedule-scores.shtml#all_team_schedule
MIA202505020,2025-05-02,0,ATH,MIA,@,MIA,MIA,ATH,https://www.baseball-reference.com/teams/ATH/2025-schedule-scores.shtml#all_team_schedule
MIL202505020,2025-05-02,0,CHC,MIL,@,MIL,MIL,CHC,https://www.baseball-reference.com/teams/CHC/2025-schedule-scores.shtml#all_team_schedule
NYA202505020,2025-05-02,0,NYY,TBR,,NYY,NYA,NYY,https://www.baseball-reference.com/teams/NYY/2025-schedule-scores.shtml#all_team_schedule
PHI202505020,2025-05-02,0,ARI,PHI,@,PHI,PHI,ARI,https://www.baseball-reference.com/teams/ARI/2025-schedule-scores.shtml#all_team_schedule
PIT202505020,2025-05-02,0,PIT,SDP,,PIT,PIT,PIT,https://www.baseball-reference.com/teams/PIT/2025-schedule-scores.shtml#all_team_schedule
SFN202505020,2025-05-02,0,COL,SFG,@,SFG,SFN,COL,https://www.baseball-reference.com/teams/COL/2025-schedule-scores.shtml#all_team_schedule
SLN202505020,2025-05-02,0,NYM,STL,@,STL,SLN,NYM,https://www.baseball-reference.com/teams/NYM/2025-schedule-scores.shtml#all_team_schedule
TEX202505020,2025-05-02,0,SEA,TEX,@,TEX,TEX,SEA,https://www.baseball-reference.com/teams/SEA/2025-schedule-scores.shtml#all_team_schedule
TOR202505020,2025-05-02,0,CLE,TOR,@,TOR,TOR,CLE,https://www.baseball-reference.com/teams/CLE/2025-schedule-scores.shtml#all_team_schedule
ANA202505030,2025-05-03,0,DET,LAA,@,LAA,ANA,DET,https://www.baseball-reference.com/teams/DET/2025-schedule-scores.shtml#all_team_schedule
ATL202505030,2025-05-03,0,ATL,LAD,,ATL,ATL,ATL,https://www.baseball-reference.com/teams/ATL/2025-schedule-scores.shtml#all_team_schedule
BAL202505030,2025-05-03,0,BAL,KCR,,BAL,BAL,BAL,https://www.baseball-reference.com/teams/BAL/2025-schedule-scores.shtml#all_team_schedule
BOS202505030,2025-05-03,0,BOS,MIN,,BOS,BOS,BOS,https://www.baseball-reference.com/teams/BOS/2025-schedule-scores.shtml#all_team_schedule
CHA202505030,2025-05-03,0,CHW,HOU,,CHW,CHA,CHW,https://www.baseball-reference.com/teams/CHW/2025-schedule-scores.shtml#all_team_schedule
CIN202505030,2025-05-03,0,CIN,WSN,,CIN,CIN,CIN,https://www.baseball-reference.com/teams/CIN/2025-schedule-scores.shtml#all_team_schedule
MIA202505030,2025-05-03,0,ATH,MIA,@,MIA,MIA,ATH,https://www.baseball-reference.com/teams/ATH/2025-schedule-scores.shtml#all_team_schedule
MIL202505030,2025-05-03,0,CHC,MIL,@,MIL,MIL,CHC,https://www.baseball-reference.com/teams/CHC/2025-schedule-scores.shtml#all_team_schedule
NYA202505030,2025-05-03,0,NYY,TBR,,NYY,NYA,NYY,https://www.baseball-reference.com/teams/NYY/2025-schedule-scores.shtml#all_team_schedule
PHI202505030,2025-05-03,0,ARI,PHI,@,PHI,PHI,ARI,https://www.baseball-reference.com/teams/ARI/2025-schedule-scores.shtml#all_team_schedule
PIT202505030,2025-05-03,0,PIT,SDP,,PIT,PIT,PIT,https://www.baseball-reference.com/teams/PIT/2025-schedule-scores.shtml#all_team_schedule
SFN202505030,2025-05-03,0,COL,SFG,@,SFG,SFN,COL,https://www.baseball-reference.com/teams/COL/2025-schedule-scores.shtml#all_team_schedule
TEX202505030,2025-05-03,0,SEA,TEX,@,TEX,TEX,SEA,https://www.baseball-reference.com/teams/SEA/2025-schedule-scores.shtml#all_team_schedule
TOR202505030,2025-05-03,0,CLE,TOR,@,TOR,TOR,CLE,https://www.baseball-reference.com/teams/CLE/2025-schedule-scores.shtml#all_team_schedule
ANA202505040,2025-05-04,0,DET,LAA,@,LAA,ANA,DET,https://www.baseball-reference.com/teams/DET/2025-schedule-scores.shtml#all_team_schedule
ATL202505040,2025-05-04,0,ATL,LAD,,ATL,ATL,ATL,https://www.baseball-reference.com/teams/ATL/2025-schedule-scores.shtml#all_team_schedule
BAL202505040,2025-05-04,0,BAL,KCR,,BAL,BAL,BAL,https://www.baseball-reference.com/teams/BAL/2025-schedule-scores.shtml#all_team_schedule
BOS202505040,2025-05-04,0,BOS,MIN,,BOS,BOS,BOS,https://www.baseball-reference.com/teams/BOS/2025-schedule-scores.shtml#all_team_schedule
CHA202505040,2025-05-04,0,CHW,HOU,,CHW,CHA,CHW,https://www.baseball-reference.com/teams/CHW/2025-schedule-scores.shtml#all_team_schedule
CIN202505040,2025-05-04,0,CIN,WSN,,CIN,CIN,CIN,https://www.baseball-reference.com/teams/CIN/2025-schedule-scores.shtml#all_team_schedule
MIA202505040,2025-05-04,0,ATH,MIA,@,MIA,MIA,ATH,https://www.baseball-reference.com/teams/ATH/2025-schedule-scores.shtml#all_team_schedule
MIL202505040,2025-05-04,0,CHC,MIL,@,MIL,MIL,CHC,https://www.baseball-reference.com/teams/CHC/2025-schedule-scores.shtml#all_team_schedule
NYA202505040,2025-05-04,0,NYY,TBR,,NYY,NYA,NYY,https://www.baseball-reference.com/teams/NYY/2025-schedule-scores.shtml#all_team_schedule
PHI202505040,2025-05-04,0,ARI,PHI,@,PHI,PHI,ARI,https://www.baseball-reference.com/teams/ARI/2025-schedule-scores.shtml#all_team_schedule
PIT202505040,2025-05-04,0,PIT,SDP,,PIT,PIT,PIT,https://www.baseball-reference.com/teams/PIT/2025-schedule-scores.shtml#all_team_schedule
SFN202505040,2025-05-04,0,COL,SFG,@,SFG,SFN,COL,https://www.baseball-reference.com/teams/COL/2025-schedule-scores.shtml#all_team_schedule
SLN202505041,2025-05-04,1,NYM,STL,@,STL,SLN,NYM,https://www.baseball-reference.com/teams/NYM/2025-schedule-scores.shtml#all_team_schedule
SLN202505042,2025-05-04,2,NYM,STL,@,STL,SLN,NYM,https://www.baseball-reference.com/teams/NYM/2025-schedule-scores.shtml#all_team_schedule
TEX202505040,2025-05-04,0,SEA,TEX,@,TEX,TEX,SEA,https://www.baseball-reference.com/teams/SEA/2025-schedule-scores.shtml#all_team_schedule
TOR202505040,2025-05-04,0,CLE,TOR,@,TOR,TOR,CLE,https://www.baseball-reference.com/teams/CLE/2025-schedule-scores.shtml#all_team_schedule
ARI202505050,2025-05-05,0,ARI,NYM,,ARI,ARI,ARI,https://www.baseball-reference.com/teams/ARI/2025-schedule-scores.shtml#all_team_schedule
ATH202505050,2025-05-05,0,ATH,SEA,,ATH,ATH,ATH,https://www.baseball-reference.com/teams/ATH/2025-schedule-scores.shtml#all_team_schedule
ATL202505050,2025-05-05,0,ATL,CIN,,ATL,ATL,ATL,https://www.baseball-reference.com/teams/ATL/2025-schedule-scores.shtml#all_team_schedule
CHN202505050,2025-05-05,0,CHC,SFG,,CHC,CHN,CHC,https://www.baseball-reference.com/teams/CHC/2025-schedule-scores.shtml#all_team_schedule
KCA202505050,2025-05-05,0,CHW,KCR,@,KCR,KCA,CHW,https://www.baseball-reference.com/teams/CHW/2025-schedule-scores.shtml#all_team_schedule
MIA202505050,2025-05-05,0,LAD,MIA,@,MIA,MIA,LAD,https://www.baseball-reference.com/teams/LAD/2025-schedule-scores.shtml#all_team_schedule
MIL202505050,2025-05-05,0,HOU,MIL,@,MIL,MIL,HOU,https://www.baseball-reference.com/teams/HOU/2025-schedule-scores.shtml#all_team_schedule
NYA202505050,2025-05-05,0,NYY,SDP,,NYY,NYA,NYY,https://www.baseball-reference.com/teams/NYY/2025-schedule-scores.shtml#all_team_schedule
SLN202505050,2025-05-05,0,PIT,STL,@,STL,SLN,PIT,https://www.baseball-reference.com/teams/PIT/2025-schedule-scores.shtml#all_team_schedule
ANA202505060,2025-05-06,0,LAA,TOR,,LAA,ANA,LAA,https://www.baseball-reference.com/teams/LAA/2025-schedule-scores.shtml#all_team_schedule
ARI202505060,2025-05-06,0,ARI,NYM,,ARI,ARI,ARI,https://www.baseball-reference.com/teams/ARI/2025-schedule-scores.shtml#all_team_schedule
ATH202505060,2025-05-06,0,ATH,SEA,,ATH,ATH,ATH,https://www.baseball-reference.com/teams/ATH/2025-schedule-scores.shtml#all_team_schedule
ATL202505060,2025-05-06,0,ATL,CIN,,ATL,ATL,ATL,https://www.baseball-reference.com/teams/ATL/2025-schedule-scores.shtml#all_team_schedule
BOS202505060,2025-05-06,0,BOS,TEX,,BOS,BOS,BOS,https://www.baseball-reference.com/teams/BOS/2025-schedule-scores.shtml#all_team_schedule
CHN202505060,2025-05-06,0,CHC,SFG,,CHC,CHN,CHC,https://www.baseball-reference.com/teams/CHC/2025-schedule-scores.shtml#all_team_schedule
KCA202505060,2025-05-06,0,CHW,KCR,@,KCR,KCA,CHW,https://www.baseball-reference.com/teams/CHW/2025-schedule-scores.shtml#all_team_schedule
MIA202505060,2025-05-06,0,LAD,MIA,@,MIA,MIA,LAD,https://www.baseball-reference.com/teams/LAD/2025-schedule-scores.shtml#all_team_schedule
MIL202505060,2025-05-06,0,HOU,MIL,@,MIL,MIL,HOU,https://www.baseball-reference.com/teams/HOU/2025-schedule-scores.shtml#all_team_schedule
MIN202505060,2025-05-06,0,BAL,MIN,@,MIN,MIN,BAL,https://www.baseball-reference.com/teams/BAL/2025-schedule-scores.shtml#all_team_schedule
NYA202505060,2025-05-06,0,NYY,SDP,,NYY,NYA,NYY,https://www.baseball-reference.com/teams/NYY/2025-schedule-scores.shtml#all_team_schedule
SLN202505060,2025-05-06,0,PIT,STL,@,STL,SLN,PIT,https://www.baseball-reference.com/teams/PIT/2025-schedule-scores.shtml#all_team_schedule
TBA202505060,2025-05-06,0,PHI,TBR,@,TBR,TBA,PHI,https://www.baseball-reference.com/teams/PHI/2025-schedule-scores.shtml#all_team_schedule
WAS202505061,2025-05-06,1,CLE,WSN,@,WSN,WAS,CLE,https://www.baseball-reference.com/teams/CLE/2025-schedule-scores.shtml#all_team_schedule
WAS202505062,2025-05-06,2,CLE,WSN,@,WSN,WAS,CLE,https://www.baseball-reference.com/teams/CLE/2025-schedule-scores.shtml#all_team_schedule
ANA202505070,2025-05-07,0,LAA,TOR,,LAA,ANA,LAA,https://www.baseball-reference.com/teams/LAA/2025-schedule-scores.shtml#all_team_schedule
ARI202505070,2025-05-07,0,ARI,NYM,,ARI,ARI,ARI,https://www.baseball-reference.com/teams/ARI/2025-schedule-scores.shtml#all_team_schedule
ATH202505070,2025-05-07,0,ATH,SEA,,ATH,ATH,ATH,https://www.baseball-reference.com/teams/ATH/2025-schedule-scores.shtml#all_team_schedule
ATL202505070,2025-05-07,0,ATL,CIN,,ATL,ATL,ATL,https://www.baseball-reference.com/teams/ATL/2025-schedule-scores.shtml#all_team_schedule
BOS202505070,2025-05-07,0,BOS,TEX,,BOS,BOS,BOS,https://www.baseball-reference.com/teams/BOS/2025-schedule-scores.shtml#all_team_schedule
CHN202505070,2025-05-07,0,CHC,SFG,,CHC,CHN,CHC,https://www.baseball-reference.com/teams/CHC/2025-schedule-scores.shtml#all_team_schedule
COL202505070,2025-05-07,0,COL,DET,,COL,COL,COL,https://www.baseball-reference.com/teams/COL/2025-schedule-scores.shtml#all_team_schedule
KCA202505070,2025-05-07,0,CHW,KCR,@,KCR,KCA,CHW,https://www.baseball-reference.com/teams/CHW/2025-schedule-scores.shtml#all_team_schedule
MIA202505070,2025-05-07,0,LAD,MIA,@,MIA,MIA,LAD,https://www.baseball-reference.com/teams/LAD/2025-schedule-scores.shtml#all_team_schedule
MIL202505070,2025-05-07,0,HOU,MIL,@,MIL,MIL,HOU,https://www.baseball-reference.com/teams/HOU/2025-schedule-scores.shtml#all_team_schedule
MIN202505070,2025-05-07,0,BAL,MIN,@,MIN,MIN,BAL,https://www.baseball-reference.com/teams/BAL/2025-schedule-scores.shtml#all_team_schedule
NYA202505070,2025-05-07,0,NYY,SDP,,NYY,NYA,NYY,https://www.baseball-reference.com/teams/NYY/2025-schedule-scores.shtml#all_team_schedule
SLN202505070,2025-05-07,0,PIT,STL,@,STL,SLN,PIT,https://www.baseball-reference.com/teams/PIT/2025-schedule-scores.shtml#all_team_schedule
TBA202505070,2025-05-07,0,PHI,TBR,@,TBR,TBA,PHI,https://www.baseball-reference.com/teams/PHI/2025-schedule-scores.shtml#all_team_schedule
WAS202505070,2025-05-07,0,CLE,WSN,@,WSN,WAS,CLE,https://www.baseball-reference.com/teams/CLE/2025-schedule-scores.shtml#all_team_schedule
ANA202505080,2025-05-08,0,LAA,TOR,,LAA,ANA,LAA,https://www.baseball-reference.com/teams/LAA/2025-schedule-scores.shtml#all_team_schedule
ARI202505080,2025-05-08,0,ARI,LAD,,ARI,ARI,ARI,https://www.baseball-reference.com/teams/ARI/2025-schedule-scores.shtml#all_team_schedule
ATL202505080,2025-05-08,0,ATL,CIN,,ATL,ATL,ATL,https://www.baseball-reference.com/teams/ATL/2025-schedule-scores.shtml#all_team_schedule
BOS202505080,2025-05-08,0,BOS,TEX,,BOS,BOS,BOS,https://www.baseball-reference.com/teams/BOS/2025-schedule-scores.shtml#all_team_schedule
COL202505081,2025-05-08,1,COL,DET,,COL,COL,COL,https://www.baseball-reference.com/teams/COL/2025-schedule-scores.shtml#all_team_schedule
COL202505082,2025-05-08,2,COL,DET,,COL,COL,COL,https://www.baseball-reference.com/teams/COL/2025-schedule-scores.shtml#all_team_schedule
KCA202505080,2025-05-08,0,CHW,KCR,@,KCR,KCA,CHW,https://www.baseball-reference.com/teams/CHW/2025-schedule-scores.shtml#all_team_schedule
MIN202505080,2025-05-08,0,BAL,MIN,@,MIN,MIN,BAL,https://www.baseball-reference.com/teams/BAL/2025-schedule-scores.shtml#all_team_schedule
TBA202505080,2025-05-08,0,PHI,TBR,@,TBR,TBA,PHI,https://www.baseball-reference.com/teams/PHI/2025-schedule-scores.shtml#all_team_schedule
ANA202505090,2025-05-09,0,BAL,LAA,@,LAA,ANA,BAL,https://www.baseball-reference.com/teams/BAL/2025-schedule-scores.shtml#all_team_schedule
ARI202505090,2025-05-09,0,ARI,LAD,,ARI,ARI,ARI,https://www.baseball-reference.com/teams/ARI/2025-schedule-scores.shtml#all_team_schedule
ATH202505090,2025-05-09,0,ATH,NYY,,ATH,ATH,ATH,https://www.baseball-reference.com/teams/ATH/2025-schedule-scores.shtml#all_team_schedule
CHA202505090,2025-05-09,0,CHW,MIA,,CHW,CHA,CHW,https://www.baseball-reference.com/teams/CHW/2025-schedule-scores.shtml#all_team_schedule
CLE202505090,2025-05-09,0,CLE,PHI,,CLE,CLE,CLE,https://www.baseball-reference.com/teams/CLE/2025-schedule-scores.shtml#all_team_schedule
COL202505090,2025-05-09,0,COL,SDP,,COL,COL,COL,https://www.baseball-reference.com/teams/COL/2025-schedule-scores.shtml#all_team_schedule
DET202505090,2025-05-09,0,DET,TEX,,DET,DET,DET,https://www.baseball-reference.com/teams/DET/2025-schedule-scores.shtml#all_team_schedule
HOU202505090,2025-05-09,0,CIN,HOU,@,HOU,HOU,CIN,https://www.baseball-reference.com/teams/CIN/2025-schedule-scores.shtml#all_team_schedule
KCA202505090,2025-05-09,0,BOS,KCR,@,KCR,KCA,BOS,https://www.baseball-reference.com/teams/BOS/2025-schedule-scores.shtml#all_team_schedule
MIN202505090,2025-05-09,0,MIN,SFG,,MIN,MIN,MIN,https://www.baseball-reference.com/teams/MIN/2025-schedule-scores.shtml#all_team_schedule
NYN202505090,2025-05-09,0,CHC,NYM,@,NYM,NYN,CHC,https://www.baseball-reference.com/teams/CHC/2025-schedule-scores.shtml#all_team_schedule
PIT202505090,2025-05-09,0,ATL,PIT,@,PIT,PIT,ATL,https://www.baseball-reference.com/teams/ATL/2025-schedule-scores.shtml#all_team_schedule
SEA202505090,2025-05-09,0,SEA,TOR,,SEA,SEA,SEA,https://www.baseball-reference.com/teams/SEA/2025-schedule-scores.shtml#all_team_schedule
TBA202505090,2025-05-09,0,MIL,TBR,@,TBR,TBA,MIL,https://www.baseball-reference.com/teams/MIL/2025-schedule-scores.shtml#all_team_schedule
WAS202505090,2025-05-09,0,STL,WSN,@,WSN,WAS,STL,https://www.baseball-reference.com/teams/STL/2025-schedule-scores.shtml#all_team_schedule
ANA202505100,2025-05-10,0,BAL,LAA,@,LAA,ANA,BAL,https://www.baseball-reference.com/teams/BAL/2025-schedule-scores.shtml#all_team_schedule
ARI202505100,2025-05-10,0,ARI,LAD,,ARI,ARI,ARI,https://www.baseball-reference.com/teams/ARI/2025-schedule-scores.shtml#all_team_schedule
ATH202505100,2025-05-10,0,ATH,NYY,,ATH,ATH,ATH,https://www.baseball-reference.com/teams/ATH/2025-schedule-scores.shtml#all_team_schedule
CHA202505100,2025-05-10,0,CHW,MIA,,CHW,CHA,CHW,https://www.baseball-reference.com/teams/CHW/2025-schedule-scores.shtml#all_team_schedule
CLE202505100,2025-05-10,0,CLE,PHI,,CLE,CLE,CLE,https://www.baseball-reference.com/teams/CLE/2025-schedule-scores.shtml#all_team_schedule
COL202505100,2025-05-10,0,COL,SDP,,COL,COL,COL,https://www.baseball-reference.com/teams/COL/2025-schedule-scores.shtml#all_team_schedule
DET202505100,2025-05-10,0,DET,TEX,,DET,DET,DET,https://www.baseball-reference.com/teams/DET/2025-schedule-scores.shtml#all_team_schedule
HOU202505100,2025-05-10,0,CIN,HOU,@,HOU,HOU,CIN,https://www.baseball-reference.com/teams/CIN/2025-schedule-scores.shtml#all_team_schedule
KCA202505100,2025-05-10,0,BOS,KCR,@,KCR,KCA,BOS,https://www.baseball-reference.com/teams/BOS/2025-schedule-scores.shtml#all_team_schedule
MIN202505100,2025-05-10,0,MIN,SFG,,MIN,MIN,MIN,https://www.baseball-reference.com/teams/MIN/2025-schedule-scores.shtml#all_team_schedule
NYN202505100,2025-05-10,0,CHC,NYM,@,NYM,NYN,CHC,https://www.baseball-reference.com/teams/CHC/2025-schedule-scores.shtml#all_team_schedule
PIT202505100,2025-05-10,0,ATL,PIT,@,PIT,PIT,ATL,https://www.baseball-reference.com/teams/ATL/2025-schedule-scores.shtml#all_team_schedule
SEA202505100,2025-05-10,0,SEA,TOR,,SEA,SEA,SEA,https://www.baseball-reference.com/teams/SEA/2025-schedule-scores.shtml#all_team_schedule
TBA202505100,2025-05-10,0,MIL,TBR,@,TBR,TBA,MIL,https://www.baseball-reference.com/teams/MIL/2025-schedule-scores.shtml#all_team_schedule
WAS202505100,2025-05-10,0,STL,WSN,@,WSN,WAS,STL,https://www.baseball-reference.com/teams/STL/2025-schedule-scores.shtml#all_team_schedule
ANA202505110,2025-05-11,0,BAL,LAA,@,LAA,ANA,BAL,https://www.baseball-reference.com/teams/BAL/2025-schedule-scores.shtml#all_team_schedule
ARI202505110,2025-05-11,0,ARI,LAD,,ARI,ARI,ARI,https://www.baseball-reference.com/teams/ARI/2025-schedule-scores.shtml#all_team_schedule
ATH202505110,2025-05-11,0,ATH,NYY,,ATH,ATH,ATH,https://www.baseball-reference.com/teams/ATH/2025-schedule-scores.shtml#all_team_schedule
CHA202505110,2025-05-11,0,CHW,MIA,,CHW,CHA,CHW,https://www.baseball-reference.com/teams/CHW/2025-schedule-scores.shtml#all_team_schedule
CLE202505110,2025-05-11,0,CLE,PHI,,CLE,CLE,CLE,https://www.baseball-reference.com/teams/CLE/2025-schedule-scores.shtml#all_team_schedule
COL202505110,2025-05-11,0,COL,SDP,,COL,COL,COL,https://www.baseball-reference.com/teams/COL/2025-schedule-scores.shtml#all_team_schedule
DET202505110,2025-05-11,0,DET,TEX,,DET,DET,DET,https://www.baseball-reference.com/teams/DET/2025-schedule-scores.shtml#all_team_schedule
HOU202505110,2025-05-11,0,CIN,HOU,@,HOU,HOU,CIN,https://www.baseball-reference.com/teams/CIN/2025-schedule-scores.shtml#all_team_schedule
KCA202505110,2025-05-11,0,BOS,KCR,@,KCR,KCA,BOS,https://www.baseball-reference.com/teams/BOS/2025-schedule-scores.shtml#all_team_schedule
MIN202505110,2025-05-11,0,MIN,SFG,,MIN,MIN,MIN,https://www.baseball-reference.com/teams/MIN/2025-schedule-scores.shtml#all_team_schedule
NYN202505110,2025-05-11,0,CHC,NYM,@,NYM,NYN,CHC,https://www.baseball-reference.com/teams/CHC/2025-schedule-scores.shtml#all_team_schedule
PIT202505110,2025-05-11,0,ATL,PIT,@,PIT,PIT,ATL,https://www.baseball-reference.com/teams/ATL/2025-schedule-scores.shtml#all_team_schedule
SEA202505110,2025-05-11,0,SEA,TOR,,SEA,SEA,SEA,https://www.baseball-reference.com/teams/SEA/2025-schedule-scores.shtml#all_team_schedule
TBA202505110,2025-05-11,0,MIL,TBR,@,TBR,TBA,MIL,https://www.baseball-reference.com/teams/MIL/2025-schedule-scores.shtml#all_team_schedule
WAS202505110,2025-05-11,0,STL,WSN,@,WSN,WAS,STL,https://www.baseball-reference.com/teams/STL/2025-schedule-scores.shtml#all_team_schedule
ATL202505120,2025-05-12,0,ATL,WSN,,ATL,ATL,ATL,https://www.baseball-reference.com/teams/ATL/2025-schedule-scores.shtml#all_team_schedule
CHN202505120,2025-05-12,0,CHC,MIA,,CHC,CHN,CHC,https://www.baseball-reference.com/teams/CHC/2025-schedule-scores.shtml#all_team_schedule
CLE202505120,2025-05-12,0,CLE,MIL,,CLE,CLE,CLE,https://www.baseball-reference.com/teams/CLE/2025-schedule-scores.shtml#all_team_schedule
DET202505120,2025-05-12,0,BOS,DET,@,DET,DET,BOS,https://www.baseball-reference.com/teams/BOS/2025-schedule-scores.shtml#all_team_schedule
HOU202505120,2025-05-12,0,HOU,KCR,,HOU,HOU,HOU,https://www.baseball-reference.com/teams/HOU/2025-schedule-scores.shtml#all_team_schedule
NYN202505120,2025-05-12,0,NYM,PIT,,NYM,NYN,NYM,https://www.baseball-reference.com/teams/NYM/2025-schedule-scores.shtml#all_team_schedule
PHI202505120,2025-05-12,0,PHI,STL,,PHI,PHI,PHI,https://www.baseball-reference.com/teams/PHI/2025-schedule-scores.shtml#all_team_schedule
SDN202505120,2025-05-12,0,LAA,SDP,@,SDP,SDN,LAA,https://www.baseball-reference.com/teams/LAA/2025-schedule-scores.shtml#all_team_schedule
SEA202505120,2025-05-12,0,NYY,SEA,@,SEA,SEA,NYY,https://www.baseball-reference.com/teams/NYY/2025-schedule-scores.shtml#all_team_schedule
SFN202505120,2025-05-12,0,ARI,SFG,@,SFG,SFN,ARI,https://www.baseball-reference.com/teams/ARI/2025-schedule-scores.shtml#all_team_schedule
TEX202505120,2025-05-12,0,COL,TEX,@,TEX,TEX,COL,https://www.baseball-reference.com/teams/COL/2025-schedule-scores.shtml#all_team_schedule
ATL202505130,2025-05-13,0,ATL,WSN,,ATL,ATL,ATL,https://www.baseball-reference.com/teams/ATL/2025-schedule-scores.shtml#all_team_schedule
CHN202505130,2025-05-13,0,CHC,MIA,,CHC,CHN,CHC,https://www.baseball-reference.com/teams/CHC/2025-schedule-scores.shtml#all_team_schedule
CIN202505130,2025-05-13,0,CHW,CIN,@,CIN,CIN,CHW,https://www.baseball-reference.com/teams/CHW/2025-schedule-scores.shtml#all_team_schedule
CLE202505130,2025-05-13,0,CLE,MIL,,CLE,CLE,CLE,https://www.baseball-reference.com/teams/CLE/2025-schedule-scores.shtml#all_team_schedule
DET202505130,2025-05-13,0,BOS,DET,@,DET,DET,BOS,https://www.baseball-reference.com/teams/BOS/2025-schedule-scores.shtml#all_team_schedule
HOU202505130,2025-05-13,0,HOU,KCR,,HOU,HOU,HOU,https://www.baseball-reference.com/teams/HOU/2025-schedule-scores.shtml#all_team_schedule
LAN202505130,2025-05-13,0,ATH,LAD,@,LAD,LAN,ATH,https://www.baseball-reference.com/teams/ATH/2025-schedule-scores.shtml#all_team_schedule
NYN202505130,2025-05-13,0,NYM,PIT,,NYM,NYN,NYM,https://www.baseball-reference.com/teams/NYM/2025-schedule-scores.shtml#all_team_schedule
SDN202505130,2025-05-13,0,LAA,SDP,@,SDP,SDN,LAA,https://www.baseball-reference.com/teams/LAA/2025-schedule-scores.shtml#all_team_schedule
SEA202505130,2025-05-13,0,NYY,SEA,@,SEA,SEA,NYY,https://www.baseball-reference.com/teams/NYY/2025-schedule-scores.shtml#all_team_schedule
SFN202505130,2025-05-13,0,ARI,SFG,@,SFG,SFN,ARI,https://www.baseball-reference.com/teams/ARI/2025-schedule-scores.shtml#all_team_schedule
TEX202505130,2025-05-13,0,COL,TEX,@,TEX,TEX,COL,https://www.baseball-reference.com/teams/COL/2025-schedule-scores.shtml#all_team_schedule
TOR202505130,2025-05-13,0,TBR,TOR,@,TOR,TOR,TBR,https://www.baseball-reference.com/teams/TBR/2025-schedule-scores.shtml#all_team_schedule
ATL202505140,2025-05-14,0,ATL,WSN,,ATL,ATL,ATL,https://www.baseball-reference.com/teams/ATL/2025-schedule-scores.shtml#all_team_schedule
BAL202505141,2025-05-14,1,BAL,MIN,,BAL,BAL,BAL,https://www.baseball-reference.com/teams/BAL/2025-schedule-scores.shtml#all_team_schedule
BAL202505142,2025-05-14,2,BAL,MIN,,BAL,BAL,BAL,https://www.baseball-reference.com/teams/BAL/2025-schedule-scores.shtml#all_team_schedule
CHN202505140,2025-05-14,0,CHC,MIA,,CHC,CHN,CHC,https://www.baseball-reference.com/teams/CHC/2025-schedule-scores.shtml#all_team_schedule
CIN202505140,2025-05-14,0,CHW,CIN,@,CIN,CIN,CHW,https://www.baseball-reference.com/teams/CHW/2025-schedule-scores.shtml#all_team_schedule
CLE202505140,2025-05-14,0,CLE,MIL,,CLE,CLE,CLE,https://www.baseball-reference.com/teams/CLE/2025-schedule-scores.shtml#all_team_schedule
DET202505140,2025-05-14,0,BOS,DET,@,DET,DET,BOS,https://www.baseball-reference.com/teams/BOS/2025-schedule-scores.shtml#all_team_schedule
HOU202505140,2025-05-14,0,HOU,KCR,,HOU,HOU,HOU,https://www.baseball-reference.com/teams/HOU/2025-schedule-scores.shtml#all_team_schedule
LAN202505140,2025-05-14,0,ATH,LAD,@,LAD,LAN,ATH,https://www.baseball-reference.com/teams/ATH/2025-schedule-scores.shtml#all_team_schedule
NYN202505140,2025-05-14,0,NYM,PIT,,NYM,NYN,NYM,https://www.baseball-reference.com/teams/NYM/2025-schedule-scores.shtml#all_team_schedule
PHI202505141,2025-05-14,1,PHI,STL,,PHI,PHI,PHI,https://www.baseball-reference.com/teams/PHI/2025-schedule-scores.shtml#all_team_schedule
PHI202505142,2025-05-14,2,PHI,STL,,PHI,PHI,PHI,https://www.baseball-reference.com/teams/PHI/2025-schedule-scores.shtml#all_team_schedule
SDN202505140,2025-05-14,0,LAA,SDP,@,SDP,SDN,LAA,https://www.baseball-reference.com/teams/LAA/2025-schedule-scores.shtml#all_team_schedule
SEA202505140,2025-05-14,0,NYY,SEA,@,SEA,SEA,NYY,https://www.baseball-reference.com/teams/NYY/2025-schedule-scores.shtml#all_team_schedule
SFN202505140,2025-05-14,0,ARI,SFG,@,SFG,SFN,ARI,https://www.baseball-reference.com/teams/ARI/2025-schedule-scores.shtml#all_team_schedule
TEX202505140,2025-05-14,0,COL,TEX,@,TEX,TEX,COL,https://www.baseball-reference.com/teams/COL/2025-schedule-scores.shtml#all_team_schedule
TOR202505140,2025-05-14,0,TBR,TOR,@,TOR,TOR,TBR,https://www.baseball-reference.com/teams/TBR/2025-schedule-scores.shtml#all_team_schedule
ATL202505150,2025-05-15,0,ATL,WSN,,ATL,ATL,ATL,https://www.baseball-reference.com/teams/ATL/2025-schedule-scores.shtml#all_team_schedule
BAL202505150,2025-05-15,0,BAL,MIN,,BAL,BAL,BAL,https://www.baseball-reference.com/teams/BAL/2025-schedule-scores.shtml#all_team_schedule
CIN202505150,2025-05-15,0,CHW,CIN,@,CIN,CIN,CHW,https://www.baseball-reference.com/teams/CHW/2025-schedule-scores.shtml#all_team_schedule
LAN202505150,2025-05-15,0,ATH,LAD,@,LAD,LAN,ATH,https://www.baseball-reference.com/teams/ATH/2025-schedule-scores.shtml#all_team_schedule
TEX202505150,2025-05-15,0,HOU,TEX,@,TEX,TEX,HOU,https://www.baseball-reference.com/teams/HOU/2025-schedule-scores.shtml#all_team_schedule
TOR202505150,2025-05-15,0,TBR,TOR,@,TOR,TOR,TBR,https://www.baseball-reference.com/teams/TBR/2025-schedule-scores.shtml#all_team_schedule
ARI202505160,2025-05-16,0,ARI,COL,,ARI,ARI,ARI,https://www.baseball-reference.com/teams/ARI/2025-schedule-scores.shtml#all_team_schedule
BAL202505160,2025-05-16,0,BAL,WSN,,BAL,BAL,BAL,https://www.baseball-reference.com/teams/BAL/2025-schedule-scores.shtml#all_team_schedule
BOS202505160,2025-05-16,0,ATL,BOS,@,BOS,BOS,ATL,https://www.baseball-reference.com/teams/ATL/2025-schedule-scores.shtml#all_team_schedule
CHN202505160,2025-05-16,0,CHC,CHW,,CHC,CHN,CHC,https://www.baseball-reference.com/teams/CHC/2025-schedule-scores.shtml#all_team_schedule
CIN202505160,2025-05-16,0,CIN,CLE,,CIN,CIN,CIN,https://www.baseball-reference.com/teams/CIN/2025-schedule-scores.shtml#all_team_schedule
KCA202505160,2025-05-16,0,KCR,STL,,KCR,KCA,KCR,https://www.baseball-reference.com/teams/KCR/2025-schedule-scores.shtml#all_team_schedule
LAN202505160,2025-05-16,0,LAA,LAD,@,LAD,LAN,LAA,https://www.baseball-reference.com/teams/LAA/2025-schedule-scores.shtml#all_team_schedule
MIA202505160,2025-05-16,0,MIA,TBR,,MIA,MIA,MIA,https://www.baseball-reference.com/teams/MIA/2025-schedule-scores.shtml#all_team_schedule
MIL202505160,2025-05-16,0,MIL,MIN,,MIL,MIL,MIL,https://www.baseball-reference.com/teams/MIL/2025-schedule-scores.shtml#all_team_schedule
NYA202505160,2025-05-16,0,NYM,NYY,@,NYY,NYA,NYM,https://www.baseball-reference.com/teams/NYM/2025-schedule-scores.shtml#all_team_schedule
PHI202505160,2025-05-16,0,PHI,PIT,,PHI,PHI,PHI,https://www.baseball-reference.com/teams/PHI/2025-schedule-scores.shtml#all_team_schedule
SDN202505160,2025-05-16,0,SDP,SEA,,SDP,SDN,SDP,https://www.baseball-reference.com/teams/SDP/2025-schedule-scores.shtml#all_team_schedule
SFN202505160,2025-05-16,0,ATH,SFG,@,SFG,SFN,ATH,https://www.baseball-reference.com/teams/ATH/2025-schedule-scores.shtml#all_team_schedule
TEX202505160,2025-05-16,0,HOU,TEX,@,TEX,TEX,HOU,https://www.baseball-reference.com/teams/HOU/2025-schedule-scores.shtml#all_team_schedule
TOR202505160,2025-05-16,0,DET,TOR,@,TOR,TOR,DET,https://www.baseball-reference.com/teams/DET/2025-schedule-scores.shtml#all_team_schedule
ARI202505170,2025-05-17,0,ARI,COL,,ARI,ARI,ARI,https://www.baseball-reference.com/teams/ARI/2025-schedule-scores.shtml#all_team_schedule
BAL202505170,2025-05-17,0,BAL,WSN,,BAL,BAL,BAL,https://www.baseball-reference.com/teams/BAL/2025-schedule-scores.shtml#all_team_schedule
BOS202505170,2025-05-17,0,ATL,BOS,@,BOS,BOS,ATL,https://www.baseball-reference.com/teams/ATL/2025-schedule-scores.shtml#all_team_schedule
CHN202505170,2025-05-17,0,CHC,CHW,,CHC,CHN,CHC,https://www.baseball-reference.com/teams/CHC/2025-schedule-scores.shtml#all_team_schedule
CIN202505170,2025-05-17,0,CIN,CLE,,CIN,CIN,CIN,https://www.baseball-reference.com/teams/CIN/2025-schedule-scores.shtml#all_team_schedule
KCA202505170,2025-05-17,0,KCR,STL,,KCR,KCA,KCR,https://www.baseball-reference.com/teams/KCR/2025-schedule-scores.shtml#all_team_schedule
LAN202505170,2025-05-17,0,LAA,LAD,@,LAD,LAN,LAA,https://www.baseball-reference.com/teams/LAA/2025-schedule-scores.shtml#all_team_schedule
MIA202505170,2025-05-17,0,MIA,TBR,,MIA,MIA,MIA,https://www.baseball-reference.com/teams/MIA/2025-schedule-scores.shtml#all_team_schedule
MIL202505170,2025-05-17,0,MIL,MIN,,MIL,MIL,MIL,https://www.baseball-reference.com/teams/MIL/2025-schedule-scores.shtml#all_team_schedule
NYA202505170,2025-05-17,0,NYM,NYY,@,NYY,NYA,NYM,https://www.baseball-reference.com/teams/NYM/2025-schedule-scores.shtml#all_team_schedule
PHI202505170,2025-05-17,0,PHI,PIT,,PHI,PHI,PHI,https://www.baseball-reference.com/teams/PHI/2025-schedule-scores.shtml#all_team_schedule
SDN202505170,2025-05-17,0,SDP,SEA,,SDP,SDN,SDP,https://www.baseball-reference.com/teams/SDP/2025-schedule-scores.shtml#all_team_schedule
SFN202505170,2025-05-17,0,ATH,SFG,@,SFG,SFN,ATH,https://www.baseball-reference.com/teams/ATH/2025-schedule-scores.shtml#all_team_schedule
TEX202505170,2025-05-17,0,HOU,TEX,@,TEX,TEX,HOU,https://www.baseball-reference.com/teams/HOU/2025-schedule-scores.shtml#all_team_schedule
TOR202505170,2025-05-17,0,DET,TOR,@,TOR,TOR,DET,https://www.baseball-reference.com/teams/DET/2025-schedule-scores.shtml#all_team_schedule
ARI202505180,2025-05-18,0,ARI,COL,,ARI,ARI,ARI,https://www.baseball-reference.com/teams/ARI/2025-schedule-scores.shtml#all_team_schedule
BAL202505180,2025-05-18,0,BAL,WSN,,BAL,BAL,BAL,https://www.baseball-reference.com/teams/BAL/2025-schedule-scores.shtml#all_team_schedule
BOS202505180,2025-05-18,0,ATL,BOS,@,BOS,BOS,ATL,https://www.baseball-reference.com/teams/ATL/2025-schedule-scores.shtml#all_team_schedule
CHN202505180,2025-05-18,0,CHC,CHW,,CHC,CHN,CHC,https://www.baseball-reference.com/teams/CHC/2025-schedule-scores.shtml#all_team_schedule
CIN202505180,2025-05-18,0,CIN,CLE,,CIN,CIN,CIN,https://www.baseball-reference.com/teams/CIN/2025-schedule-scores.shtml#all_team_schedule
KCA202505180,2025-05-18,0,KCR,STL,,KCR,KCA,KCR,https://www.baseball-reference.com/teams/KCR/2025-schedule-scores.shtml#all_team_schedule
LAN202505180,2025-05-18,0,LAA,LAD,@,LAD,LAN,LAA,https://www.baseball-reference.com/teams/LAA/2025-schedule-scores.shtml#all_team_schedule
MIA202505180,2025-05-18,0,MIA,TBR,,MIA,MIA,MIA,https://www.baseball-reference.com/teams/MIA/2025-schedule-scores.shtml#all_team_schedule
MIL202505180,2025-05-18,0,MIL,MIN,,MIL,MIL,MIL,https://www.baseball-reference.com/teams/MIL/2025-schedule-scores.shtml#all_team_schedule
NYA202505180,2025-05-18,0,NYM,NYY,@,NYY,NYA,NYM,https://www.baseball-reference.com/teams/NYM/2025-schedule-scores.shtml#all_team_schedule
PHI202505180,2025-05-18,0,PHI,PIT,,PHI,PHI,PHI,https://www.baseball-reference.com/teams/PHI/2025-schedule-scores.shtml#all_team_schedule
SDN202505180,2025-05-18,0,SDP,SEA,,SDP,SDN,SDP,https://www.baseball-reference.com/teams/SDP/2025-schedule-scores.shtml#all_team_schedule
SFN202505180,2025-05-18,0,ATH,SFG,@,SFG,SFN,ATH,https://www.baseball-reference.com/teams/ATH/2025-schedule-scores.shtml#all_team_schedule
TEX202505180,2025-05-18,0,HOU,TEX,@,TEX,TEX,HOU,https://www.baseball-reference.com/teams/HOU/2025-schedule-scores.shtml#all_team_schedule
TOR202505180,2025-05-18,0,DET,TOR,@,TOR,TOR,DET,https://www.baseball-reference.com/teams/DET/2025-schedule-scores.shtml#all_team_schedule
ATH202505190,2025-05-19,0,ATH,LAA,,ATH,ATH,ATH,https://www.baseball-reference.com/teams/ATH/2025-schedule-scores.shtml#all_team_schedule
BOS202505190,2025-05-19,0,BOS,NYM,,BOS,BOS,BOS,https://www.baseball-reference.com/teams/BOS/2025-schedule-scores.shtml#all_team_schedule
CHA202505190,2025-05-19,0,CHW,SEA,,CHW,CHA,CHW,https://www.baseball-reference.com/teams/CHW/2025-schedule-scores.shtml#all_team_schedule
COL202505190,2025-05-19,0,COL,PHI,,COL,COL,COL,https://www.baseball-reference.com/teams/COL/2025-schedule-scores.shtml#all_team_schedule
LAN202505190,2025-05-19,0,ARI,LAD,@,LAD,LAN,ARI,https://www.baseball-reference.com/teams/ARI/2025-schedule-scores.shtml#all_team_schedule
MIA202505190,2025-05-19,0,CHC,MIA,@,MIA,MIA,CHC,https://www.baseball-reference.com/teams/CHC/2025-schedule-scores.shtml#all_team_schedule
MIL202505190,2025-05-19,0,BAL,MIL,@,MIL,MIL,BAL,https://www.baseball-reference.com/teams/BAL/2025-schedule-scores.shtml#all_team_schedule
MIN202505190,2025-05-19,0,CLE,MIN,@,MIN,MIN,CLE,https://www.baseball-reference.com/teams/CLE/2025-schedule-scores.shtml#all_team_schedule
PIT202505190,2025-05-19,0,CIN,PIT,@,PIT,PIT,CIN,https://www.baseball-reference.com/teams/CIN/2025-schedule-scores.shtml#all_team_schedule
SFN202505190,2025-05-19,0,KCR,SFG,@,SFG,SFN,KCR,https://www.baseball-reference.com/teams/KCR/2025-schedule-scores.shtml#all_team_schedule
SLN202505190,2025-05-19,0,DET,STL,@,STL,SLN,DET,https://www.baseball-reference.com/teams/DET/2025-schedule-scores.shtml#all_team_schedule
TBA202505190,2025-05-19,0,HOU,TBR,@,TBR,TBA,HOU,https://www.baseball-reference.com/teams/HOU/2025-schedule-scores.shtml#all_team_schedule
ATH202505200,2025-05-20,0,ATH,LAA,,ATH,ATH,ATH,https://www.baseball-reference.com/teams/ATH/2025-schedule-scores.shtml#all_team_schedule
BOS202505200,2025-05-20,0,BOS,NYM,,BOS,BOS,BOS,https://www.baseball-reference.com/teams/BOS/2025-schedule-scores.shtml#all_team_schedule
CHA202505200,2025-05-20,0,CHW,SEA,,CHW,CHA,CHW,https://www.baseball-reference.com/teams/CHW/2025-schedule-scores.shtml#all_team_schedule
COL202505200,2025-05-20,0,COL,PHI,,COL,COL,COL,https://www.baseball-reference.com/teams/COL/2025-schedule-scores.shtml#all_team_schedule
LAN202505200,2025-05-20,0,ARI,LAD,@,LAD,LAN,ARI,https://www.baseball-reference.com/teams/ARI/2025-schedule-scores.shtml#all_team_schedule
MIA202505200,2025-05-20,0,CHC,MIA,@,MIA,MIA,CHC,https://www.baseball-reference.com/teams/CHC/2025-schedule-scores.shtml#all_team_schedule
MIL202505200,2025-05-20,0,BAL,MIL,@,MIL,MIL,BAL,https://www.baseball-reference.com/teams/BAL/2025-schedule-scores.shtml#all_team_schedule
NYA202505200,2025-05-20,0,NYY,TEX,,NYY,NYA,NYY,https://www.baseball-reference.com/teams/NYY/2025-schedule-scores.shtml#all_team_schedule
PIT202505200,2025-05-20,0,CIN,PIT,@,PIT,PIT,CIN,https://www.baseball-reference.com/teams/CIN/2025-schedule-scores.shtml#all_team_schedule
SFN202505200,2025-05-20,0,KCR,SFG,@,SFG,SFN,KCR,https://www.baseball-reference.com/teams/KCR/2025-schedule-scores.shtml#all_team_schedule
SLN202505200,2025-05-20,0,DET,STL,@,STL,SLN,DET,https://www.baseball-reference.com/teams/DET/2025-schedule-scores.shtml#all_team_schedule
TBA202505200,2025-05-20,0,HOU,TBR,@,TBR,TBA,HOU,https://www.baseball-reference.com/teams/HOU/2025-schedule-scores.shtml#all_team_schedule
TOR202505200,2025-05-20,0,SDP,TOR,@,TOR,TOR,SDP,https://www.baseball-reference.com/teams/SDP/2025-schedule-scores.shtml#all_team_schedule
WAS202505200,2025-05-20,0,ATL,WSN,@,WSN,WAS,ATL,https://www.baseball-reference.com/teams/ATL/2025-schedule-scores.shtml#all_team_schedule
ATH202505210,2025-05-21,0,ATH,LAA,,ATH,ATH,ATH,https://www.baseball-reference.com/teams/ATH/2025-schedule-scores.shtml#all_team_schedule
BOS202505210,2025-05-21,0,BOS,NYM,,BOS,BOS,BOS,https://www.baseball-reference.com/teams/BOS/2025-schedule-scores.shtml#all_team_schedule
CHA202505210,2025-05-21,0,CHW,SEA,,CHW,CHA,CHW,https://www.baseball-reference.com/teams/CHW/2025-schedule-scores.shtml#all_team_schedule
COL202505210,2025-05-21,0,COL,PHI,,COL,COL,COL,https://www.baseball-reference.com/teams/COL/2025-schedule-scores.shtml#all_team_schedule
LAN202505210,2025-05-21,0,ARI,LAD,@,LAD,LAN,ARI,https://www.baseball-reference.com/teams/ARI/2025-schedule-scores.shtml#all_team_schedule
MIA202505210,2025-05-21,0,CHC,MIA,@,MIA,MIA,CHC,https://www.baseball-reference.com/teams/CHC/2025-schedule-scores.shtml#all_team_schedule
MIL202505210,2025-05-21,0,BAL,MIL,@,MIL,MIL,BAL,https://www.baseball-reference.com/teams/BAL/2025-schedule-scores.shtml#all_team_schedule
MIN202505210,2025-05-21,0,CLE,MIN,@,MIN,MIN,CLE,https://www.baseball-reference.com/teams/CLE/2025-schedule-scores.shtml#all_team_schedule
NYA202505210,2025-05-21,0,NYY,TEX,,NYY,NYA,NYY,https://www.baseball-reference.com/teams/NYY/2025-schedule-scores.shtml#all_team_schedule
PIT202505210,2025-05-21,0,CIN,PIT,@,PIT,PIT,CIN,https://www.baseball-reference.com/teams/CIN/2025-schedule-scores.shtml#all_team_schedule
SFN202505210,2025-05-21,0,KCR,SFG,@,SFG,SFN,KCR,https://www.baseball-reference.com/teams/KCR/2025-schedule-scores.shtml#all_team_schedule
SLN202505210,2025-05-21,0,DET,STL,@,STL,SLN,DET,https://www.baseball-reference.com/teams/DET/2025-schedule-scores.shtml#all_team_schedule
TBA202505210,2025-05-21,0,HOU,TBR,@,TBR,TBA,HOU,https://www.baseball-reference.com/teams/HOU/2025-schedule-scores.shtml#all_team_schedule
TOR202505210,2025-05-21,0,SDP,TOR,@,TOR,TOR,SDP,https://www.baseball-reference.com/teams/SDP/2025-schedule-scores.shtml#all_team_schedule
ATH202505220,2025-05-22,0,ATH,LAA,,ATH,ATH,ATH,https://www.baseball-reference.com/teams/ATH/2025-schedule-scores.shtml#all_team_schedule
COL202505220,2025-05-22,0,COL,PHI,,COL,COL,COL,https://www.baseball-reference.com/teams/COL/2025-schedule-scores.shtml#all_team_schedule
DET202505220,2025-05-22,0,CLE,DET,@,DET,DET,CLE,https://www.baseball-reference.com/teams/CLE/2025-schedule-scores.shtml#all_team_schedule
HOU202505220,2025-05-22,0,HOU,SEA,,HOU,HOU,HOU,https://www.baseball-reference.com/teams/HOU/2025-schedule-scores.shtml#all_team_schedule
NYA202505220,2025-05-22,0,NYY,TEX,,NYY,NYA,NYY,https://www.baseball-reference.com/teams/NYY/2025-schedule-scores.shtml#all_team_schedule
PIT202505220,2025-05-22,0,MIL,PIT,@,PIT,PIT,MIL,https://www.baseball-reference.com/teams/MIL/2025-schedule-scores.shtml#all_team_schedule
TOR202505220,2025-05-22,0,SDP,TOR,@,TOR,TOR,SDP,https://www.baseball-reference.com/teams/SDP/2025-schedule-scores.shtml#all_team_schedule
WAS202505220,2025-05-22,0,ATL,WSN,@,WSN,WAS,ATL,https://www.baseball-reference.com/teams/ATL/2025-schedule-scores.shtml#all_team_schedule
ANA202505230,2025-05-23,0,LAA,MIA,,LAA,ANA,LAA,https://www.baseball-reference.com/teams/LAA/2025-schedule-scores.shtml#all_team_schedule
ATH202505230,2025-05-23,0,ATH,PHI,,ATH,ATH,ATH,https://www.baseball-reference.com/teams/ATH/2025-schedule-scores.shtml#all_team_schedule
ATL202505230,2025-05-23,0,ATL,SDP,,ATL,ATL,ATL,https://www.baseball-reference.com/teams/ATL/2025-schedule-scores.shtml#all_team_schedule
BOS202505231,2025-05-23,1,BAL,BOS,@,BOS,BOS,BAL,https://www.baseball-reference.com/teams/BAL/2025-schedule-scores.shtml#all_team_schedule
CHA202505230,2025-05-23,0,CHW,TEX,,CHW,CHA,CHW,https://www.baseball-reference.com/teams/CHW/2025-schedule-scores.shtml#all_team_schedule
CIN202505230,2025-05-23,0,CHC,CIN,@,CIN,CIN,CHC,https://www.baseball-reference.com/teams/CHC/2025-schedule-scores.shtml#all_team_schedule
COL202505230,2025-05-23,0,COL,NYY,,COL,COL,COL,https://www.baseball-reference.com/teams/COL/2025-schedule-scores.shtml#all_team_schedule
DET202505230,2025-05-23,0,CLE,DET,@,DET,DET,CLE,https://www.baseball-reference.com/teams/CLE/2025-schedule-scores.shtml#all_team_schedule
HOU202505230,2025-05-23,0,HOU,SEA,,HOU,HOU,HOU,https://www.baseball-reference.com/teams/HOU/2025-schedule-scores.shtml#all_team_schedule
MIN202505230,2025-05-23,0,KCR,MIN,@,MIN,MIN,KCR,https://www.baseball-reference.com/teams/KCR/2025-schedule-scores.shtml#all_team_schedule
NYN202505230,2025-05-23,0,LAD,NYM,@,NYM,NYN,LAD,https://www.baseball-reference.com/teams/LAD/2025-schedule-scores.shtml#all_team_schedule
PIT202505230,2025-05-23,0,MIL,PIT,@,PIT,PIT,MIL,https://www.baseball-reference.com/teams/MIL/2025-schedule-scores.shtml#all_team_schedule
SLN202505230,2025-05-23,0,ARI,STL,@,STL,SLN,ARI,https://www.baseball-reference.com/teams/ARI/2025-schedule-scores.shtml#all_team_schedule
TBA202505230,2025-05-23,0,TBR,TOR,,TBR,TBA,TBR,https://www.baseball-reference.com/teams/TBR/2025-schedule-scores.shtml#all_team_schedule
WAS202505230,2025-05-23,0,SFG,WSN,@,WSN,WAS,SFG,https://www.baseball-reference.com/teams/SFG/2025-schedule-scores.shtml#all_team_schedule
ANA202505240,2025-05-24,0,LAA,MIA,,LAA,ANA,LAA,https://www.baseball-reference.com/teams/LAA/2025-schedule-scores.shtml#all_team_schedule
ATH202505240,2025-05-24,0,ATH,PHI,,ATH,ATH,ATH,https://www.baseball-reference.com/teams/ATH/2025-schedule-scores.shtml#all_team_schedule
ATL202505240,2025-05-24,0,ATL,SDP,,ATL,ATL,ATL,https://www.baseball-reference.com/teams/ATL/2025-schedule-scores.shtml#all_team_schedule
BOS202505241,2025-05-24,1,BAL,BOS,@,BOS,BOS,BAL,https://www.baseball-reference.com/teams/BAL/2025-schedule-scores.shtml#all_team_schedule
BOS202505242,2025-05-24,2,BAL,BOS,@,BOS,BOS,BAL,https://www.baseball-reference.com/teams/BAL/2025-schedule-scores.shtml#all_team_schedule
CHA202505240,2025-05-24,0,CHW,TEX,,CHW,CHA,CHW,https://www.baseball-reference.com/teams/CHW/2025-schedule-scores.shtml#all_team_schedule
CIN202505240,2025-05-24,0,CHC,CIN,@,CIN,CIN,CHC,https://www.baseball-reference.com/teams/CHC/2025-schedule-scores.shtml#all_team_schedule
COL202505240,2025-05-24,0,COL,NYY,,COL,COL,COL,https://www.baseball-reference.com/teams/COL/2025-schedule-scores.shtml#all_team_schedule
DET202505240,2025-05-24,0,CLE,DET,@,DET,DET,CLE,https://www.baseball-reference.com/teams/CLE/2025-schedule-scores.shtml#all_team_schedule
HOU202505240,2025-05-24,0,HOU,SEA,,HOU,HOU,HOU,https://www.baseball-reference.com/teams/HOU/2025-schedule-scores.shtml#all_team_schedule
MIN202505240,2025-05-24,0,KCR,MIN,@,MIN,MIN,KCR,https://www.baseball-reference.com/teams/KCR/2025-schedule-scores.shtml#all_team_schedule
NYN202505240,2025-05-24,0,LAD,NYM,@,NYM,NYN,LAD,https://www.baseball-reference.com/teams/LAD/2025-schedule-scores.shtml#all_team_schedule
PIT202505240,2025-05-24,0,MIL,PIT,@,PIT,PIT,MIL,https://www.baseball-reference.com/teams/MIL/2025-schedule-scores.shtml#all_team_schedule
SLN202505240,2025-05-24,0,ARI,STL,@,STL,SLN,ARI,https://www.baseball-reference.com/teams/ARI/2025-schedule-scores.shtml#all_team_schedule
TBA202505240,2025-05-24,0,TBR,TOR,,TBR,TBA,TBR,https://www.baseball-reference.com/teams/TBR/2025-schedule-scores.shtml#all_team_schedule
WAS202505240,2025-05-24,0,SFG,WSN,@,WSN,WAS,SFG,https://www.baseball-reference.com/teams/SFG/2025-schedule-scores.shtml#all_team_schedule
ANA202505250,2025-05-25,0,LAA,MIA,,LAA,ANA,LAA,https://www.baseball-reference.com/teams/LAA/2025-schedule-scores.shtml#all_team_schedule
ATH202505250,2025-05-25,0,ATH,PHI,,ATH,ATH,ATH,https://www.baseball-reference.com/teams/ATH/2025-schedule-scores.shtml#all_team_schedule
ATL202505250,2025-05-25,0,ATL,SDP,,ATL,ATL,ATL,https://www.baseball-reference.com/teams/ATL/2025-schedule-scores.shtml#all_team_schedule
BOS202505250,2025-05-25,0,BAL,BOS,@,BOS,BOS,BAL,https://www.baseball-reference.com/teams/BAL/2025-schedule-scores.shtml#all_team_schedule
CHA202505250,2025-05-25,0,CHW,TEX,,CHW,CHA,CHW,https://www.baseball-reference.com/teams/CHW/2025-schedule-scores.shtml#all_team_schedule
CIN202505250,2025-05-25,0,CHC,CIN,@,CIN,CIN,CHC,https://www.baseball-reference.com/teams/CHC/2025-schedule-scores.shtml#all_team_schedule
COL202505250,2025-05-25,0,COL,NYY,,COL,COL,COL,https://www.baseball-reference.com/teams/COL/2025-schedule-scores.shtml#all_team_schedule
DET202505250,2025-05-25,0,CLE,DET,@,DET,DET,CLE,https://www.baseball-reference.com/teams/CLE/2025-schedule-scores.shtml#all_team_schedule
HOU202505250,2025-05-25,0,HOU,SEA,,HOU,HOU,HOU,https://www.baseball-reference.com/teams/HOU/2025-schedule-scores.shtml#all_team_schedule
MIN202505250,2025-05-25,0,KCR,MIN,@,MIN,MIN,KCR,https://www.baseball-reference.com/teams/KCR/2025-schedule-scores.shtml#all_team_schedule
NYN202505250,2025-05-25,0,LAD,NYM,@,NYM,NYN,LAD,https://www.baseball-reference.com/teams/LAD/2025-schedule-scores.shtml#all_team_schedule
PIT202505250,2025-05-25,0,MIL,PIT,@,PIT,PIT,MIL,https://www.baseball-reference.com/teams/MIL/2025-schedule-scores.shtml#all_team_schedule
SLN202505250,2025-05-25,0,ARI,STL,@,STL,SLN,ARI,https://www.baseball-reference.com/teams/ARI/2025-schedule-scores.shtml#all_team_schedule
TBA202505250,2025-05-25,0,TBR,TOR,,TBR,TBA,TBR,https://www.baseball-reference.com/teams/TBR/2025-schedule-scores.shtml#all_team_schedule
WAS202505250,2025-05-25,0,SFG,WSN,@,WSN,WAS,SFG,https://www.baseball-reference.com/teams/SFG/2025-schedule-scores.shtml#all_team_schedule
ANA202505260,2025-05-26,0,LAA,NYY,,LAA,ANA,LAA,https://www.baseball-reference.com/teams/LAA/2025-schedule-scores.shtml#all_team_schedule
ARI202505260,2025-05-26,0,ARI,PIT,,ARI,ARI,ARI,https://www.baseball-reference.com/teams/ARI/2025-schedule-scores.shtml#all_team_schedule
BAL202505260,2025-05-26,0,BAL,STL,,BAL,BAL,BAL,https://www.baseball-reference.com/teams/BAL/2025-schedule-scores.shtml#all_team_schedule
CHN202505260,2025-05-26,0,CHC,COL,,CHC,CHN,CHC,https://www.baseball-reference.com/teams/CHC/2025-schedule-scores.shtml#all_team_schedule
CLE202505260,2025-05-26,0,CLE,LAD,,CLE,CLE,CLE,https://www.baseball-reference.com/teams/CLE/2025-schedule-scores.shtml#all_team_schedule
DET202505260,2025-05-26,0,DET,SFG,,DET,DET,DET,https://www.baseball-reference.com/teams/DET/2025-schedule-scores.shtml#all_team_schedule
KCA202505260,2025-05-26,0,CIN,KCR,@,KCR,KCA,CIN,https://www.baseball-reference.com/teams/CIN/2025-schedule-scores.shtml#all_team_schedule
MIL202505260,2025-05-26,0,BOS,MIL,@,MIL,MIL,BOS,https://www.baseball-reference.com/teams/BOS/2025-schedule-scores.shtml#all_team_schedule
NYN202505260,2025-05-26,0,CHW,NYM,@,NYM,NYN,CHW,https://www.baseball-reference.com/teams/CHW/2025-schedule-scores.shtml#all_team_schedule
SDN202505260,2025-05-26,0,MIA,SDP,@,SDP,SDN,MIA,https://www.baseball-reference.com/teams/MIA/2025-schedule-scores.shtml#all_team_schedule
TBA202505260,2025-05-26,0,MIN,TBR,@,TBR,TBA,MIN,https://www.baseball-reference.com/teams/MIN/2025-schedule-scores.shtml#all_team_schedule
TEX202505260,2025-05-26,0,TEX,TOR,,TEX,TEX,TEX,https://www.baseball-reference.com/teams/TEX/2025-schedule-scores.shtml#all_team_schedule
ANA202505270,2025-05-27,0,LAA,NYY,,LAA,ANA,LAA,https://www.baseball-reference.com/teams/LAA/2025-schedule-scores.shtml#all_team_schedule
ARI202505270,2025-05-27,0,ARI,PIT,,ARI,ARI,ARI,https://www.baseball-reference.com/teams/ARI/2025-schedule-scores.shtml#all_team_schedule
BAL202505270,2025-05-27,0,BAL,STL,,BAL,BAL,BAL,https://www.baseball-reference.com/teams/BAL/2025-schedule-scores.shtml#all_team_schedule
CHN202505270,2025-05-27,0,CHC,COL,,CHC,CHN,CHC,https://www.baseball-reference.com/teams/CHC/2025-schedule-scores.shtml#all_team_schedule
CLE202505270,2025-05-27,0,CLE,LAD,,CLE,CLE,CLE,https://www.baseball-reference.com/teams/CLE/2025-schedule-scores.shtml#all_team_schedule
DET202505270,2025-05-27,0,DET,SFG,,DET,DET,DET,https://www.baseball-reference.com/teams/DET/2025-schedule-scores.shtml#all_team_schedule
HOU202505270,2025-05-27,0,ATH,HOU,@,HOU,HOU,ATH,https://www.baseball-reference.com/teams/ATH/2025-schedule-scores.shtml#all_team_schedule
KCA202505270,2025-05-27,0,CIN,KCR,@,KCR,KCA,CIN,https://www.baseball-reference.com/teams/CIN/2025-schedule-scores.shtml#all_team_schedule
MIL202505270,2025-05-27,0,BOS,MIL,@,MIL,MIL,BOS,https://www.baseball-reference.com/teams/BOS/2025-schedule-scores.shtml#all_team_schedule
NYN202505270,2025-05-27,0,CHW,NYM,@,NYM,NYN,CHW,https://www.baseball-reference.com/teams/CHW/2025-schedule-scores.shtml#all_team_schedule
PHI202505270,2025-05-27,0,ATL,PHI,@,PHI,PHI,ATL,https://www.baseball-reference.com/teams/ATL/2025-schedule-scores.shtml#all_team_schedule
SDN202505270,2025-05-27,0,MIA,SDP,@,SDP,SDN,MIA,https://www.baseball-reference.com/teams/MIA/2025-schedule-scores.shtml#all_team_schedule
SEA202505270,2025-05-27,0,SEA,WSN,,SEA,SEA,SEA,https://www.baseball-reference.com/teams/SEA/2025-schedule-scores.shtml#all_team_schedule
TBA202505270,2025-05-27,0,MIN,TBR,@,TBR,TBA,MIN,https://www.baseball-reference.com/teams/MIN/2025-schedule-scores.shtml#all_team_schedule
TEX202505270,2025-05-27,0,TEX,TOR,,TEX,TEX,TEX,https://www.baseball-reference.com/teams/TEX/2025-schedule-scores.shtml#all_team_schedule
ANA202505280,2025-05-28,0,LAA,NYY,,LAA,ANA,LAA,https://www.baseball-reference.com/teams/LAA/2025-schedule-scores.shtml#all_team_schedule
ARI202505280,2025-05-28,0,ARI,PIT,,ARI,ARI,ARI,https://www.baseball-reference.com/teams/ARI/2025-schedule-scores.shtml#all_team_schedule
BAL202505280,2025-05-28,0,BAL,STL,,BAL,BAL,BAL,https://www.baseball-reference.com/teams/BAL/2025-schedule-scores.shtml#all_team_schedule
CHN202505280,2025-05-28,0,CHC,COL,,CHC,CHN,CHC,https://www.baseball-reference.com/teams/CHC/2025-schedule-scores.shtml#all_team_schedule
CLE202505280,2025-05-28,0,CLE,LAD,,CLE,CLE,CLE,https://www.baseball-reference.com/teams/CLE/2025-schedule-scores.shtml#all_team_schedule
DET202505280,2025-05-28,0,DET,SFG,,DET,DET,DET,https://www.baseball-reference.com/teams/DET/2025-schedule-scores.shtml#all_team_schedule
HOU202505280,2025-05-28,0,ATH,HOU,@,HOU,HOU,ATH,https://www.baseball-reference.com/teams/ATH/2025-schedule-scores.shtml#all_team_schedule
KCA202505280,2025-05-28,0,CIN,KCR,@,KCR,KCA,CIN,https://www.baseball-reference.com/teams/CIN/2025-schedule-scores.shtml#all_team_schedule
MIL202505280,2025-05-28,0,BOS,MIL,@,MIL,MIL,BOS,https://www.baseball-reference.com/teams/BOS/2025-schedule-scores.shtml#all_team_schedule
NYN202505280,2025-05-28,0,CHW,NYM,@,NYM,NYN,CHW,https://www.baseball-reference.com/teams/CHW/2025-schedule-scores.shtml#all_team_schedule
SDN202505280,2025-05-28,0,MIA,SDP,@,SDP,SDN,MIA,https://www.baseball-reference.com/teams/MIA/2025-schedule-scores.shtml#all_team_schedule
SEA202505280,2025-05-28,0,SEA,WSN,,SEA,SEA,SEA,https://www.baseball-reference.com/teams/SEA/2025-schedule-scores.shtml#all_team_schedule
TBA202505280,2025-05-28,0,MIN,TBR,@,TBR,TBA,MIN,https://www.baseball-reference.com/teams/MIN/2025-schedule-scores.shtml#all_team_schedule
TEX202505280,2025-05-28,0,TEX,TOR,,TEX,TEX,TEX,https://www.baseball-reference.com/teams/TEX/2025-schedule-scores.shtml#all_team_schedule
HOU202505290,2025-05-29,0,HOU,TBR,,HOU,HOU,HOU,https://www.baseball-reference.com/teams/HOU/2025-schedule-scores.shtml#all_team_schedule
PHI202505291,2025-05-29,1,ATL,PHI,@,PHI,PHI,ATL,https://www.baseball-reference.com/teams/ATL/2025-schedule-scores.shtml#all_team_schedule
PHI202505292,2025-05-29,2,ATL,PHI,@,PHI,PHI,ATL,https://www.baseball-reference.com/teams/ATL/2025-schedule-scores.shtml#all_team_schedule
SEA202505290,2025-05-29,0,SEA,WSN,,SEA,SEA,SEA,https://www.baseball-reference.com/teams/SEA/2025-schedule-scores.shtml#all_team_schedule
TOR202505290,2025-05-29,0,ATH,TOR,@,TOR,TOR,ATH,https://www.baseball-reference.com/teams/ATH/2025-schedule-scores.shtml#all_team_schedule
ARI202505300,2025-05-30,0,ARI,WSN,,ARI,ARI,ARI,https://www.baseball-reference.com/teams/ARI/2025-schedule-scores.shtml#all_team_schedule
ATL202505300,2025-05-30,0,ATL,BOS,,ATL,ATL,ATL,https://www.baseball-reference.com/teams/ATL/2025-schedule-scores.shtml#all_team_schedule
BAL202505300,2025-05-30,0,BAL,CHW,,BAL,BAL,BAL,https://www.baseball-reference.com/teams/BAL/2025-schedule-scores.shtml#all_team_schedule
CHN202505300,2025-05-30,0,CHC,CIN,,CHC,CHN,CHC,https://www.baseball-reference.com/teams/CHC/2025-schedule-scores.shtml#all_team_schedule
CLE202505300,2025-05-30,0,CLE,LAA,,CLE,CLE,CLE,https://www.baseball-reference.com/teams/CLE/2025-schedule-scores.shtml#all_team_schedule
HOU202505300,2025-05-30,0,HOU,TBR,,HOU,HOU,HOU,https://www.baseball-reference.com/teams/HOU/2025-schedule-scores.shtml#all_team_schedule
KCA202505300,2025-05-30,0,DET,KCR,@,KCR,KCA,DET,https://www.baseball-reference.com/teams/DET/2025-schedule-scores.shtml#all_team_schedule
LAN202505300,2025-05-30,0,LAD,NYY,,LAD,LAN,LAD,https://www.baseball-reference.com/teams/LAD/2025-schedule-scores.shtml#all_team_schedule
MIA202505300,2025-05-30,0,MIA,SFG,,MIA,MIA,MIA,https://www.baseball-reference.com/teams/MIA/2025-schedule-scores.shtml#all_team_schedule
NYN202505300,2025-05-30,0,COL,NYM,@,NYM,NYN,COL,https://www.baseball-reference.com/teams/COL/2025-schedule-scores.shtml#all_team_schedule
PHI202505300,2025-05-30,0,MIL,PHI,@,PHI,PHI,MIL,https://www.baseball-reference.com/teams/MIL/2025-schedule-scores.shtml#all_team_schedule
SDN202505300,2025-05-30,0,PIT,SDP,@,SDP,SDN,PIT,https://www.baseball-reference.com/teams/PIT/2025-schedule-scores.shtml#all_team_schedule
SEA202505300,2025-05-30,0,MIN,SEA,@,SEA,SEA,MIN,https://www.baseball-reference.com/teams/MIN/2025-schedule-scores.shtml#all_team_schedule
TEX202505300,2025-05-30,0,STL,TEX,@,TEX,TEX,STL,https://www.baseball-reference.com/teams/STL/2025-schedule-scores.shtml#all_team_schedule
TOR202505300,2025-05-30,0,ATH,TOR,@,TOR,TOR,ATH,https://www.baseball-reference.com/teams/ATH/2025-schedule-scores.shtml#all_team_schedule
ARI202505310,2025-05-31,0,ARI,WSN,,ARI,ARI,ARI,https://www.baseball-reference.com/teams/ARI/2025-schedule-scores.shtml#all_team_schedule
ATL202505310,2025-05-31,0,ATL,BOS,,ATL,ATL,ATL,https://www.baseball-reference.com/teams/ATL/2025-schedule-scores.shtml#all_team_schedule
BAL202505310,2025-05-31,0,BAL,CHW,,BAL,BAL,BAL,https://www.baseball-reference.com/teams/BAL/2025-schedule-scores.shtml#all_team_schedule
CHN202505310,2025-05-31,0,CHC,CIN,,CHC,CHN,CHC,https://www.baseball-reference.com/teams/CHC/2025-schedule-scores.shtml#all_team_schedule
CLE202505310,2025-05-31,0,CLE,LAA,,CLE,CLE,CLE,https://www.baseball-reference.com/teams/CLE/2025-schedule-scores.shtml#all_team_schedule
HOU202505310,2025-05-31,0,HOU,TBR,,HOU,HOU,HOU,https://www.baseball-reference.com/teams/HOU/2025-schedule-scores.shtml#all_team_schedule
KCA202505310,2025-05-31,0,DET,KCR,@,KCR,KCA,DET,https://www.baseball-reference.com/teams/DET/2025-schedule-scores.shtml#all_team_schedule
LAN202505310,2025-05-31,0,LAD,NYY,,LAD,LAN,LAD,https://www.baseball-reference.com/teams/LAD/2025-schedule-scores.shtml#all_team_schedule
MIA202505310,2025-05-31,0,MIA,SFG,,MIA,MIA,MIA,https://www.baseball-reference.com/teams/MIA/2025-schedule-scores.shtml#all_team_schedule
NYN202505310,2025-05-31,0,COL,NYM,@,NYM,NYN,COL,https://www.baseball-reference.com/teams/COL/2025-schedule-scores.shtml#all_team_schedule
PHI202505310,2025-05-31,0,MIL,PHI,@,PHI,PHI,MIL,https://www.baseball-reference.com/teams/MIL/2025-schedule-scores.shtml#all_team_schedule
SDN202505310,2025-05-31,0,PIT,SDP,@,SDP,SDN,PIT,https://www.baseball-reference.com/teams/PIT/2025-schedule-scores.shtml#all_team_schedule
SEA202505310,2025-05-31,0,MIN,SEA,@,SEA,SEA,MIN,https://www.baseball-reference.com/teams/MIN/2025-schedule-scores.shtml#all_team_schedule
TEX202505310,2025-05-31,0,STL,TEX,@,TEX,TEX,STL,https://www.baseball-reference.com/teams/STL/2025-schedule-scores.shtml#all_team_schedule
TOR202505310,2025-05-31,0,ATH,TOR,@,TOR,TOR,ATH,https://www.baseball-reference.com/teams/ATH/2025-schedule-scores.shtml#all_team_schedule
ARI202506010,2025-06-01,0,ARI,WSN,,ARI,ARI,ARI,https://www.baseball-reference.com/teams/ARI/2025-schedule-scores.shtml#all_team_schedule
ATL202506010,2025-06-01,0,ATL,BOS,,ATL,ATL,ATL,https://www.baseball-reference.com/teams/ATL/2025-schedule-scores.shtml#all_team_schedule
BAL202506010,2025-06-01,0,BAL,CHW,,BAL,BAL,BAL,https://www.baseball-reference.com/teams/BAL/2025-schedule-scores.shtml#all_team_schedule
CHN202506010,2025-06-01,0,CHC,CIN,,CHC,CHN,CHC,https://www.baseball-reference.com/teams/CHC/2025-schedule-scores.shtml#all_team_schedule
CLE202506010,2025-06-01,0,CLE,LAA,,CLE,CLE,CLE,https://www.baseball-reference.com/teams/CLE/2025-schedule-scores.shtml#all_team_schedule
HOU202506010,2025-06-01,0,HOU,TBR,,HOU,HOU,HOU,https://www.baseball-reference.com/teams/HOU/2025-schedule-scores.shtml#all_team_schedule
KCA202506010,2025-06-01,0,DET,KCR,@,KCR,KCA,DET,https://www.baseball-reference.com/teams/DET/2025-schedule-scores.shtml#all_team_schedule
LAN202506010,2025-06-01,0,LAD,NYY,,LAD,LAN,LAD,https://www.baseball-reference.com/teams/LAD/2025-schedule-scores.shtml#all_team_schedule
MIA202506010,2025-06-01,0,MIA,SFG,,MIA,MIA,MIA,https://www.baseball-reference.com/teams/MIA/2025-schedule-scores.shtml#all_team_schedule
NYN202506010,2025-06-01,0,COL,NYM,@,NYM,NYN,COL,https://www.baseball-reference.com/teams/COL/2025-schedule-scores.shtml#all_team_schedule
PHI202506010,2025-06-01,0,MIL,PHI,@,PHI,PHI,MIL,https://www.baseball-reference.com/teams/MIL/2025-schedule-scores.shtml#all_team_schedule
SDN202506010,2025-06-01,0,PIT,SDP,@,SDP,SDN,PIT,https://www.baseball-reference.com/teams/PIT/2025-schedule-scores.shtml#all_team_schedule
SEA202506010,2025-06-01,0,MIN,SEA,@,SEA,SEA,MIN,https://www.baseball-reference.com/teams/MIN/2025-schedule-scores.shtml#all_team_schedule
TEX202506010,2025-06-01,0,STL,TEX,@,TEX,TEX,STL,https://www.baseball-reference.com/teams/STL/2025-schedule-scores.shtml#all_team_schedule
TOR202506010,2025-06-01,0,ATH,TOR,@,TOR,TOR,ATH,https://www.baseball-reference.com/teams/ATH/2025-schedule-scores.shtml#all_team_schedule
ATH202506020,2025-06-02,0,ATH,MIN,,ATH,ATH,ATH,https://www.baseball-reference.com/teams/ATH/2025-schedule-scores.shtml#all_team_schedule
BOS202506020,2025-06-02,0,BOS,LAA,,BOS,BOS,BOS,https://www.baseball-reference.com/teams/BOS/2025-schedule-scores.shtml#all_team_schedule
CHA202506020,2025-06-02,0,CHW,DET,,CHW,CHA,CHW,https://www.baseball-reference.com/teams/CHW/2025-schedule-scores.shtml#all_team_schedule
CIN202506020,2025-06-02,0,CIN,MIL,,CIN,CIN,CIN,https://www.baseball-reference.com/teams/CIN/2025-schedule-scores.shtml#all_team_schedule
LAN202506020,2025-06-02,0,LAD,NYM,,LAD,LAN,LAD,https://www.baseball-reference.com/teams/LAD/2025-schedule-scores.shtml#all_team_schedule
MIA202506020,2025-06-02,0,COL,MIA,@,MIA,MIA,COL,https://www.baseball-reference.com/teams/COL/2025-schedule-scores.shtml#all_team_schedule
SFN202506020,2025-06-02,0,SDP,SFG,@,SFG,SFN,SDP,https://www.baseball-reference.com/teams/SDP/2025-schedule-scores.shtml#all_team_schedule
ATH202506030,2025-06-03,0,ATH,MIN,,ATH,ATH,ATH,https://www.baseball-reference.com/teams/ATH/2025-schedule-scores.shtml#all_team_schedule
ATL202506030,2025-06-03,0,ARI,ATL,@,ATL,ATL,ARI,https://www.baseball-reference.com/teams/ARI/2025-schedule-scores.shtml#all_team_schedule
BOS202506030,2025-06-03,0,BOS,LAA,,BOS,BOS,BOS,https://www.baseball-reference.com/teams/BOS/2025-schedule-scores.shtml#all_team_schedule
CHA202506030,2025-06-03,0,CHW,DET,,CHW,CHA,CHW,https://www.baseball-reference.com/teams/CHW/2025-schedule-scores.shtml#all_team_schedule
CIN202506030,2025-06-03,0,CIN,MIL,,CIN,CIN,CIN,https://www.baseball-reference.com/teams/CIN/2025-schedule-scores.shtml#all_team_schedule
LAN202506030,2025-06-03,0,LAD,NYM,,LAD,LAN,LAD,https://www.baseball-reference.com/teams/LAD/2025-schedule-scores.shtml#all_team_schedule
MIA202506030,2025-06-03,0,COL,MIA,@,MIA,MIA,COL,https://www.baseball-reference.com/teams/COL/2025-schedule-scores.shtml#all_team_schedule
NYA202506030,2025-06-03,0,CLE,NYY,@,NYY,NYA,CLE,https://www.baseball-reference.com/teams/CLE/2025-schedule-scores.shtml#all_team_schedule
PIT202506030,2025-06-03,0,HOU,PIT,@,PIT,PIT,HOU,https://www.baseball-reference.com/teams/HOU/2025-schedule-scores.shtml#all_team_schedule
SEA202506030,2025-06-03,0,BAL,SEA,@,SEA,SEA,BAL,https://www.baseball-reference.com/teams/BAL/2025-schedule-scores.shtml#all_team_schedule
SFN202506030,2025-06-03,0,SDP,SFG,@,SFG,SFN,SDP,https://www.baseball-reference.com/teams/SDP/2025-schedule-scores.shtml#all_team_schedule
SLN202506030,2025-06-03,0,KCR,STL,@,STL,SLN,KCR,https://www.baseball-reference.com/teams/KCR/2025-schedule-scores.shtml#all_team_schedule
TBA202506030,2025-06-03,0,TBR,TEX,,TBR,TBA,TBR,https://www.baseball-reference.com/teams/TBR/2025-schedule-scores.shtml#all_team_schedule
TOR202506030,2025-06-03,0,PHI,TOR,@,TOR,TOR,PHI,https://www.baseball-reference.com/teams/PHI/2025-schedule-scores.shtml#all_team_schedule
WAS202506030,2025-06-03,0,CHC,WSN,@,WSN,WAS,CHC,https://www.baseball-reference.com/teams/CHC/2025-schedule-scores.shtml#all_team_schedule
ATH202506040,2025-06-04,0,ATH,MIN,,ATH,ATH,ATH,https://www.baseball-reference.com/teams/ATH/2025-schedule-scores.shtml#all_team_schedule
ATL202506040,2025-06-04,0,ARI,ATL,@,ATL,ATL,ARI,https://www.baseball-reference.com/teams/ARI/2025-schedule-scores.shtml#all_team_schedule
BOS202506040,2025-06-04,0,BOS,LAA,,BOS,BOS,BOS,https://www.baseball-reference.com/teams/BOS/2025-schedule-scores.shtml#all_team_schedule
CHA202506040,2025-06-04,0,CHW,DET,,CHW,CHA,CHW,https://www.baseball-reference.com/teams/CHW/2025-schedule-scores.shtml#all_team_schedule
CIN202506040,2025-06-04,0,CIN,MIL,,CIN,CIN,CIN,https://www.baseball-reference.com/teams/CIN/2025-schedule-scores.shtml#all_team_schedule
LAN202506040,2025-06-04,0,LAD,NYM,,LAD,LAN,LAD,https://www.baseball-reference.com/teams/LAD/2025-schedule-scores.shtml#all_team_schedule
MIA202506040,2025-06-04,0,COL,MIA,@,MIA,MIA,COL,https://www.baseball-reference.com/teams/COL/2025-schedule-scores.shtml#all_team_schedule
NYA202506040,2025-06-04,0,CLE,NYY,@,NYY,NYA,CLE,https://www.baseball-reference.com/teams/CLE/2025-schedule-scores.shtml#all_team_schedule
PIT202506040,2025-06-04,0,HOU,PIT,@,PIT,PIT,HOU,https://www.baseball-reference.com/teams/HOU/2025-schedule-scores.shtml#all_team_schedule
SEA202506040,2025-06-04,0,BAL,SEA,@,SEA,SEA,BAL,https://www.baseball-reference.com/teams/BAL/2025-schedule-scores.shtml#all_team_schedule
SFN202506040,2025-06-04,0,SDP,SFG,@,SFG,SFN,SDP,https://www.baseball-reference.com/teams/SDP/2025-schedule-scores.shtml#all_team_schedule
TBA202506040,2025-06-04,0,TBR,TEX,,TBR,TBA,TBR,https://www.baseball-reference.com/teams/TBR/2025-schedule-scores.shtml#all_team_schedule
TOR202506040,2025-06-04,0,PHI,TOR,@,TOR,TOR,PHI,https://www.baseball-reference.com/teams/PHI/2025-schedule-scores.shtml#all_team_schedule
WAS202506040,2025-06-04,0,CHC,WSN,@,WSN,WAS,CHC,https://www.baseball-reference.com/teams/CHC/2025-schedule-scores.shtml#all_team_schedule
ATH202506050,2025-06-05,0,ATH,MIN,,ATH,ATH,ATH,https://www.baseball-reference.com/teams/ATH/2025-schedule-scores.shtml#all_team_schedule
ATL202506050,2025-06-05,0,ARI,ATL,@,ATL,ATL,ARI,https://www.baseball-reference.com/teams/ARI/2025-schedule-scores.shtml#all_team_schedule
CHA202506050,2025-06-05,0,CHW,DET,,CHW,CHA,CHW,https://www.baseball-reference.com/teams/CHW/2025-schedule-scores.shtml#all_team_schedule
LAN202506050,2025-06-05,0,LAD,NYM,,LAD,LAN,LAD,https://www.baseball-reference.com/teams/LAD/2025-schedule-scores.shtml#all_team_schedule
NYA202506050,2025-06-05,0,CLE,NYY,@,NYY,NYA,CLE,https://www.baseball-reference.com/teams/CLE/2025-schedule-scores.shtml#all_team_schedule
PIT202506050,2025-06-05,0,HOU,PIT,@,PIT,PIT,HOU,https://www.baseball-reference.com/teams/HOU/2025-schedule-scores.shtml#all_team_schedule
SEA202506050,2025-06-05,0,BAL,SEA,@,SEA,SEA,BAL,https://www.baseball-reference.com/teams/BAL/2025-schedule-scores.shtml#all_team_schedule
SFN202506050,2025-06-05,0,SDP,SFG,@,SFG,SFN,SDP,https://www.baseball-reference.com/teams/SDP/2025-schedule-scores.shtml#all_team_schedule
SLN202506051,2025-06-05,1,KCR,STL,@,STL,SLN,KCR,https://www.baseball-reference.com/teams/KCR/2025-schedule-scores.shtml#all_team_schedule
SLN202506052,2025-06-05,2,KCR,STL,@,STL,SLN,KCR,https://www.baseball-reference.com/teams/KCR/2025-schedule-scores.shtml#all_team_schedule
TBA202506050,2025-06-05,0,TBR,TEX,,TBR,TBA,TBR,https://www.baseball-reference.com/teams/TBR/2025-schedule-scores.shtml#all_team_schedule
TOR202506050,2025-06-05,0,PHI,TOR,@,TOR,TOR,PHI,https://www.baseball-reference.com/teams/PHI/2025-schedule-scores.shtml#all_team_schedule
WAS202506050,2025-06-05,0,CHC,WSN,@,WSN,WAS,CHC,https://www.baseball-reference.com/teams/CHC/2025-schedule-scores.shtml#all_team_schedule
ANA202506060,2025-06-06,0,LAA,SEA,,LAA,ANA,LAA,https://www.baseball-reference.com/teams/LAA/2025-schedule-scores.shtml#all_team_schedule
ATH202506060,2025-06-06,0,ATH,BAL,,ATH,ATH,ATH,https://www.baseball-reference.com/teams/ATH/2025-schedule-scores.shtml#all_team_schedule
CHA202506060,2025-06-06,0,CHW,KCR,,CHW,CHA,CHW,https://www.baseball-reference.com/teams/CHW/2025-schedule-scores.shtml#all_team_schedule
CIN202506060,2025-06-06,0,ARI,CIN,@,CIN,CIN,ARI,https://www.baseball-reference.com/teams/ARI/2025-schedule-scores.shtml#all_team_schedule
CLE202506060,2025-06-06,0,CLE,HOU,,CLE,CLE,CLE,https://www.baseball-reference.com/teams/CLE/2025-schedule-scores.shtml#all_team_schedule
COL202506060,2025-06-06,0,COL,NYM,,COL,COL,COL,https://www.baseball-reference.com/teams/COL/2025-schedule-scores.shtml#all_team_schedule
DET202506060,2025-06-06,0,CHC,DET,@,DET,DET,CHC,https://www.baseball-reference.com/teams/CHC/2025-schedule-scores.shtml#all_team_schedule
MIL202506060,2025-06-06,0,MIL,SDP,,MIL,MIL,MIL,https://www.baseball-reference.com/teams/MIL/2025-schedule-scores.shtml#all_team_schedule
MIN202506060,2025-06-06,0,MIN,TOR,,MIN,MIN,MIN,https://www.baseball-reference.com/teams/MIN/2025-schedule-scores.shtml#all_team_schedule
NYA202506060,2025-06-06,0,BOS,NYY,@,NYY,NYA,BOS,https://www.baseball-reference.com/teams/BOS/2025-schedule-scores.shtml#all_team_schedule
PIT202506060,2025-06-06,0,PHI,PIT,@,PIT,PIT,PHI,https://www.baseball-reference.com/teams/PHI/2025-schedule-scores.shtml#all_team_schedule
SFN202506060,2025-06-06,0,ATL,SFG,@,SFG,SFN,ATL,https://www.baseball-reference.com/teams/ATL/2025-schedule-scores.shtml#all_team_schedule
SLN202506060,2025-06-06,0,LAD,STL,@,STL,SLN,LAD,https://www.baseball-reference.com/teams/LAD/2025-schedule-scores.shtml#all_team_schedule
TBA202506060,2025-06-06,0,MIA,TBR,@,TBR,TBA,MIA,https://www.baseball-reference.com/teams/MIA/2025-schedule-scores.shtml#all_team_schedule
WAS202506060,2025-06-06,0,TEX,WSN,@,WSN,WAS,TEX,https://www.baseball-reference.com/teams/TEX/2025-schedule-scores.shtml#all_team_schedule
ANA202506070,2025-06-07,0,LAA,SEA,,LAA,ANA,LAA,https://www.baseball-reference.com/teams/LAA/2025-schedule-scores.shtml#all_team_schedule
ATH202506070,2025-06-07,0,ATH,BAL,,ATH,ATH,ATH,https://www.baseball-reference.com/teams/ATH/2025-schedule-scores.shtml#all_team_schedule
CHA202506070,2025-06-07,0,CHW,KCR,,CHW,CHA,CHW,https://www.baseball-reference.com/teams/CHW/2025-schedule-scores.shtml#all_team_schedule
CIN202506070,2025-06-07,0,ARI,CIN,@,CIN,CIN,ARI,https://www.baseball-reference.com/teams/ARI/2025-schedule-scores.shtml#all_team_schedule
CLE202506070,2025-06-07,0,CLE,HOU,,CLE,CLE,CLE,https://www.baseball-reference.com/teams/CLE/2025-schedule-scores.shtml#all_team_schedule
COL202506070,2025-06-07,0,COL,NYM,,COL,COL,COL,https://www.baseball-reference.com/teams/COL/2025-schedule-scores.shtml#all_team_schedule
DET202506070,2025-06-07,0,CHC,DET,@,DET,DET,CHC,https://www.baseball-reference.com/teams/CHC/2025-schedule-scores.shtml#all_team_schedule
MIL202506070,2025-06-07,0,MIL,SDP,,MIL,MIL,MIL,https://www.baseball-reference.com/teams/MIL/2025-schedule-scores.shtml#all_team_schedule
MIN202506070,2025-06-07,0,MIN,TOR,,MIN,MIN,MIN,https://www.baseball-reference.com/teams/MIN/2025-schedule-scores.shtml#all_team_schedule
NYA202506070,2025-06-07,0,BOS,NYY,@,NYY,NYA,BOS,https://www.baseball-reference.com/teams/BOS/2025-schedule-scores.shtml#all_team_schedule
PIT202506070,2025-06-07,0,PHI,PIT,@,PIT,PIT,PHI,https://www.baseball-reference.com/teams/PHI/2025-schedule-scores.shtml#all_team_schedule
SFN202506070,2025-06-07,0,ATL,SFG,@,SFG,SFN,ATL,https://www.baseball-reference.com/teams/ATL/2025-schedule-scores.shtml#all_team_schedule
SLN202506070,2025-06-07,0,LAD,STL,@,STL,SLN,LAD,https://www.baseball-reference.com/teams/LAD/2025-schedule-scores.shtml#all_team_schedule
TBA202506070,2025-06-07,0,MIA,TBR,@,TBR,TBA,MIA,https://www.baseball-reference.com/teams/MIA/2025-schedule-scores.shtml#all_team_schedule
WAS202506070,2025-06-07,0,TEX,WSN,@,WSN,WAS,TEX,https://www.baseball-reference.com/teams/TEX/2025-schedule-scores.shtml#all_team_schedule
ANA202506080,2025-06-08,0,LAA,SEA,,LAA,ANA,LAA,https://www.baseball-reference.com/teams/LAA/2025-schedule-scores.shtml#all_team_schedule
ATH202506080,2025-06-08,0,ATH,BAL,,ATH,ATH,ATH,https://www.baseball-reference.com/teams/ATH/2025-schedule-scores.shtml#all_team_schedule
CHA202506080,2025-06-08,0,CHW,KCR,,CHW,CHA,CHW,https://www.baseball-reference.com/teams/CHW/2025-schedule-scores.shtml#all_team_schedule
CIN202506080,2025-06-08,0,ARI,CIN,@,CIN,CIN,ARI,https://www.baseball-reference.com/teams/ARI/2025-schedule-scores.shtml#all_team_schedule
CLE202506080,2025-06-08,0,CLE,HOU,,CLE,CLE,CLE,https://www.baseball-reference.com/teams/CLE/2025-schedule-scores.shtml#all_team_schedule
COL202506080,2025-06-08,0,COL,NYM,,COL,COL,COL,https://www.baseball-reference.com/teams/COL/2025-schedule-scores.shtml#all_team_schedule
DET202506080,2025-06-08,0,CHC,DET,@,DET,DET,CHC,https://www.baseball-reference.com/teams/CHC/2025-schedule-scores.shtml#all_team_schedule
MIL202506080,2025-06-08,0,MIL,SDP,,MIL,MIL,MIL,https://www.baseball-reference.com/teams/MIL/2025-schedule-scores.shtml#all_team_schedule
MIN202506080,2025-06-08,0,MIN,TOR,,MIN,MIN,MIN,https://www.baseball-reference.com/teams/MIN/2025-schedule-scores.shtml#all_team_schedule
NYA202506080,2025-06-08,0,BOS,NYY,@,NYY,NYA,BOS,https://www.baseball-reference.com/teams/BOS/2025-schedule-scores.shtml#all_team_schedule
PIT202506080,2025-06-08,0,PHI,PIT,@,PIT,PIT,PHI,https://www.baseball-reference.com/teams/PHI/2025-schedule-scores.shtml#all_team_schedule
SFN202506080,2025-06-08,0,ATL,SFG,@,SFG,SFN,ATL,https://www.baseball-reference.com/teams/ATL/2025-schedule-scores.shtml#all_team_schedule
SLN202506080,2025-06-08,0,LAD,STL,@,STL,SLN,LAD,https://www.baseball-reference.com/teams/LAD/2025-schedule-scores.shtml#all_team_schedule
TBA202506080,2025-06-08,0,MIA,TBR,@,TBR,TBA,MIA,https://www.baseball-reference.com/teams/MIA/2025-schedule-scores.shtml#all_team_schedule
WAS202506080,2025-06-08,0,TEX,WSN,@,WSN,WAS,TEX,https://www.baseball-reference.com/teams/TEX/2025-schedule-scores.shtml#all_team_schedule
ANA202506090,2025-06-09,0,ATH,LAA,@,LAA,ANA,ATH,https://www.baseball-reference.com/teams/ATH/2025-schedule-scores.shtml#all_team_schedule
ARI202506090,2025-06-09,0,ARI,SEA,,ARI,ARI,ARI,https://www.baseball-reference.com/teams/ARI/2025-schedule-scores.shtml#all_team_schedule
BOS202506090,2025-06-09,0,BOS,TBR,,BOS,BOS,BOS,https://www.baseball-reference.com/teams/BOS/2025-schedule-scores.shtml#all_team_schedule
CLE202506090,2025-06-09,0,CIN,CLE,@,CLE,CLE,CIN,https://www.baseball-reference.com/teams/CIN/2025-schedule-scores.shtml#all_team_schedule
MIL202506090,2025-06-09,0,ATL,MIL,@,MIL,MIL,ATL,https://www.baseball-reference.com/teams/ATL/2025-schedule-scores.shtml#all_team_schedule
PHI202506090,2025-06-09,0,CHC,PHI,@,PHI,PHI,CHC,https://www.baseball-reference.com/teams/CHC/2025-schedule-scores.shtml#all_team_schedule
PIT202506090,2025-06-09,0,MIA,PIT,@,PIT,PIT,MIA,https://www.baseball-reference.com/teams/MIA/2025-schedule-scores.shtml#all_team_schedule
SDN202506090,2025-06-09,0,LAD,SDP,@,SDP,SDN,LAD,https://www.baseball-reference.com/teams/LAD/2025-schedule-scores.shtml#all_team_schedule
SLN202506090,2025-06-09,0,STL,TOR,,STL,SLN,STL,https://www.baseball-reference.com/teams/STL/2025-schedule-scores.shtml#all_team_schedule
ANA202506100,2025-06-10,0,ATH,LAA,@,LAA,ANA,ATH,https://www.baseball-reference.com/teams/ATH/2025-schedule-scores.shtml#all_team_schedule
ARI202506100,2025-06-10,0,ARI,SEA,,ARI,ARI,ARI,https://www.baseball-reference.com/teams/ARI/2025-schedule-scores.shtml#all_team_schedule
BAL202506100,2025-06-10,0,BAL,DET,,BAL,BAL,BAL,https://www.baseball-reference.com/teams/BAL/2025-schedule-scores.shtml#all_team_schedule
BOS202506100,2025-06-10,0,BOS,TBR,,BOS,BOS,BOS,https://www.baseball-reference.com/teams/BOS/2025-schedule-scores.shtml#all_team_schedule
CLE202506100,2025-06-10,0,CIN,CLE,@,CLE,CLE,CIN,https://www.baseball-reference.com/teams/CIN/2025-schedule-scores.shtml#all_team_schedule
COL202506100,2025-06-10,0,COL,SFG,,COL,COL,COL,https://www.baseball-reference.com/teams/COL/2025-schedule-scores.shtml#all_team_schedule
HOU202506100,2025-06-10,0,CHW,HOU,@,HOU,HOU,CHW,https://www.baseball-reference.com/teams/CHW/2025-schedule-scores.shtml#all_team_schedule
KCA202506100,2025-06-10,0,KCR,NYY,,KCR,KCA,KCR,https://www.baseball-reference.com/teams/KCR/2025-schedule-scores.shtml#all_team_schedule
MIL202506100,2025-06-10,0,ATL,MIL,@,MIL,MIL,ATL,https://www.baseball-reference.com/teams/ATL/2025-schedule-scores.shtml#all_team_schedule
MIN202506100,2025-06-10,0,MIN,TEX,,MIN,MIN,MIN,https://www.baseball-reference.com/teams/MIN/2025-schedule-scores.shtml#all_team_schedule
NYN202506100,2025-06-10,0,NYM,WSN,,NYM,NYN,NYM,https://www.baseball-reference.com/teams/NYM/2025-schedule-scores.shtml#all_team_schedule
PHI202506100,2025-06-10,0,CHC,PHI,@,PHI,PHI,CHC,https://www.baseball-reference.com/teams/CHC/2025-schedule-scores.shtml#all_team_schedule
PIT202506100,2025-06-10,0,MIA,PIT,@,PIT,PIT,MIA,https://www.baseball-reference.com/teams/MIA/2025-schedule-scores.shtml#all_team_schedule
SDN202506100,2025-06-10,0,LAD,SDP,@,SDP,SDN,LAD,https://www.baseball-reference.com/teams/LAD/2025-schedule-scores.shtml#all_team_schedule
SLN202506100,2025-06-10,0,STL,TOR,,STL,SLN,STL,https://www.baseball-reference.com/teams/STL/2025-schedule-scores.shtml#all_team_schedule
ANA202506110,2025-06-11,0,ATH,LAA,@,LAA,ANA,ATH,https://www.baseball-reference.com/teams/ATH/2025-schedule-scores.shtml#all_team_schedule
ARI202506110,2025-06-11,0,ARI,SEA,,ARI,ARI,ARI,https://www.baseball-reference.com/teams/ARI/2025-schedule-scores.shtml#all_team_schedule
BAL202506110,2025-06-11,0,BAL,DET,,BAL,BAL,BAL,https://www.baseball-reference.com/teams/BAL/2025-schedule-scores.shtml#all_team_schedule
BOS202506110,2025-06-11,0,BOS,TBR,,BOS,BOS,BOS,https://www.baseball-reference.com/teams/BOS/2025-schedule-scores.shtml#all_team_schedule
CLE202506110,2025-06-11,0,CIN,CLE,@,CLE,CLE,CIN,https://www.baseball-reference.com/teams/CIN/2025-schedule-scores.shtml#all_team_schedule
COL202506110,2025-06-11,0,COL,SFG,,COL,COL,COL,https://www.baseball-reference.com/teams/COL/2025-schedule-scores.shtml#all_team_schedule
HOU202506110,2025-06-11,0,CHW,HOU,@,HOU,HOU,CHW,https://www.baseball-reference.com/teams/CHW/2025-schedule-scores.shtml#all_team_schedule
KCA202506110,2025-06-11,0,KCR,NYY,,KCR,KCA,KCR,https://www.baseball-reference.com/teams/KCR/2025-schedule-scores.shtml#all_team_schedule
MIL202506110,2025-06-11,0,ATL,MIL,@,MIL,MIL,ATL,https://www.baseball-reference.com/teams/ATL/2025-schedule-scores.shtml#all_team_schedule
MIN202506110,2025-06-11,0,MIN,TEX,,MIN,MIN,MIN,https://www.baseball-reference.com/teams/MIN/2025-schedule-scores.shtml#all_team_schedule
NYN202506110,2025-06-11,0,NYM,WSN,,NYM,NYN,NYM,https://www.baseball-reference.com/teams/NYM/2025-schedule-scores.shtml#all_team_schedule
PHI202506110,2025-06-11,0,CHC,PHI,@,PHI,PHI,CHC,https://www.baseball-reference.com/teams/CHC/2025-schedule-scores.shtml#all_team_schedule
PIT202506110,2025-06-11,0,MIA,PIT,@,PIT,PIT,MIA,https://www.baseball-reference.com/teams/MIA/2025-schedule-scores.shtml#all_team_schedule
SDN202506110,2025-06-11,0,LAD,SDP,@,SDP,SDN,LAD,https://www.baseball-reference.com/teams/LAD/2025-schedule-scores.shtml#all_team_schedule
SLN202506110,2025-06-11,0,STL,TOR,,STL,SLN,STL,https://www.baseball-reference.com/teams/STL/2025-schedule-scores.shtml#all_team_schedule
BAL202506120,2025-06-12,0,BAL,DET,,BAL,BAL,BAL,https://www.baseball-reference.com/teams/BAL/2025-schedule-scores.shtml#all_team_schedule
CHN202506120,2025-06-12,0,CHC,PIT,,CHC,CHN,CHC,https://www.baseball-reference.com/teams/CHC/2025-schedule-scores.shtml#all_team_schedule
COL202506120,2025-06-12,0,COL,SFG,,COL,COL,COL,https://www.baseball-reference.com/teams/COL/2025-schedule-scores.shtml#all_team_schedule
HOU202506120,2025-06-12,0,CHW,HOU,@,HOU,HOU,CHW,https://www.baseball-reference.com/teams/CHW/2025-schedule-scores.shtml#all_team_schedule
KCA202506120,2025-06-12,0,KCR,NYY,,KCR,KCA,KCR,https://www.baseball-reference.com/teams/KCR/2025-schedule-scores.shtml#all_team_schedule
MIL202506120,2025-06-12,0,MIL,STL,,MIL,MIL,MIL,https://www.baseball-reference.com/teams/MIL/2025-schedule-scores.shtml#all_team_schedule
MIN202506120,2025-06-12,0,MIN,TEX,,MIN,MIN,MIN,https://www.baseball-reference.com/teams/MIN/2025-schedule-scores.shtml#all_team_schedule
NYN202506120,2025-06-12,0,NYM,WSN,,NYM,NYN,NYM,https://www.baseball-reference.com/teams/NYM/2025-schedule-scores.shtml#all_team_schedule
ARI202506130,2025-06-13,0,ARI,SDP,,ARI,ARI,ARI,https://www.baseball-reference.com/teams/ARI/2025-schedule-scores.shtml#all_team_schedule
ATL202506130,2025-06-13,0,ATL,COL,,ATL,ATL,ATL,https://www.baseball-reference.com/teams/ATL/2025-schedule-scores.shtml#all_team_schedule
BAL202506130,2025-06-13,0,BAL,LAA,,BAL,BAL,BAL,https://www.baseball-reference.com/teams/BAL/2025-schedule-scores.shtml#all_team_schedule
BOS202506130,2025-06-13,0,BOS,NYY,,BOS,BOS,BOS,https://www.baseball-reference.com/teams/BOS/2025-schedule-scores.shtml#all_team_schedule
CHN202506130,2025-06-13,0,CHC,PIT,,CHC,CHN,CHC,https://www.baseball-reference.com/teams/CHC/2025-schedule-scores.shtml#all_team_schedule
DET202506130,2025-06-13,0,CIN,DET,@,DET,DET,CIN,https://www.baseball-reference.com/teams/CIN/2025-schedule-scores.shtml#all_team_schedule
HOU202506130,2025-06-13,0,HOU,MIN,,HOU,HOU,HOU,https://www.baseball-reference.com/teams/HOU/2025-schedule-scores.shtml#all_team_schedule
KCA202506130,2025-06-13,0,ATH,KCR,@,KCR,KCA,ATH,https://www.baseball-reference.com/teams/ATH/2025-schedule-scores.shtml#all_team_schedule
LAN202506130,2025-06-13,0,LAD,SFG,,LAD,LAN,LAD,https://www.baseball-reference.com/teams/LAD/2025-schedule-scores.shtml#all_team_schedule
MIL202506130,2025-06-13,0,MIL,STL,,MIL,MIL,MIL,https://www.baseball-reference.com/teams/MIL/2025-schedule-scores.shtml#all_team_schedule
NYN202506130,2025-06-13,0,NYM,TBR,,NYM,NYN,NYM,https://www.baseball-reference.com/teams/NYM/2025-schedule-scores.shtml#all_team_schedule
PHI202506130,2025-06-13,0,PHI,TOR,,PHI,PHI,PHI,https://www.baseball-reference.com/teams/PHI/2025-schedule-scores.shtml#all_team_schedule
SEA202506130,2025-06-13,0,CLE,SEA,@,SEA,SEA,CLE,https://www.baseball-reference.com/teams/CLE/2025-schedule-scores.shtml#all_team_schedule
TEX202506130,2025-06-13,0,CHW,TEX,@,TEX,TEX,CHW,https://www.baseball-reference.com/teams/CHW/2025-schedule-scores.shtml#all_team_schedule
WAS202506130,2025-06-13,0,MIA,WSN,@,WSN,WAS,MIA,https://www.baseball-reference.com/teams/MIA/2025-schedule-scores.shtml#all_team_schedule
ARI202506140,2025-06-14,0,ARI,SDP,,ARI,ARI,ARI,https://www.baseball-reference.com/teams/ARI/2025-schedule-scores.shtml#all_team_schedule
ATL202506140,2025-06-14,0,ATL,COL,,ATL,ATL,ATL,https://www.baseball-reference.com/teams/ATL/2025-schedule-scores.shtml#all_team_schedule
BAL202506140,2025-06-14,0,BAL,LAA,,BAL,BAL,BAL,https://www.baseball-reference.com/teams/BAL/2025-schedule-scores.shtml#all_team_schedule
BOS202506140,2025-06-14,0,BOS,NYY,,BOS,BOS,BOS,https://www.baseball-reference.com/teams/BOS/2025-schedule-scores.shtml#all_team_schedule
CHN202506140,2025-06-14,0,CHC,PIT,,CHC,CHN,CHC,https://www.baseball-reference.com/teams/CHC/2025-schedule-scores.shtml#all_team_schedule
DET202506140,2025-06-14,0,CIN,DET,@,DET,DET,CIN,https://www.baseball-reference.com/teams/CIN/2025-schedule-scores.shtml#all_team_schedule
HOU202506140,2025-06-14,0,HOU,MIN,,HOU,HOU,HOU,https://www.baseball-reference.com/teams/HOU/2025-schedule-scores.shtml#all_team_schedule
KCA202506140,2025-06-14,0,ATH,KCR,@,KCR,KCA,ATH,https://www.baseball-reference.com/teams/ATH/2025-schedule-scores.shtml#all_team_schedule
LAN202506140,2025-06-14,0,LAD,SFG,,LAD,LAN,LAD,https://www.baseball-reference.com/teams/LAD/2025-schedule-scores.shtml#all_team_schedule
MIL202506140,2025-06-14,0,MIL,STL,,MIL,MIL,MIL,https://www.baseball-reference.com/teams/MIL/2025-schedule-scores.shtml#all_team_schedule
NYN202506140,2025-06-14,0,NYM,TBR,,NYM,NYN,NYM,https://www.baseball-reference.com/teams/NYM/2025-schedule-scores.shtml#all_team_schedule
PHI202506140,2025-06-14,0,PHI,TOR,,PHI,PHI,PHI,https://www.baseball-reference.com/teams/PHI/2025-schedule-scores.shtml#all_team_schedule
SEA202506140,2025-06-14,0,CLE,SEA,@,SEA,SEA,CLE,https://www.baseball-reference.com/teams/CLE/2025-schedule-scores.shtml#all_team_schedule
TEX202506140,2025-06-14,0,CHW,TEX,@,TEX,TEX,CHW,https://www.baseball-reference.com/teams/CHW/2025-schedule-scores.shtml#all_team_schedule
WAS202506140,2025-06-14,0,MIA,WSN,@,WSN,WAS,MIA,https://www.baseball-reference.com/teams/MIA/2025-schedule-scores.shtml#all_team_schedule
ARI202506150,2025-06-15,0,ARI,SDP,,ARI,ARI,ARI,https://www.baseball-reference.com/teams/ARI/2025-schedule-scores.shtml#all_team_schedule
ATL202506150,2025-06-15,0,ATL,COL,,ATL,ATL,ATL,https://www.baseball-reference.com/teams/ATL/2025-schedule-scores.shtml#all_team_schedule
BAL202506150,2025-06-15,0,BAL,LAA,,BAL,BAL,BAL,https://www.baseball-reference.com/teams/BAL/2025-schedule-scores.shtml#all_team_schedule
BOS202506150,2025-06-15,0,BOS,NYY,,BOS,BOS,BOS,https://www.baseball-reference.com/teams/BOS/2025-schedule-scores.shtml#all_team_schedule
CHN202506150,2025-06-15,0,CHC,PIT,,CHC,CHN,CHC,https://www.baseball-reference.com/teams/CHC/2025-schedule-scores.shtml#all_team_schedule
DET202506150,2025-06-15,0,CIN,DET,@,DET,DET,CIN,https://www.baseball-reference.com/teams/CIN/2025-schedule-scores.shtml#all_team_schedule
HOU202506150,2025-06-15,0,HOU,MIN,,HOU,HOU,HOU,https://www.baseball-reference.com/teams/HOU/2025-schedule-scores.shtml#all_team_schedule
KCA202506150,2025-06-15,0,ATH,KCR,@,KCR,KCA,ATH,https://www.baseball-reference.com/teams/ATH/2025-schedule-scores.shtml#all_team_schedule
LAN202506150,2025-06-15,0,LAD,SFG,,LAD,LAN,LAD,https://www.baseball-reference.com/teams/LAD/2025-schedule-scores.shtml#all_team_schedule
MIL202506150,2025-06-15,0,MIL,STL,,MIL,MIL,MIL,https://www.baseball-reference.com/teams/MIL/2025-schedule-scores.shtml#all_team_schedule
NYN202506150,2025-06-15,0,NYM,TBR,,NYM,NYN,NYM,https://www.baseball-reference.com/teams/NYM/2025-schedule-scores.shtml#all_team_schedule
PHI202506150,2025-06-15,0,PHI,TOR,,PHI,PHI,PHI,https://www.baseball-reference.com/teams/PHI/2025-schedule-scores.shtml#all_team_schedule
SEA202506150,2025-06-15,0,CLE,SEA,@,SEA,SEA,CLE,https://www.baseball-reference.com/teams/CLE/2025-schedule-scores.shtml#all_team_schedule
TEX202506150,2025-06-15,0,CHW,TEX,@,TEX,TEX,CHW,https://www.baseball-reference.com/teams/CHW/2025-schedule-scores.shtml#all_team_schedule
WAS202506150,2025-06-15,0,MIA,WSN,@,WSN,WAS,MIA,https://www.baseball-reference.com/teams/MIA/2025-schedule-scores.shtml#all_team_schedule
ATH202506160,2025-06-16,0,ATH,HOU,,ATH,ATH,ATH,https://www.baseball-reference.com/teams/ATH/2025-schedule-scores.shtml#all_team_schedule
LAN202506160,2025-06-16,0,LAD,SDP,,LAD,LAN,LAD,https://www.baseball-reference.com/teams/LAD/2025-schedule-scores.shtml#all_team_schedule
MIA202506160,2025-06-16,0,MIA,PHI,,MIA,MIA,MIA,https://www.baseball-reference.com/teams/MIA/2025-schedule-scores.shtml#all_team_schedule
NYA202506160,2025-06-16,0,LAA,NYY,@,NYY,NYA,LAA,https://www.baseball-reference.com/teams/LAA/2025-schedule-scores.shtml#all_team_schedule
SEA202506160,2025-06-16,0,BOS,SEA,@,SEA,SEA,BOS,https://www.baseball-reference.com/teams/BOS/2025-schedule-scores.shtml#all_team_schedule
TBA202506160,2025-06-16,0,BAL,TBR,@,TBR,TBA,BAL,https://www.baseball-reference.com/teams/BAL/2025-schedule-scores.shtml#all_team_schedule
WAS202506160,2025-06-16,0,COL,WSN,@,WSN,WAS,COL,https://www.baseball-reference.com/teams/COL/2025-schedule-scores.shtml#all_team_schedule
ATH202506170,2025-06-17,0,ATH,HOU,,ATH,ATH,ATH,https://www.baseball-reference.com/teams/ATH/2025-schedule-scores.shtml#all_team_schedule
ATL202506170,2025-06-17,0,ATL,NYM,,ATL,ATL,ATL,https://www.baseball-reference.com/teams/ATL/2025-schedule-scores.shtml#all_team_schedule
CHA202506170,2025-06-17,0,CHW,STL,,CHW,CHA,CHW,https://www.baseball-reference.com/teams/CHW/2025-schedule-scores.shtml#all_team_schedule
CHN202506170,2025-06-17,0,CHC,MIL,,CHC,CHN,CHC,https://www.baseball-reference.com/teams/CHC/2025-schedule-scores.shtml#all_team_schedule
CIN202506170,2025-06-17,0,CIN,MIN,,CIN,CIN,CIN,https://www.baseball-reference.com/teams/CIN/2025-schedule-scores.shtml#all_team_schedule
DET202506170,2025-06-17,0,DET,PIT,,DET,DET,DET,https://www.baseball-reference.com/teams/DET/2025-schedule-scores.shtml#all_team_schedule
LAN202506170,2025-06-17,0,LAD,SDP,,LAD,LAN,LAD,https://www.baseball-reference.com/teams/LAD/2025-schedule-scores.shtml#all_team_schedule
MIA202506170,2025-06-17,0,MIA,PHI,,MIA,MIA,MIA,https://www.baseball-reference.com/teams/MIA/2025-schedule-scores.shtml#all_team_schedule
NYA202506170,2025-06-17,0,LAA,NYY,@,NYY,NYA,LAA,https://www.baseball-reference.com/teams/LAA/2025-schedule-scores.shtml#all_team_schedule
SEA202506170,2025-06-17,0,BOS,SEA,@,SEA,SEA,BOS,https://www.baseball-reference.com/teams/BOS/2025-schedule-scores.shtml#all_team_schedule
SFN202506170,2025-06-17,0,CLE,SFG,@,SFG,SFN,CLE,https://www.baseball-reference.com/teams/CLE/2025-schedule-scores.shtml#all_team_schedule
TBA202506170,2025-06-17,0,BAL,TBR,@,TBR,TBA,BAL,https://www.baseball-reference.com/teams/BAL/2025-schedule-scores.shtml#all_team_schedule
TEX202506170,2025-06-17,0,KCR,TEX,@,TEX,TEX,KCR,https://www.baseball-reference.com/teams/KCR/2025-schedule-scores.shtml#all_team_schedule
TOR202506170,2025-06-17,0,ARI,TOR,@,TOR,TOR,ARI,https://www.baseball-reference.com/teams/ARI/2025-schedule-scores.shtml#all_team_schedule
WAS202506170,2025-06-17,0,COL,WSN,@,WSN,WAS,COL,https://www.baseball-reference.com/teams/COL/2025-schedule-scores.shtml#all_team_schedule
ATH202506180,2025-06-18,0,ATH,HOU,,ATH,ATH,ATH,https://www.baseball-reference.com/teams/ATH/2025-schedule-scores.shtml#all_team_schedule
ATL202506180,2025-06-18,0,ATL,NYM,,ATL,ATL,ATL,https://www.baseball-reference.com/teams/ATL/2025-schedule-scores.shtml#all_team_schedule
CIN202506180,2025-06-18,0,CIN,MIN,,CIN,CIN,CIN,https://www.baseball-reference.com/teams/CIN/2025-schedule-scores.shtml#all_team_schedule
LAN202506180,2025-06-18,0,LAD,SDP,,LAD,LAN,LAD,https://www.baseball-reference.com/teams/LAD/2025-schedule-scores.shtml#all_team_schedule
MIA202506180,2025-06-18,0,MIA,PHI,,MIA,MIA,MIA,https://www.baseball-reference.com/teams/MIA/2025-schedule-scores.shtml#all_team_schedule
NYA202506180,2025-06-18,0,LAA,NYY,@,NYY,NYA,LAA,https://www.baseball-reference.com/teams/LAA/2025-schedule-scores.shtml#all_team_schedule
SEA202506180,2025-06-18,0,BOS,SEA,@,SEA,SEA,BOS,https://www.baseball-reference.com/teams/BOS/2025-schedule-scores.shtml#all_team_schedule
SFN202506180,2025-06-18,0,CLE,SFG,@,SFG,SFN,CLE,https://www.baseball-reference.com/teams/CLE/2025-schedule-scores.shtml#all_team_schedule
TBA202506180,2025-06-18,0,BAL,TBR,@,TBR,TBA,BAL,https://www.baseball-reference.com/teams/BAL/2025-schedule-scores.shtml#all_team_schedule
TEX202506180,2025-06-18,0,KCR,TEX,@,TEX,TEX,KCR,https://www.baseball-reference.com/teams/KCR/2025-schedule-scores.shtml#all_team_schedule
TOR202506180,2025-06-18,0,ARI,TOR,@,TOR,TOR,ARI,https://www.baseball-reference.com/teams/ARI/2025-schedule-scores.shtml#all_team_schedule
WAS202506180,2025-06-18,0,COL,WSN,@,WSN,WAS,COL,https://www.baseball-reference.com/teams/COL/2025-schedule-scores.shtml#all_team_schedule
ATH202506190,2025-06-19,0,ATH,HOU,,ATH,ATH,ATH,https://www.baseball-reference.com/teams/ATH/2025-schedule-scores.shtml#all_team_schedule
ATL202506190,2025-06-19,0,ATL,NYM,,ATL,ATL,ATL,https://www.baseball-reference.com/teams/ATL/2025-schedule-scores.shtml#all_team_schedule
CHA202506191,2025-06-19,1,CHW,STL,,CHW,CHA,CHW,https://www.baseball-reference.com/teams/CHW/2025-schedule-scores.shtml#all_team_schedule
CHA202506192,2025-06-19,2,CHW,STL,,CHW,CHA,CHW,https://www.baseball-reference.com/teams/CHW/2025-schedule-scores.shtml#all_team_schedule
CHN202506190,2025-06-19,0,CHC,MIL,,CHC,CHN,CHC,https://www.baseball-reference.com/teams/CHC/2025-schedule-scores.shtml#all_team_schedule
CIN202506190,2025-06-19,0,CIN,MIN,,CIN,CIN,CIN,https://www.baseball-reference.com/teams/CIN/2025-schedule-scores.shtml#all_team_schedule
DET202506191,2025-06-19,1,DET,PIT,,DET,DET,DET,https://www.baseball-reference.com/teams/DET/2025-schedule-scores.shtml#all_team_schedule
DET202506192,2025-06-19,2,DET,PIT,,DET,DET,DET,https://www.baseball-reference.com/teams/DET/2025-schedule-scores.shtml#all_team_schedule
LAN202506190,2025-06-19,0,LAD,SDP,,LAD,LAN,LAD,https://www.baseball-reference.com/teams/LAD/2025-schedule-scores.shtml#all_team_schedule
MIA202506190,2025-06-19,0,MIA,PHI,,MIA,MIA,MIA,https://www.baseball-reference.com/teams/MIA/2025-schedule-scores.shtml#all_team_schedule
NYA202506190,2025-06-19,0,LAA,NYY,@,NYY,NYA,LAA,https://www.baseball-reference.com/teams/LAA/2025-schedule-scores.shtml#all_team_schedule
SFN202506190,2025-06-19,0,CLE,SFG,@,SFG,SFN,CLE,https://www.baseball-reference.com/teams/CLE/2025-schedule-scores.shtml#all_team_schedule
TBA202506190,2025-06-19,0,BAL,TBR,@,TBR,TBA,BAL,https://www.baseball-reference.com/teams/BAL/2025-schedule-scores.shtml#all_team_schedule
TEX202506190,2025-06-19,0,KCR,TEX,@,TEX,TEX,KCR,https://www.baseball-reference.com/teams/KCR/2025-schedule-scores.shtml#all_team_schedule
TOR202506190,2025-06-19,0,ARI,TOR,@,TOR,TOR,ARI,https://www.baseball-reference.com/teams/ARI/2025-schedule-scores.shtml#all_team_schedule
WAS202506190,2025-06-19,0,COL,WSN,@,WSN,WAS,COL,https://www.baseball-reference.com/teams/COL/2025-schedule-scores.shtml#all_team_schedule
ANA202506200,2025-06-20,0,HOU,LAA,@,LAA,ANA,HOU,https://www.baseball-reference.com/teams/HOU/2025-schedule-scores.shtml#all_team_schedule
ATH202506200,2025-06-20,0,ATH,CLE,,ATH,ATH,ATH,https://www.baseball-reference.com/teams/ATH/2025-schedule-scores.shtml#all_team_schedule
CHN202506200,2025-06-20,0,CHC,SEA,,CHC,CHN,CHC,https://www.baseball-reference.com/teams/CHC/2025-schedule-scores.shtml#all_team_schedule
COL202506200,2025-06-20,0,ARI,COL,@,COL,COL,ARI,https://www.baseball-reference.com/teams/ARI/2025-schedule-scores.shtml#all_team_schedule
LAN202506200,2025-06-20,0,LAD,WSN,,LAD,LAN,LAD,https://www.baseball-reference.com/teams/LAD/2025-schedule-scores.shtml#all_team_schedule
MIA202506200,2025-06-20,0,ATL,MIA,@,MIA,MIA,ATL,https://www.baseball-reference.com/teams/ATL/2025-schedule-scores.shtml#all_team_schedule
MIN202506200,2025-06-20,0,MIL,MIN,@,MIN,MIN,MIL,https://www.baseball-reference.com/teams/MIL/2025-schedule-scores.shtml#all_team_schedule
NYA202506200,2025-06-20,0,BAL,NYY,@,NYY,NYA,BAL,https://www.baseball-reference.com/teams/BAL/2025-schedule-scores.shtml#all_team_schedule
PHI202506200,2025-06-20,0,NYM,PHI,@,PHI,PHI,NYM,https://www.baseball-reference.com/teams/NYM/2025-schedule-scores.shtml#all_team_schedule
PIT202506200,2025-06-20,0,PIT,TEX,,PIT,PIT,PIT,https://www.baseball-reference.com/teams/PIT/2025-schedule-scores.shtml#all_team_schedule
SDN202506200,2025-06-20,0,KCR,SDP,@,SDP,SDN,KCR,https://www.baseball-reference.com/teams/KCR/2025-schedule-scores.shtml#all_team_schedule
SFN202506200,2025-06-20,0,BOS,SFG,@,SFG,SFN,BOS,https://www.baseball-reference.com/teams/BOS/2025-schedule-scores.shtml#all_team_schedule
SLN202506200,2025-06-20,0,CIN,STL,@,STL,SLN,CIN,https://www.baseball-reference.com/teams/CIN/2025-schedule-scores.shtml#all_team_schedule
TBA202506200,2025-06-20,0,DET,TBR,@,TBR,TBA,DET,https://www.baseball-reference.com/teams/DET/2025-schedule-scores.shtml#all_team_schedule
TOR202506200,2025-06-20,0,CHW,TOR,@,TOR,TOR,CHW,https://www.baseball-reference.com/teams/CHW/2025-schedule-scores.shtml#all_team_schedule
ANA202506210,2025-06-21,0,HOU,LAA,@,LAA,ANA,HOU,https://www.baseball-reference.com/teams/HOU/2025-schedule-scores.shtml#all_team_schedule
ATH202506210,2025-06-21,0,ATH,CLE,,ATH,ATH,ATH,https://www.baseball-reference.com/teams/ATH/2025-schedule-scores.shtml#all_team_schedule
CHN202506210,2025-06-21,0,CHC,SEA,,CHC,CHN,CHC,https://www.baseball-reference.com/teams/CHC/2025-schedule-scores.shtml#all_team_schedule
COL202506210,2025-06-21,0,ARI,COL,@,COL,COL,ARI,https://www.baseball-reference.com/teams/ARI/2025-schedule-scores.shtml#all_team_schedule
LAN202506210,2025-06-21,0,LAD,WSN,,LAD,LAN,LAD,https://www.baseball-reference.com/teams/LAD/2025-schedule-scores.shtml#all_team_schedule
MIA202506210,2025-06-21,0,ATL,MIA,@,MIA,MIA,ATL,https://www.baseball-reference.com/teams/ATL/2025-schedule-scores.shtml#all_team_schedule
MIN202506210,2025-06-21,0,MIL,MIN,@,MIN,MIN,MIL,https://www.baseball-reference.com/teams/MIL/2025-schedule-scores.shtml#all_team_schedule
NYA202506210,2025-06-21,0,BAL,NYY,@,NYY,NYA,BAL,https://www.baseball-reference.com/teams/BAL/2025-schedule-scores.shtml#all_team_schedule
PHI202506210,2025-06-21,0,NYM,PHI,@,PHI,PHI,NYM,https://www.baseball-reference.com/teams/NYM/2025-schedule-scores.shtml#all_team_schedule
PIT202506210,2025-06-21,0,PIT,TEX,,PIT,PIT,PIT,https://www.baseball-reference.com/teams/PIT/2025-schedule-scores.shtml#all_team_schedule
SDN202506210,2025-06-21,0,KCR,SDP,@,SDP,SDN,KCR,https://www.baseball-reference.com/teams/KCR/2025-schedule-scores.shtml#all_team_schedule
SFN202506210,2025-06-21,0,BOS,SFG,@,SFG,SFN,BOS,https://www.baseball-reference.com/teams/BOS/2025-schedule-scores.shtml#all_team_schedule
SLN202506210,2025-06-21,0,CIN,STL,@,STL,SLN,CIN,https://www.baseball-reference.com/teams/CIN/2025-schedule-scores.shtml#all_team_schedule
TBA202506210,2025-06-21,0,DET,TBR,@,TBR,TBA,DET,https://www.baseball-reference.com/teams/DET/2025-schedule-scores.shtml#all_team_schedule
TOR202506210,2025-06-21,0,CHW,TOR,@,TOR,TOR,CHW,https://www.baseball-reference.com/teams/CHW/2025-schedule-scores.shtml#all_team_schedule
ANA202506220,2025-06-22,0,HOU,LAA,@,LAA,ANA,HOU,https://www.baseball-reference.com/teams/HOU/2025-schedule-scores.shtml#all_team_schedule
ATH202506220,2025-06-22,0,ATH,CLE,,ATH,ATH,ATH,https://www.baseball-reference.com/teams/ATH/2025-schedule-scores.shtml#all_team_schedule
CHN202506220,2025-06-22,0,CHC,SEA,,CHC,CHN,CHC,https://www.baseball-reference.com/teams/CHC/2025-schedule-scores.shtml#all_team_schedule
COL202506220,2025-06-22,0,ARI,COL,@,COL,COL,ARI,https://www.baseball-reference.com/teams/ARI/2025-schedule-scores.shtml#all_team_schedule
LAN202506220,2025-06-22,0,LAD,WSN,,LAD,LAN,LAD,https://www.baseball-reference.com/teams/LAD/2025-schedule-scores.shtml#all_team_schedule
MIA202506220,2025-06-22,0,ATL,MIA,@,MIA,MIA,ATL,https://www.baseball-reference.com/teams/ATL/2025-schedule-scores.shtml#all_team_schedule
MIN202506220,2025-06-22,0,MIL,MIN,@,MIN,MIN,MIL,https://www.baseball-reference.com/teams/MIL/2025-schedule-scores.shtml#all_team_schedule
NYA202506220,2025-06-22,0,BAL,NYY,@,NYY,NYA,BAL,https://www.baseball-reference.com/teams/BAL/2025-schedule-scores.shtml#all_team_schedule
PHI202506220,2025-06-22,0,NYM,PHI,@,PHI,PHI,NYM,https://www.baseball-reference.com/teams/NYM/2025-schedule-scores.shtml#all_team_schedule
PIT202506220,2025-06-22,0,PIT,TEX,,PIT,PIT,PIT,https://www.baseball-reference.com/teams/PIT/2025-schedule-scores.shtml#all_team_schedule
SDN202506220,2025-06-22,0,KCR,SDP,@,SDP,SDN,KCR,https://www.baseball-reference.com/teams/KCR/2025-schedule-scores.shtml#all_team_schedule
SFN202506220,2025-06-22,0,BOS,SFG,@,SFG,SFN,BOS,https://www.baseball-reference.com/teams/BOS/2025-schedule-scores.shtml#all_team_schedule
SLN202506220,2025-06-22,0,CIN,STL,@,STL,SLN,CIN,https://www.baseball-reference.com/teams/CIN/2025-schedule-scores.shtml#all_team_schedule
TBA202506220,2025-06-22,0,DET,TBR,@,TBR,TBA,DET,https://www.baseball-reference.com/teams/DET/2025-schedule-scores.shtml#all_team_schedule
TOR202506220,2025-06-22,0,CHW,TOR,@,TOR,TOR,CHW,https://www.baseball-reference.com/teams/CHW/2025-schedule-scores.shtml#all_team_schedule
ANA202506230,2025-06-23,0,BOS,LAA,@,LAA,ANA,BOS,https://www.baseball-reference.com/teams/BOS/2025-schedule-scores.shtml#all_team_schedule
BAL202506230,2025-06-23,0,BAL,TEX,,BAL,BAL,BAL,https://www.baseball-reference.com/teams/BAL/2025-schedule-scores.shtml#all_team_schedule
CHA202506230,2025-06-23,0,ARI,CHW,@,CHW,CHA,ARI,https://www.baseball-reference.com/teams/ARI/2025-schedule-scores.shtml#all_team_schedule
CIN202506230,2025-06-23,0,CIN,NYY,,CIN,CIN,CIN,https://www.baseball-reference.com/teams/CIN/2025-schedule-scores.shtml#all_team_schedule
MIL202506230,2025-06-23,0,MIL,PIT,,MIL,MIL,MIL,https://www.baseball-reference.com/teams/MIL/2025-schedule-scores.shtml#all_team_schedule
MIN202506230,2025-06-23,0,MIN,SEA,,MIN,MIN,MIN,https://www.baseball-reference.com/teams/MIN/2025-schedule-scores.shtml#all_team_schedule
NYN202506230,2025-06-23,0,ATL,NYM,@,NYM,NYN,ATL,https://www.baseball-reference.com/teams/ATL/2025-schedule-scores.shtml#all_team_schedule
SDN202506230,2025-06-23,0,SDP,WSN,,SDP,SDN,SDP,https://www.baseball-reference.com/teams/SDP/2025-schedule-scores.shtml#all_team_schedule
SLN202506230,2025-06-23,0,CHC,STL,@,STL,SLN,CHC,https://www.baseball-reference.com/teams/CHC/2025-schedule-scores.shtml#all_team_schedule
ANA202506240,2025-06-24,0,BOS,LAA,@,LAA,ANA,BOS,https://www.baseball-reference.com/teams/BOS/2025-schedule-scores.shtml#all_team_schedule
BAL202506240,2025-06-24,0,BAL,TEX,,BAL,BAL,BAL,https://www.baseball-reference.com/teams/BAL/2025-schedule-scores.shtml#all_team_schedule
CHA202506240,2025-06-24,0,ARI,CHW,@,CHW,CHA,ARI,https://www.baseball-reference.com/teams/ARI/2025-schedule-scores.shtml#all_team_schedule
CIN202506240,2025-06-24,0,CIN,NYY,,CIN,CIN,CIN,https://www.baseball-reference.com/teams/CIN/2025-schedule-scores.shtml#all_team_schedule
CLE202506240,2025-06-24,0,CLE,TOR,,CLE,CLE,CLE,https://www.baseball-reference.com/teams/CLE/2025-schedule-scores.shtml#all_team_schedule
COL202506240,2025-06-24,0,COL,LAD,,COL,COL,COL,https://www.baseball-reference.com/teams/COL/2025-schedule-scores.shtml#all_team_schedule
DET202506240,2025-06-24,0,ATH,DET,@,DET,DET,ATH,https://www.baseball-reference.com/teams/ATH/2025-schedule-scores.shtml#all_team_schedule
HOU202506240,2025-06-24,0,HOU,PHI,,HOU,HOU,HOU,https://www.baseball-reference.com/teams/HOU/2025-schedule-scores.shtml#all_team_schedule
KCA202506240,2025-06-24,0,KCR,TBR,,KCR,KCA,KCR,https://www.baseball-reference.com/teams/KCR/2025-schedule-scores.shtml#all_team_schedule
MIL202506240,2025-06-24,0,MIL,PIT,,MIL,MIL,MIL,https://www.baseball-reference.com/teams/MIL/2025-schedule-scores.shtml#all_team_schedule
MIN202506240,2025-06-24,0,MIN,SEA,,MIN,MIN,MIN,https://www.baseball-reference.com/teams/MIN/2025-schedule-scores.shtml#all_team_schedule
NYN202506240,2025-06-24,0,ATL,NYM,@,NYM,NYN,ATL,https://www.baseball-reference.com/teams/ATL/2025-schedule-scores.shtml#all_team_schedule
SDN202506240,2025-06-24,0,SDP,WSN,,SDP,SDN,SDP,https://www.baseball-reference.com/teams/SDP/2025-schedule-scores.shtml#all_team_schedule
SFN202506240,2025-06-24,0,MIA,SFG,@,SFG,SFN,MIA,https://www.baseball-reference.com/teams/MIA/2025-schedule-scores.shtml#all_team_schedule
SLN202506240,2025-06-24,0,CHC,STL,@,STL,SLN,CHC,https://www.baseball-reference.com/teams/CHC/2025-schedule-scores.shtml#all_team_schedule
ANA202506250,2025-06-25,0,BOS,LAA,@,LAA,ANA,BOS,https://www.baseball-reference.com/teams/BOS/2025-schedule-scores.shtml#all_team_schedule
BAL202506250,2025-06-25,0,BAL,TEX,,BAL,BAL,BAL,https://www.baseball-reference.com/teams/BAL/2025-schedule-scores.shtml#all_team_schedule
CHA202506250,2025-06-25,0,ARI,CHW,@,CHW,CHA,ARI,https://www.baseball-reference.com/teams/ARI/2025-schedule-scores.shtml#all_team_schedule
CIN202506250,2025-06-25,0,CIN,NYY,,CIN,CIN,CIN,https://www.baseball-reference.com/teams/CIN/2025-schedule-scores.shtml#all_team_schedule
CLE202506250,2025-06-25,0,CLE,TOR,,CLE,CLE,CLE,https://www.baseball-reference.com/teams/CLE/2025-schedule-scores.shtml#all_team_schedule
COL202506250,2025-06-25,0,COL,LAD,,COL,COL,COL,https://www.baseball-reference.com/teams/COL/2025-schedule-scores.shtml#all_team_schedule
DET202506250,2025-06-25,0,ATH,DET,@,DET,DET,ATH,https://www.baseball-reference.com/teams/ATH/2025-schedule-scores.shtml#all_team_schedule
HOU202506250,2025-06-25,0,HOU,PHI,,HOU,HOU,HOU,https://www.baseball-reference.com/teams/HOU/2025-schedule-scores.shtml#all_team_schedule
KCA202506250,2025-06-25,0,KCR,TBR,,KCR,KCA,KCR,https://www.baseball-reference.com/teams/KCR/2025-schedule-scores.shtml#all_team_schedule
MIL202506250,2025-06-25,0,MIL,PIT,,MIL,MIL,MIL,https://www.baseball-reference.com/teams/MIL/2025-schedule-scores.shtml#all_team_schedule
MIN202506250,2025-06-25,0,MIN,SEA,,MIN,MIN,MIN,https://www.baseball-reference.com/teams/MIN/2025-schedule-scores.shtml#all_team_schedule
NYN202506250,2025-06-25,0,ATL,NYM,@,NYM,NYN,ATL,https://www.baseball-reference.com/teams/ATL/2025-schedule-scores.shtml#all_team_schedule
SDN202506250,2025-06-25,0,SDP,WSN,,SDP,SDN,SDP,https://www.baseball-reference.com/teams/SDP/2025-schedule-scores.shtml#all_team_schedule
SFN202506250,2025-06-25,0,MIA,SFG,@,SFG,SFN,MIA,https://www.baseball-reference.com/teams/MIA/2025-schedule-scores.shtml#all_team_schedule
SLN202506250,2025-06-25,0,CHC,STL,@,STL,SLN,CHC,https://www.baseball-reference.com/teams/CHC/2025-schedule-scores.shtml#all_team_schedule
CLE202506260,2025-06-26,0,CLE,TOR,,CLE,CLE,CLE,https://www.baseball-reference.com/teams/CLE/2025-schedule-scores.shtml#all_team_schedule
COL202506260,2025-06-26,0,COL,LAD,,COL,COL,COL,https://www.baseball-reference.com/teams/COL/2025-schedule-scores.shtml#all_team_schedule
DET202506260,2025-06-26,0,ATH,DET,@,DET,DET,ATH,https://www.baseball-reference.com/teams/ATH/2025-schedule-scores.shtml#all_team_schedule
HOU202506260,2025-06-26,0,HOU,PHI,,HOU,HOU,HOU,https://www.baseball-reference.com/teams/HOU/2025-schedule-scores.shtml#all_team_schedule
KCA202506260,2025-06-26,0,KCR,TBR,,KCR,KCA,KCR,https://www.baseball-reference.com/teams/KCR/2025-schedule-scores.shtml#all_team_schedule
MIN202506260,2025-06-26,0,MIN,SEA,,MIN,MIN,MIN,https://www.baseball-reference.com/teams/MIN/2025-schedule-scores.shtml#all_team_schedule
NYN202506260,2025-06-26,0,ATL,NYM,@,NYM,NYN,ATL,https://www.baseball-reference.com/teams/ATL/2025-schedule-scores.shtml#all_team_schedule
SFN202506260,2025-06-26,0,MIA,SFG,@,SFG,SFN,MIA,https://www.baseball-reference.com/teams/MIA/2025-schedule-scores.shtml#all_team_schedule
SLN202506260,2025-06-26,0,CHC,STL,@,STL,SLN,CHC,https://www.baseball-reference.com/teams/CHC/2025-schedule-scores.shtml#all_team_schedule
ANA202506270,2025-06-27,0,LAA,WSN,,LAA,ANA,LAA,https://www.baseball-reference.com/teams/LAA/2025-schedule-scores.shtml#all_team_schedule
ARI202506270,2025-06-27,0,ARI,MIA,,ARI,ARI,ARI,https://www.baseball-reference.com/teams/ARI/2025-schedule-scores.shtml#all_team_schedule
ATL202506270,2025-06-27,0,ATL,PHI,,ATL,ATL,ATL,https://www.baseball-reference.com/teams/ATL/2025-schedule-scores.shtml#all_team_schedule
BAL202506270,2025-06-27,0,BAL,TBR,,BAL,BAL,BAL,https://www.baseball-reference.com/teams/BAL/2025-schedule-scores.shtml#all_team_schedule
BOS202506270,2025-06-27,0,BOS,TOR,,BOS,BOS,BOS,https://www.baseball-reference.com/teams/BOS/2025-schedule-scores.shtml#all_team_schedule
CHA202506270,2025-06-27,0,CHW,SFG,,CHW,CHA,CHW,https://www.baseball-reference.com/teams/CHW/2025-schedule-scores.shtml#all_team_schedule
CIN202506270,2025-06-27,0,CIN,SDP,,CIN,CIN,CIN,https://www.baseball-reference.com/teams/CIN/2025-schedule-scores.shtml#all_team_schedule
CLE202506270,2025-06-27,0,CLE,STL,,CLE,CLE,CLE,https://www.baseball-reference.com/teams/CLE/2025-schedule-scores.shtml#all_team_schedule
DET202506270,2025-06-27,0,DET,MIN,,DET,DET,DET,https://www.baseball-reference.com/teams/DET/2025-schedule-scores.shtml#all_team_schedule
HOU202506270,2025-06-27,0,CHC,HOU,@,HOU,HOU,CHC,https://www.baseball-reference.com/teams/CHC/2025-schedule-scores.shtml#all_team_schedule
KCA202506270,2025-06-27,0,KCR,LAD,,KCR,KCA,KCR,https://www.baseball-reference.com/teams/KCR/2025-schedule-scores.shtml#all_team_schedule
MIL202506270,2025-06-27,0,COL,MIL,@,MIL,MIL,COL,https://www.baseball-reference.com/teams/COL/2025-schedule-scores.shtml#all_team_schedule
NYA202506270,2025-06-27,0,ATH,NYY,@,NYY,NYA,ATH,https://www.baseball-reference.com/teams/ATH/2025-schedule-scores.shtml#all_team_schedule
PIT202506270,2025-06-27,0,NYM,PIT,@,PIT,PIT,NYM,https://www.baseball-reference.com/teams/NYM/2025-schedule-scores.shtml#all_team_schedule
TEX202506270,2025-06-27,0,SEA,TEX,@,TEX,TEX,SEA,https://www.baseball-reference.com/teams/SEA/2025-schedule-scores.shtml#all_team_schedule
ANA202506280,2025-06-28,0,LAA,WSN,,LAA,ANA,LAA,https://www.baseball-reference.com/teams/LAA/2025-schedule-scores.shtml#all_team_schedule
ARI202506280,2025-06-28,0,ARI,MIA,,ARI,ARI,ARI,https://www.baseball-reference.com/teams/ARI/2025-schedule-scores.shtml#all_team_schedule
ATL202506280,2025-06-28,0,ATL,PHI,,ATL,ATL,ATL,https://www.baseball-reference.com/teams/ATL/2025-schedule-scores.shtml#all_team_schedule
BAL202506280,2025-06-28,0,BAL,TBR,,BAL,BAL,BAL,https://www.baseball-reference.com/teams/BAL/2025-schedule-scores.shtml#all_team_schedule
BOS202506280,2025-06-28,0,BOS,TOR,,BOS,BOS,BOS,https://www.baseball-reference.com/teams/BOS/2025-schedule-scores.shtml#all_team_schedule
CHA202506280,2025-06-28,0,CHW,SFG,,CHW,CHA,CHW,https://www.baseball-reference.com/teams/CHW/2025-schedule-scores.shtml#all_team_schedule
CIN202506280,2025-06-28,0,CIN,SDP,,CIN,CIN,CIN,https://www.baseball-reference.com/teams/CIN/2025-schedule-scores.shtml#all_team_schedule
CLE202506280,2025-06-28,0,CLE,STL,,CLE,CLE,CLE,https://www.baseball-reference.com/teams/CLE/2025-schedule-scores.shtml#all_team_schedule
DET202506280,2025-06-28,0,DET,MIN,,DET,DET,DET,https://www.baseball-reference.com/teams/DET/2025-schedule-scores.shtml#all_team_schedule
HOU202506280,2025-06-28,0,CHC,HOU,@,HOU,HOU,CHC,https://www.baseball-reference.com/teams/CHC/2025-schedule-scores.shtml#all_team_schedule
KCA202506280,2025-06-28,0,KCR,LAD,,KCR,KCA,KCR,https://www.baseball-reference.com/teams/KCR/2025-schedule-scores.shtml#all_team_schedule
MIL202506280,2025-06-28,0,COL,MIL,@,MIL,MIL,COL,https://www.baseball-reference.com/teams/COL/2025-schedule-scores.shtml#all_team_schedule
NYA202506280,2025-06-28,0,ATH,NYY,@,NYY,NYA,ATH,https://www.baseball-reference.com/teams/ATH/2025-schedule-scores.shtml#all_team_schedule
PIT202506280,2025-06-28,0,NYM,PIT,@,PIT,PIT,NYM,https://www.baseball-reference.com/teams/NYM/2025-schedule-scores.shtml#all_team_schedule
TEX202506280,2025-06-28,0,SEA,TEX,@,TEX,TEX,SEA,https://www.baseball-reference.com/teams/SEA/2025-schedule-scores.shtml#all_team_schedule
ANA202506290,2025-06-29,0,LAA,WSN,,LAA,ANA,LAA,https://www.baseball-reference.com/teams/LAA/2025-schedule-scores.shtml#all_team_schedule
ARI202506290,2025-06-29,0,ARI,MIA,,ARI,ARI,ARI,https://www.baseball-reference.com/teams/ARI/2025-schedule-scores.shtml#all_team_schedule
ATL202506290,2025-06-29,0,ATL,PHI,,ATL,ATL,ATL,https://www.baseball-reference.com/teams/ATL/2025-schedule-scores.shtml#all_team_schedule
BAL202506290,2025-06-29,0,BAL,TBR,,BAL,BAL,BAL,https://www.baseball-reference.com/teams/BAL/2025-schedule-scores.shtml#all_team_schedule
BOS202506290,2025-06-29,0,BOS,TOR,,BOS,BOS,BOS,https://www.baseball-reference.com/teams/BOS/2025-schedule-scores.shtml#all_team_schedule
CHA202506290,2025-06-29,0,CHW,SFG,,CHW,CHA,CHW,https://www.baseball-reference.com/teams/CHW/2025-schedule-scores.shtml#all_team_schedule
CIN202506290,2025-06-29,0,CIN,SDP,,CIN,CIN,CIN,https://www.baseball-reference.com/teams/CIN/2025-schedule-scores.shtml#all_team_schedule
CLE202506290,2025-06-29,0,CLE,STL,,CLE,CLE,CLE,https://www.baseball-reference.com/teams/CLE/2025-schedule-scores.shtml#all_team_schedule
DET202506290,2025-06-29,0,DET,MIN,,DET,DET,DET,https://www.baseball-reference.com/teams/DET/2025-schedule-scores.shtml#all_team_schedule
HOU202506290,2025-06-29,0,CHC,HOU,@,HOU,HOU,CHC,https://www.baseball-reference.com/teams/CHC/2025-schedule-scores.shtml#all_team_schedule
KCA202506290,2025-06-29,0,KCR,LAD,,KCR,KCA,KCR,https://www.baseball-reference.com/teams/KCR/2025-schedule-scores.shtml#all_team_schedule
MIL202506290,2025-06-29,0,COL,MIL,@,MIL,MIL,COL,https://www.baseball-reference.com/teams/COL/2025-schedule-scores.shtml#all_team_schedule
NYA202506290,2025-06-29,0,ATH,NYY,@,NYY,NYA,ATH,https://www.baseball-reference.com/teams/ATH/2025-schedule-scores.shtml#all_team_schedule
PIT202506290,2025-06-29,0,NYM,PIT,@,PIT,PIT,NYM,https://www.baseball-reference.com/teams/NYM/2025-schedule-scores.shtml#all_team_schedule
TEX202506290,2025-06-29,0,SEA,TEX,@,TEX,TEX,SEA,https://www.baseball-reference.com/teams/SEA/2025-schedule-scores.shtml#all_team_schedule
ARI202506300,2025-06-30,0,ARI,SFG,,ARI,ARI,ARI,https://www.baseball-reference.com/teams/ARI/2025-schedule-scores.shtml#all_team_schedule
BOS202506300,2025-06-30,0,BOS,CIN,,BOS,BOS,BOS,https://www.baseball-reference.com/teams/BOS/2025-schedule-scores.shtml#all_team_schedule
PHI202506300,2025-06-30,0,PHI,SDP,,PHI,PHI,PHI,https://www.baseball-reference.com/teams/PHI/2025-schedule-scores.shtml#all_team_schedule
PIT202506300,2025-06-30,0,PIT,STL,,PIT,PIT,PIT,https://www.baseball-reference.com/teams/PIT/2025-schedule-scores.shtml#all_team_schedule
SEA202506300,2025-06-30,0,KCR,SEA,@,SEA,SEA,KCR,https://www.baseball-reference.com/teams/KCR/2025-schedule-scores.shtml#all_team_schedule
TBA202506300,2025-06-30,0,ATH,TBR,@,TBR,TBA,ATH,https://www.baseball-reference.com/teams/ATH/2025-schedule-scores.shtml#all_team_schedule
TEX202506300,2025-06-30,0,BAL,TEX,@,TEX,TEX,BAL,https://www.baseball-reference.com/teams/BAL/2025-schedule-scores.shtml#all_team_schedule
TOR202506300,2025-06-30,0,NYY,TOR,@,TOR,TOR,NYY,https://www.baseball-reference.com/teams/NYY/2025-schedule-scores.shtml#all_team_schedule
ARI202507010,2025-07-01,0,ARI,SFG,,ARI,ARI,ARI,https://www.baseball-reference.com/teams/ARI/2025-schedule-scores.shtml#all_team_schedule
ATL202507010,2025-07-01,0,ATL,LAA,,ATL,ATL,ATL,https://www.baseball-reference.com/teams/ATL/2025-schedule-scores.shtml#all_team_schedule
BOS202507010,2025-07-01,0,BOS,CIN,,BOS,BOS,BOS,https://www.baseball-reference.com/teams/BOS/2025-schedule-scores.shtml#all_team_schedule
CHN202507010,2025-07-01,0,CHC,CLE,,CHC,CHN,CHC,https://www.baseball-reference.com/teams/CHC/2025-schedule-scores.shtml#all_team_schedule
COL202507010,2025-07-01,0,COL,HOU,,COL,COL,COL,https://www.baseball-reference.com/teams/COL/2025-schedule-scores.shtml#all_team_schedule
LAN202507010,2025-07-01,0,CHW,LAD,@,LAD,LAN,CHW,https://www.baseball-reference.com/teams/CHW/2025-schedule-scores.shtml#all_team_schedule
MIA202507010,2025-07-01,0,MIA,MIN,,MIA,MIA,MIA,https://www.baseball-reference.com/teams/MIA/2025-schedule-scores.shtml#all_team_schedule
PIT202507010,2025-07-01,0,PIT,STL,,PIT,PIT,PIT,https://www.baseball-reference.com/teams/PIT/2025-schedule-scores.shtml#all_team_schedule
SEA202507010,2025-07-01,0,KCR,SEA,@,SEA,SEA,KCR,https://www.baseball-reference.com/teams/KCR/2025-schedule-scores.shtml#all_team_schedule
TBA202507010,2025-07-01,0,ATH,TBR,@,TBR,TBA,ATH,https://www.baseball-reference.com/teams/ATH/2025-schedule-scores.shtml#all_team_schedule
TEX202507010,2025-07-01,0,BAL,TEX,@,TEX,TEX,BAL,https://www.baseball-reference.com/teams/BAL/2025-schedule-scores.shtml#all_team_schedule
TOR202507010,2025-07-01,0,NYY,TOR,@,TOR,TOR,NYY,https://www.baseball-reference.com/teams/NYY/2025-schedule-scores.shtml#all_team_schedule
ARI202507020,2025-07-02,0,ARI,SFG,,ARI,ARI,ARI,https://www.baseball-reference.com/teams/ARI/2025-schedule-scores.shtml#all_team_schedule
ATL202507020,2025-07-02,0,ATL,LAA,,ATL,ATL,ATL,https://www.baseball-reference.com/teams/ATL/2025-schedule-scores.shtml#all_team_schedule
BOS202507020,2025-07-02,0,BOS,CIN,,BOS,BOS,BOS,https://www.baseball-reference.com/teams/BOS/2025-schedule-scores.shtml#all_team_schedule
CHN202507020,2025-07-02,0,CHC,CLE,,CHC,CHN,CHC,https://www.baseball-reference.com/teams/CHC/2025-schedule-scores.shtml#all_team_schedule
COL202507020,2025-07-02,0,COL,HOU,,COL,COL,COL,https://www.baseball-reference.com/teams/COL/2025-schedule-scores.shtml#all_team_schedule
LAN202507020,2025-07-02,0,CHW,LAD,@,LAD,LAN,CHW,https://www.baseball-reference.com/teams/CHW/2025-schedule-scores.shtml#all_team_schedule
MIA202507020,2025-07-02,0,MIA,MIN,,MIA,MIA,MIA,https://www.baseball-reference.com/teams/MIA/2025-schedule-scores.shtml#all_team_schedule
NYN202507021,2025-07-02,1,MIL,NYM,@,NYM,NYN,MIL,https://www.baseball-reference.com/teams/MIL/2025-schedule-scores.shtml#all_team_schedule
NYN202507022,2025-07-02,2,MIL,NYM,@,NYM,NYN,MIL,https://www.baseball-reference.com/teams/MIL/2025-schedule-scores.shtml#all_team_schedule
PHI202507021,2025-07-02,1,PHI,SDP,,PHI,PHI,PHI,https://www.baseball-reference.com/teams/PHI/2025-schedule-scores.shtml#all_team_schedule
PHI202507022,2025-07-02,2,PHI,SDP,,PHI,PHI,PHI,https://www.baseball-reference.com/teams/PHI/2025-schedule-scores.shtml#all_team_schedule
PIT202507020,2025-07-02,0,PIT,STL,,PIT,PIT,PIT,https://www.baseball-reference.com/teams/PIT/2025-schedule-scores.shtml#all_team_schedule
SEA202507020,2025-07-02,0,KCR,SEA,@,SEA,SEA,KCR,https://www.baseball-reference.com/teams/KCR/2025-schedule-scores.shtml#all_team_schedule
TBA202507020,2025-07-02,0,ATH,TBR,@,TBR,TBA,ATH,https://www.baseball-reference.com/teams/ATH/2025-schedule-scores.shtml#all_team_schedule
TEX202507020,2025-07-02,0,BAL,TEX,@,TEX,TEX,BAL,https://www.baseball-reference.com/teams/BAL/2025-schedule-scores.shtml#all_team_schedule
TOR202507020,2025-07-02,0,NYY,TOR,@,TOR,TOR,NYY,https://www.baseball-reference.com/teams/NYY/2025-schedule-scores.shtml#all_team_schedule
WAS202507021,2025-07-02,1,DET,WSN,@,WSN,WAS,DET,https://www.baseball-reference.com/teams/DET/2025-schedule-scores.shtml#all_team_schedule
WAS202507022,2025-07-02,2,DET,WSN,@,WSN,WAS,DET,https://www.baseball-reference.com/teams/DET/2025-schedule-scores.shtml#all_team_schedule
ARI202507030,2025-07-03,0,ARI,SFG,,ARI,ARI,ARI,https://www.baseball-reference.com/teams/ARI/2025-schedule-scores.shtml#all_team_schedule
ATL202507030,2025-07-03,0,ATL,LAA,,ATL,ATL,ATL,https://www.baseball-reference.com/teams/ATL/2025-schedule-scores.shtml#all_team_schedule
CHN202507030,2025-07-03,0,CHC,CLE,,CHC,CHN,CHC,https://www.baseball-reference.com/teams/CHC/2025-schedule-scores.shtml#all_team_schedule
COL202507030,2025-07-03,0,COL,HOU,,COL,COL,COL,https://www.baseball-reference.com/teams/COL/2025-schedule-scores.shtml#all_team_schedule
LAN202507030,2025-07-03,0,CHW,LAD,@,LAD,LAN,CHW,https://www.baseball-reference.com/teams/CHW/2025-schedule-scores.shtml#all_team_schedule
MIA202507030,2025-07-03,0,MIA,MIN,,MIA,MIA,MIA,https://www.baseball-reference.com/teams/MIA/2025-schedule-scores.shtml#all_team_schedule
NYN202507030,2025-07-03,0,MIL,NYM,@,NYM,NYN,MIL,https://www.baseball-reference.com/teams/MIL/2025-schedule-scores.shtml#all_team_schedule
SEA202507030,2025-07-03,0,KCR,SEA,@,SEA,SEA,KCR,https://www.baseball-reference.com/teams/KCR/2025-schedule-scores.shtml#all_team_schedule
TOR202507030,2025-07-03,0,NYY,TOR,@,TOR,TOR,NYY,https://www.baseball-reference.com/teams/NYY/2025-schedule-scores.shtml#all_team_schedule
WAS202507030,2025-07-03,0,DET,WSN,@,WSN,WAS,DET,https://www.baseball-reference.com/teams/DET/2025-schedule-scores.shtml#all_team_schedule
ARI202507040,2025-07-04,0,ARI,KCR,,ARI,ARI,ARI,https://www.baseball-reference.com/teams/ARI/2025-schedule-scores.shtml#all_team_schedule
ATH202507040,2025-07-04,0,ATH,SFG,,ATH,ATH,ATH,https://www.baseball-reference.com/teams/ATH/2025-schedule-scores.shtml#all_team_schedule
ATL202507040,2025-07-04,0,ATL,BAL,,ATL,ATL,ATL,https://www.baseball-reference.com/teams/ATL/2025-schedule-scores.shtml#all_team_schedule
CHN202507040,2025-07-04,0,CHC,STL,,CHC,CHN,CHC,https://www.baseball-reference.com/teams/CHC/2025-schedule-scores.shtml#all_team_schedule
CLE202507040,2025-07-04,0,CLE,DET,,CLE,CLE,CLE,https://www.baseball-reference.com/teams/CLE/2025-schedule-scores.shtml#all_team_schedule
COL202507040,2025-07-04,0,CHW,COL,@,COL,COL,CHW,https://www.baseball-reference.com/teams/CHW/2025-schedule-scores.shtml#all_team_schedule
LAN202507040,2025-07-04,0,HOU,LAD,@,LAD,LAN,HOU,https://www.baseball-reference.com/teams/HOU/2025-schedule-scores.shtml#all_team_schedule
MIA202507040,2025-07-04,0,MIA,MIL,,MIA,MIA,MIA,https://www.baseball-reference.com/teams/MIA/2025-schedule-scores.shtml#all_team_schedule
MIN202507040,2025-07-04,0,MIN,TBR,,MIN,MIN,MIN,https://www.baseball-reference.com/teams/MIN/2025-schedule-scores.shtml#all_team_schedule
NYN202507040,2025-07-04,0,NYM,NYY,,NYM,NYN,NYM,https://www.baseball-reference.com/teams/NYM/2025-schedule-scores.shtml#all_team_schedule
PHI202507040,2025-07-04,0,CIN,PHI,@,PHI,PHI,CIN,https://www.baseball-reference.com/teams/CIN/2025-schedule-scores.shtml#all_team_schedule
SDN202507040,2025-07-04,0,SDP,TEX,,SDP,SDN,SDP,https://www.baseball-reference.com/teams/SDP/2025-schedule-scores.shtml#all_team_schedule
SEA202507040,2025-07-04,0,PIT,SEA,@,SEA,SEA,PIT,https://www.baseball-reference.com/teams/PIT/2025-schedule-scores.shtml#all_team_schedule
TOR202507040,2025-07-04,0,LAA,TOR,@,TOR,TOR,LAA,https://www.baseball-reference.com/teams/LAA/2025-schedule-scores.shtml#all_team_schedule
WAS202507040,2025-07-04,0,BOS,WSN,@,WSN,WAS,BOS,https://www.baseball-reference.com/teams/BOS/2025-schedule-scores.shtml#all_team_schedule
ARI202507050,2025-07-05,0,ARI,KCR,,ARI,ARI,ARI,https://www.baseball-reference.com/teams/ARI/2025-schedule-scores.shtml#all_team_schedule
ATH202507050,2025-07-05,0,ATH,SFG,,ATH,ATH,ATH,https://www.baseball-reference.com/teams/ATH/2025-schedule-scores.shtml#all_team_schedule
ATL202507050,2025-07-05,0,ATL,BAL,,ATL,ATL,ATL,https://www.baseball-reference.com/teams/ATL/2025-schedule-scores.shtml#all_team_schedule
CHN202507050,2025-07-05,0,CHC,STL,,CHC,CHN,CHC,https://www.baseball-reference.com/teams/CHC/2025-schedule-scores.shtml#all_team_schedule
CLE202507050,2025-07-05,0,CLE,DET,,CLE,CLE,CLE,https://www.baseball-reference.com/teams/CLE/2025-schedule-scores.shtml#all_team_schedule
COL202507050,2025-07-05,0,CHW,COL,@,COL,COL,CHW,https://www.baseball-reference.com/teams/CHW/2025-schedule-scores.shtml#all_team_schedule
LAN202507050,2025-07-05,0,HOU,LAD,@,LAD,LAN,HOU,https://www.baseball-reference.com/teams/HOU/2025-schedule-scores.shtml#all_team_schedule
MIA202507050,2025-07-05,0,MIA,MIL,,MIA,MIA,MIA,https://www.baseball-reference.com/teams/MIA/2025-schedule-scores.shtml#all_team_schedule
MIN202507050,2025-07-05,0,MIN,TBR,,MIN,MIN,MIN,https://www.baseball-reference.com/teams/MIN/2025-schedule-scores.shtml#all_team_schedule
NYN202507050,2025-07-05,0,NYM,NYY,,NYM,NYN,NYM,https://www.baseball-reference.com/teams/NYM/2025-schedule-scores.shtml#all_team_schedule
PHI202507050,2025-07-05,0,CIN,PHI,@,PHI,PHI,CIN,https://www.baseball-reference.com/teams/CIN/2025-schedule-scores.shtml#all_team_schedule
SDN202507050,2025-07-05,0,SDP,TEX,,SDP,SDN,SDP,https://www.baseball-reference.com/teams/SDP/2025-schedule-scores.shtml#all_team_schedule
SEA202507050,2025-07-05,0,PIT,SEA,@,SEA,SEA,PIT,https://www.baseball-reference.com/teams/PIT/2025-schedule-scores.shtml#all_team_schedule
TOR202507050,2025-07-05,0,LAA,TOR,@,TOR,TOR,LAA,https://www.baseball-reference.com/teams/LAA/2025-schedule-scores.shtml#all_team_schedule
WAS202507050,2025-07-05,0,BOS,WSN,@,WSN,WAS,BOS,https://www.baseball-reference.com/teams/BOS/2025-schedule-scores.shtml#all_team_schedule
ARI202507060,2025-07-06,0,ARI,KCR,,ARI,ARI,ARI,https://www.baseball-reference.com/teams/ARI/2025-schedule-scores.shtml#all_team_schedule
ATH202507060,2025-07-06,0,ATH,SFG,,ATH,ATH,ATH,https://www.baseball-reference.com/teams/ATH/2025-schedule-scores.shtml#all_team_schedule
ATL202507060,2025-07-06,0,ATL,BAL,,ATL,ATL,ATL,https://www.baseball-reference.com/teams/ATL/2025-schedule-scores.shtml#all_team_schedule
CHN202507060,2025-07-06,0,CHC,STL,,CHC,CHN,CHC,https://www.baseball-reference.com/teams/CHC/2025-schedule-scores.shtml#all_team_schedule
CLE202507060,2025-07-06,0,CLE,DET,,CLE,CLE,CLE,https://www.baseball-reference.com/teams/CLE/2025-schedule-scores.shtml#all_team_schedule
COL202507060,2025-07-06,0,CHW,COL,@,COL,COL,CHW,https://www.baseball-reference.com/teams/CHW/2025-schedule-scores.shtml#all_team_schedule
LAN202507060,2025-07-06,0,HOU,LAD,@,LAD,LAN,HOU,https://www.baseball-reference.com/teams/HOU/2025-schedule-scores.shtml#all_team_schedule
MIA202507060,2025-07-06,0,MIA,MIL,,MIA,MIA,MIA,https://www.baseball-reference.com/teams/MIA/2025-schedule-scores.shtml#all_team_schedule
MIN202507060,2025-07-06,0,MIN,TBR,,MIN,MIN,MIN,https://www.baseball-reference.com/teams/MIN/2025-schedule-scores.shtml#all_team_schedule
NYN202507060,2025-07-06,0,NYM,NYY,,NYM,NYN,NYM,https://www.baseball-reference.com/teams/NYM/2025-schedule-scores.shtml#all_team_schedule
PHI202507060,2025-07-06,0,CIN,PHI,@,PHI,PHI,CIN,https://www.baseball-reference.com/teams/CIN/2025-schedule-scores.shtml#all_team_schedule
SDN202507060,2025-07-06,0,SDP,TEX,,SDP,SDN,SDP,https://www.baseball-reference.com/teams/SDP/2025-schedule-scores.shtml#all_team_schedule
SEA202507060,2025-07-06,0,PIT,SEA,@,SEA,SEA,PIT,https://www.baseball-reference.com/teams/PIT/2025-schedule-scores.shtml#all_team_schedule
TOR202507060,2025-07-06,0,LAA,TOR,@,TOR,TOR,LAA,https://www.baseball-reference.com/teams/LAA/2025-schedule-scores.shtml#all_team_schedule
WAS202507060,2025-07-06,0,BOS,WSN,@,WSN,WAS,BOS,https://www.baseball-reference.com/teams/BOS/2025-schedule-scores.shtml#all_team_schedule
ANA202507070,2025-07-07,0,LAA,TEX,,LAA,ANA,LAA,https://www.baseball-reference.com/teams/LAA/2025-schedule-scores.shtml#all_team_schedule
BOS202507070,2025-07-07,0,BOS,COL,,BOS,BOS,BOS,https://www.baseball-reference.com/teams/BOS/2025-schedule-scores.shtml#all_team_schedule
CHA202507070,2025-07-07,0,CHW,TOR,,CHW,CHA,CHW,https://www.baseball-reference.com/teams/CHW/2025-schedule-scores.shtml#all_team_schedule
CIN202507070,2025-07-07,0,CIN,MIA,,CIN,CIN,CIN,https://www.baseball-reference.com/teams/CIN/2025-schedule-scores.shtml#all_team_schedule
DET202507070,2025-07-07,0,DET,TBR,,DET,DET,DET,https://www.baseball-reference.com/teams/DET/2025-schedule-scores.shtml#all_team_schedule
HOU202507070,2025-07-07,0,CLE,HOU,@,HOU,HOU,CLE,https://www.baseball-reference.com/teams/CLE/2025-schedule-scores.shtml#all_team_schedule
KCA202507070,2025-07-07,0,KCR,PIT,,KCR,KCA,KCR,https://www.baseball-reference.com/teams/KCR/2025-schedule-scores.shtml#all_team_schedule
MIL202507070,2025-07-07,0,LAD,MIL,@,MIL,MIL,LAD,https://www.baseball-reference.com/teams/LAD/2025-schedule-scores.shtml#all_team_schedule
SDN202507070,2025-07-07,0,ARI,SDP,@,SDP,SDN,ARI,https://www.baseball-reference.com/teams/ARI/2025-schedule-scores.shtml#all_team_schedule
SFN202507070,2025-07-07,0,PHI,SFG,@,SFG,SFN,PHI,https://www.baseball-reference.com/teams/PHI/2025-schedule-scores.shtml#all_team_schedule
ANA202507080,2025-07-08,0,LAA,TEX,,LAA,ANA,LAA,https://www.baseball-reference.com/teams/LAA/2025-schedule-scores.shtml#all_team_schedule
ATH202507080,2025-07-08,0,ATH,ATL,,ATH,ATH,ATH,https://www.baseball-reference.com/teams/ATH/2025-schedule-scores.shtml#all_team_schedule
BAL202507080,2025-07-08,0,BAL,NYM,,BAL,BAL,BAL,https://www.baseball-reference.com/teams/BAL/2025-schedule-scores.shtml#all_team_schedule
BOS202507080,2025-07-08,0,BOS,COL,,BOS,BOS,BOS,https://www.baseball-reference.com/teams/BOS/2025-schedule-scores.shtml#all_team_schedule
CHA202507080,2025-07-08,0,CHW,TOR,,CHW,CHA,CHW,https://www.baseball-reference.com/teams/CHW/2025-schedule-scores.shtml#all_team_schedule
CIN202507080,2025-07-08,0,CIN,MIA,,CIN,CIN,CIN,https://www.baseball-reference.com/teams/CIN/2025-schedule-scores.shtml#all_team_schedule
DET202507080,2025-07-08,0,DET,TBR,,DET,DET,DET,https://www.baseball-reference.com/teams/DET/2025-schedule-scores.shtml#all_team_schedule
HOU202507080,2025-07-08,0,CLE,HOU,@,HOU,HOU,CLE,https://www.baseball-reference.com/teams/CLE/2025-schedule-scores.shtml#all_team_schedule
KCA202507080,2025-07-08,0,KCR,PIT,,KCR,KCA,KCR,https://www.baseball-reference.com/teams/KCR/2025-schedule-scores.shtml#all_team_schedule
MIL202507080,2025-07-08,0,LAD,MIL,@,MIL,MIL,LAD,https://www.baseball-reference.com/teams/LAD/2025-schedule-scores.shtml#all_team_schedule
MIN202507080,2025-07-08,0,CHC,MIN,@,MIN,MIN,CHC,https://www.baseball-reference.com/teams/CHC/2025-schedule-scores.shtml#all_team_schedule
NYA202507080,2025-07-08,0,NYY,SEA,,NYY,NYA,NYY,https://www.baseball-reference.com/teams/NYY/2025-schedule-scores.shtml#all_team_schedule
SDN202507080,2025-07-08,0,ARI,SDP,@,SDP,SDN,ARI,https://www.baseball-reference.com/teams/ARI/2025-schedule-scores.shtml#all_team_schedule
SFN202507080,2025-07-08,0,PHI,SFG,@,SFG,SFN,PHI,https://www.baseball-reference.com/teams/PHI/2025-schedule-scores.shtml#all_team_schedule
SLN202507080,2025-07-08,0,STL,WSN,,STL,SLN,STL,https://www.baseball-reference.com/teams/STL/2025-schedule-scores.shtml#all_team_schedule
ANA202507090,2025-07-09,0,LAA,TEX,,LAA,ANA,LAA,https://www.baseball-reference.com/teams/LAA/2025-schedule-scores.shtml#all_team_schedule
ATH202507090,2025-07-09,0,ATH,ATL,,ATH,ATH,ATH,https://www.baseball-reference.com/teams/ATH/2025-schedule-scores.shtml#all_team_schedule
BOS202507090,2025-07-09,0,BOS,COL,,BOS,BOS,BOS,https://www.baseball-reference.com/teams/BOS/2025-schedule-scores.shtml#all_team_schedule
CHA202507090,2025-07-09,0,CHW,TOR,,CHW,CHA,CHW,https://www.baseball-reference.com/teams/CHW/2025-schedule-scores.shtml#all_team_schedule
CIN202507090,2025-07-09,0,CIN,MIA,,CIN,CIN,CIN,https://www.baseball-reference.com/teams/CIN/2025-schedule-scores.shtml#all_team_schedule
DET202507090,2025-07-09,0,DET,TBR,,DET,DET,DET,https://www.baseball-reference.com/teams/DET/2025-schedule-scores.shtml#all_team_schedule
HOU202507090,2025-07-09,0,CLE,HOU,@,HOU,HOU,CLE,https://www.baseball-reference.com/teams/CLE/2025-schedule-scores.shtml#all_team_schedule
KCA202507090,2025-07-09,0,KCR,PIT,,KCR,KCA,KCR,https://www.baseball-reference.com/teams/KCR/2025-schedule-scores.shtml#all_team_schedule
MIL202507090,2025-07-09,0,LAD,MIL,@,MIL,MIL,LAD,https://www.baseball-reference.com/teams/LAD/2025-schedule-scores.shtml#all_team_schedule
MIN202507090,2025-07-09,0,CHC,MIN,@,MIN,MIN,CHC,https://www.baseball-reference.com/teams/CHC/2025-schedule-scores.shtml#all_team_schedule
NYA202507090,2025-07-09,0,NYY,SEA,,NYY,NYA,NYY,https://www.baseball-reference.com/teams/NYY/2025-schedule-scores.shtml#all_team_schedule
SDN202507090,2025-07-09,0,ARI,SDP,@,SDP,SDN,ARI,https://www.baseball-reference.com/teams/ARI/2025-schedule-scores.shtml#all_team_schedule
SFN202507090,2025-07-09,0,PHI,SFG,@,SFG,SFN,PHI,https://www.baseball-reference.com/teams/PHI/2025-schedule-scores.shtml#all_team_schedule
SLN202507090,2025-07-09,0,STL,WSN,,STL,SLN,STL,https://www.baseball-reference.com/teams/STL/2025-schedule-scores.shtml#all_team_schedule
ANA202507100,2025-07-10,0,LAA,TEX,,LAA,ANA,LAA,https://www.baseball-reference.com/teams/LAA/2025-schedule-scores.shtml#all_team_schedule
ATH202507100,2025-07-10,0,ATH,ATL,,ATH,ATH,ATH,https://www.baseball-reference.com/teams/ATH/2025-schedule-scores.shtml#all_team_schedule
BAL202507101,2025-07-10,1,BAL,NYM,,BAL,BAL,BAL,https://www.baseball-reference.com/teams/BAL/2025-schedule-scores.shtml#all_team_schedule
BAL202507102,2025-07-10,2,BAL,NYM,,BAL,BAL,BAL,https://www.baseball-reference.com/teams/BAL/2025-schedule-scores.shtml#all_team_schedule
BOS202507100,2025-07-10,0,BOS,TBR,,BOS,BOS,BOS,https://www.baseball-reference.com/teams/BOS/2025-schedule-scores.shtml#all_team_schedule
CIN202507100,2025-07-10,0,CIN,MIA,,CIN,CIN,CIN,https://www.baseball-reference.com/teams/CIN/2025-schedule-scores.shtml#all_team_schedule
MIN202507100,2025-07-10,0,CHC,MIN,@,MIN,MIN,CHC,https://www.baseball-reference.com/teams/CHC/2025-schedule-scores.shtml#all_team_schedule
NYA202507100,2025-07-10,0,NYY,SEA,,NYY,NYA,NYY,https://www.baseball-reference.com/teams/NYY/2025-schedule-scores.shtml#all_team_schedule
SDN202507100,2025-07-10,0,ARI,SDP,@,SDP,SDN,ARI,https://www.baseball-reference.com/teams/ARI/2025-schedule-scores.shtml#all_team_schedule
SLN202507100,2025-07-10,0,STL,WSN,,STL,SLN,STL,https://www.baseball-reference.com/teams/STL/2025-schedule-scores.shtml#all_team_schedule
ANA202507110,2025-07-11,0,ARI,LAA,@,LAA,ANA,ARI,https://www.baseball-reference.com/teams/ARI/2025-schedule-scores.shtml#all_team_schedule
ATH202507110,2025-07-11,0,ATH,TOR,,ATH,ATH,ATH,https://www.baseball-reference.com/teams/ATH/2025-schedule-scores.shtml#all_team_schedule
BAL202507110,2025-07-11,0,BAL,MIA,,BAL,BAL,BAL,https://www.baseball-reference.com/teams/BAL/2025-schedule-scores.shtml#all_team_schedule
BOS202507110,2025-07-11,0,BOS,TBR,,BOS,BOS,BOS,https://www.baseball-reference.com/teams/BOS/2025-schedule-scores.shtml#all_team_schedule
CHA202507111,2025-07-11,1,CHW,CLE,,CHW,CHA,CHW,https://www.baseball-reference.com/teams/CHW/2025-schedule-scores.shtml#all_team_schedule
CHA202507112,2025-07-11,2,CHW,CLE,,CHW,CHA,CHW,https://www.baseball-reference.com/teams/CHW/2025-schedule-scores.shtml#all_team_schedule
CIN202507110,2025-07-11,0,CIN,COL,,CIN,CIN,CIN,https://www.baseball-reference.com/teams/CIN/2025-schedule-scores.shtml#all_team_schedule
DET202507110,2025-07-11,0,DET,SEA,,DET,DET,DET,https://www.baseball-reference.com/teams/DET/2025-schedule-scores.shtml#all_team_schedule
HOU202507110,2025-07-11,0,HOU,TEX,,HOU,HOU,HOU,https://www.baseball-reference.com/teams/HOU/2025-schedule-scores.shtml#all_team_schedule
KCA202507110,2025-07-11,0,KCR,NYM,,KCR,KCA,KCR,https://www.baseball-reference.com/teams/KCR/2025-schedule-scores.shtml#all_team_schedule
MIL202507110,2025-07-11,0,MIL,WSN,,MIL,MIL,MIL,https://www.baseball-reference.com/teams/MIL/2025-schedule-scores.shtml#all_team_schedule
MIN202507110,2025-07-11,0,MIN,PIT,,MIN,MIN,MIN,https://www.baseball-reference.com/teams/MIN/2025-schedule-scores.shtml#all_team_schedule
NYA202507110,2025-07-11,0,CHC,NYY,@,NYY,NYA,CHC,https://www.baseball-reference.com/teams/CHC/2025-schedule-scores.shtml#all_team_schedule
SDN202507110,2025-07-11,0,PHI,SDP,@,SDP,SDN,PHI,https://www.baseball-reference.com/teams/PHI/2025-schedule-scores.shtml#all_team_schedule
SFN202507110,2025-07-11,0,LAD,SFG,@,SFG,SFN,LAD,https://www.baseball-reference.com/teams/LAD/2025-schedule-scores.shtml#all_team_schedule
SLN202507110,2025-07-11,0,ATL,STL,@,STL,SLN,ATL,https://www.baseball-reference.com/teams/ATL/2025-schedule-scores.shtml#all_team_schedule
ANA202507120,2025-07-12,0,ARI,LAA,@,LAA,ANA,ARI,https://www.baseball-reference.com/teams/ARI/2025-schedule-scores.shtml#all_team_schedule
ATH202507120,2025-07-12,0,ATH,TOR,,ATH,ATH,ATH,https://www.baseball-reference.com/teams/ATH/2025-schedule-scores.shtml#all_team_schedule
BAL202507120,2025-07-12,0,BAL,MIA,,BAL,BAL,BAL,https://www.baseball-reference.com/teams/BAL/2025-schedule-scores.shtml#all_team_schedule
BOS202507120,2025-07-12,0,BOS,TBR,,BOS,BOS,BOS,https://www.baseball-reference.com/teams/BOS/2025-schedule-scores.shtml#all_team_schedule
CHA202507120,2025-07-12,0,CHW,CLE,,CHW,CHA,CHW,https://www.baseball-reference.com/teams/CHW/2025-schedule-scores.shtml#all_team_schedule
CIN202507120,2025-07-12,0,CIN,COL,,CIN,CIN,CIN,https://www.baseball-reference.com/teams/CIN/2025-schedule-scores.shtml#all_team_schedule
DET202507120,2025-07-12,0,DET,SEA,,DET,DET,DET,https://www.baseball-reference.com/teams/DET/2025-schedule-scores.shtml#all_team_schedule
HOU202507120,2025-07-12,0,HOU,TEX,,HOU,HOU,HOU,https://www.baseball-reference.com/teams/HOU/2025-schedule-scores.shtml#all_team_schedule
KCA202507120,2025-07-12,0,KCR,NYM,,KCR,KCA,KCR,https://www.baseball-reference.com/teams/KCR/2025-schedule-scores.shtml#all_team_schedule
MIL202507120,2025-07-12,0,MIL,WSN,,MIL,MIL,MIL,https://www.baseball-reference.com/teams/MIL/2025-schedule-scores.shtml#all_team_schedule
MIN202507120,2025-07-12,0,MIN,PIT,,MIN,MIN,MIN,https://www.baseball-reference.com/teams/MIN/2025-schedule-scores.shtml#all_team_schedule
NYA202507120,2025-07-12,0,CHC,NYY,@,NYY,NYA,CHC,https://www.baseball-reference.com/teams/CHC/2025-schedule-scores.shtml#all_team_schedule
SDN202507120,2025-07-12,0,PHI,SDP,@,SDP,SDN,PHI,https://www.baseball-reference.com/teams/PHI/2025-schedule-scores.shtml#all_team_schedule
SFN202507120,2025-07-12,0,LAD,SFG,@,SFG,SFN,LAD,https://www.baseball-reference.com/teams/LAD/2025-schedule-scores.shtml#all_team_schedule
SLN202507120,2025-07-12,0,ATL,STL,@,STL,SLN,ATL,https://www.baseball-reference.com/teams/ATL/2025-schedule-scores.shtml#all_team_schedule
ANA202507130,2025-07-13,0,ARI,LAA,@,LAA,ANA,ARI,https://www.baseball-reference.com/teams/ARI/2025-schedule-scores.shtml#all_team_schedule
ATH202507130,2025-07-13,0,ATH,TOR,,ATH,ATH,ATH,https://www.baseball-reference.com/teams/ATH/2025-schedule-scores.shtml#all_team_schedule
BAL202507130,2025-07-13,0,BAL,MIA,,BAL,BAL,BAL,https://www.baseball-reference.com/teams/BAL/2025-schedule-scores.shtml#all_team_schedule
BOS202507130,2025-07-13,0,BOS,TBR,,BOS,BOS,BOS,https://www.baseball-reference.com/teams/BOS/2025-schedule-scores.shtml#all_team_schedule
CHA202507130,2025-07-13,0,CHW,CLE,,CHW,CHA,CHW,https://www.baseball-reference.com/teams/CHW/2025-schedule-scores.shtml#all_team_schedule
CIN202507130,2025-07-13,0,CIN,COL,,CIN,CIN,CIN,https://www.baseball-reference.com/teams/CIN/2025-schedule-scores.shtml#all_team_schedule
DET202507130,2025-07-13,0,DET,SEA,,DET,DET,DET,https://www.baseball-reference.com/teams/DET/2025-schedule-scores.shtml#all_team_schedule
HOU202507130,2025-07-13,0,HOU,TEX,,HOU,HOU,HOU,https://www.baseball-reference.com/teams/HOU/2025-schedule-scores.shtml#all_team_schedule
KCA202507130,2025-07-13,0,KCR,NYM,,KCR,KCA,KCR,https://www.baseball-reference.com/teams/KCR/2025-schedule-scores.shtml#all_team_schedule
MIL202507130,2025-07-13,0,MIL,WSN,,MIL,MIL,MIL,https://www.baseball-reference.com/teams/MIL/2025-schedule-scores.shtml#all_team_schedule
MIN202507130,2025-07-13,0,MIN,PIT,,MIN,MIN,MIN,https://www.baseball-reference.com/teams/MIN/2025-schedule-scores.shtml#all_team_schedule
NYA202507130,2025-07-13,0,CHC,NYY,@,NYY,NYA,CHC,https://www.baseball-reference.com/teams/CHC/2025-schedule-scores.shtml#all_team_schedule
SDN202507130,2025-07-13,0,PHI,SDP,@,SDP,SDN,PHI,https://www.baseball-reference.com/teams/PHI/2025-schedule-scores.shtml#all_team_schedule
SFN202507130,2025-07-13,0,LAD,SFG,@,SFG,SFN,LAD,https://www.baseball-reference.com/teams/LAD/2025-schedule-scores.shtml#all_team_schedule
SLN202507130,2025-07-13,0,ATL,STL,@,STL,SLN,ATL,https://www.baseball-reference.com/teams/ATL/2025-schedule-scores.shtml#all_team_schedule
ARI202507180,2025-07-18,0,ARI,STL,,ARI,ARI,ARI,https://www.baseball-reference.com/teams/ARI/2025-schedule-scores.shtml#all_team_schedule
ATL202507180,2025-07-18,0,ATL,NYY,,ATL,ATL,ATL,https://www.baseball-reference.com/teams/ATL/2025-schedule-scores.shtml#all_team_schedule
CHN202507180,2025-07-18,0,BOS,CHC,@,CHC,CHN,BOS,https://www.baseball-reference.com/teams/BOS/2025-schedule-scores.shtml#all_team_schedule
CLE202507180,2025-07-18,0,ATH,CLE,@,CLE,CLE,ATH,https://www.baseball-reference.com/teams/ATH/2025-schedule-scores.shtml#all_team_schedule
COL202507180,2025-07-18,0,COL,MIN,,COL,COL,COL,https://www.baseball-reference.com/teams/COL/2025-schedule-scores.shtml#all_team_schedule
LAN202507180,2025-07-18,0,LAD,MIL,,LAD,LAN,LAD,https://www.baseball-reference.com/teams/LAD/2025-schedule-scores.shtml#all_team_schedule
MIA202507180,2025-07-18,0,KCR,MIA,@,MIA,MIA,KCR,https://www.baseball-reference.com/teams/KCR/2025-schedule-scores.shtml#all_team_schedule
NYN202507180,2025-07-18,0,CIN,NYM,@,NYM,NYN,CIN,https://www.baseball-reference.com/teams/CIN/2025-schedule-scores.shtml#all_team_schedule
PHI202507180,2025-07-18,0,LAA,PHI,@,PHI,PHI,LAA,https://www.baseball-reference.com/teams/LAA/2025-schedule-scores.shtml#all_team_schedule
PIT202507180,2025-07-18,0,CHW,PIT,@,PIT,PIT,CHW,https://www.baseball-reference.com/teams/CHW/2025-schedule-scores.shtml#all_team_schedule
SEA202507180,2025-07-18,0,HOU,SEA,@,SEA,SEA,HOU,https://www.baseball-reference.com/teams/HOU/2025-schedule-scores.shtml#all_team_schedule
TBA202507180,2025-07-18,0,BAL,TBR,@,TBR,TBA,BAL,https://www.baseball-reference.com/teams/BAL/2025-schedule-scores.shtml#all_team_schedule
TEX202507180,2025-07-18,0,DET,TEX,@,TEX,TEX,DET,https://www.baseball-reference.com/teams/DET/2025-schedule-scores.shtml#all_team_schedule
TOR202507180,2025-07-18,0,SFG,TOR,@,TOR,TOR,SFG,https://www.baseball-reference.com/teams/SFG/2025-schedule-scores.shtml#all_team_schedule
WAS202507180,2025-07-18,0,SDP,WSN,@,WSN,WAS,SDP,https://www.baseball-reference.com/teams/SDP/2025-schedule-scores.shtml#all_team_schedule
ARI202507190,2025-07-19,0,ARI,STL,,ARI,ARI,ARI,https://www.baseball-reference.com/teams/ARI/2025-schedule-scores.shtml#all_team_schedule
ATL202507190,2025-07-19,0,ATL,NYY,,ATL,ATL,ATL,https://www.baseball-reference.com/teams/ATL/2025-schedule-scores.shtml#all_team_schedule
CHN202507190,2025-07-19,0,BOS,CHC,@,CHC,CHN,BOS,https://www.baseball-reference.com/teams/BOS/2025-schedule-scores.shtml#all_team_schedule
CLE202507190,2025-07-19,0,ATH,CLE,@,CLE,CLE,ATH,https://www.baseball-reference.com/teams/ATH/2025-schedule-scores.shtml#all_team_schedule
COL202507190,2025-07-19,0,COL,MIN,,COL,COL,COL,https://www.baseball-reference.com/teams/COL/2025-schedule-scores.shtml#all_team_schedule
LAN202507190,2025-07-19,0,LAD,MIL,,LAD,LAN,LAD,https://www.baseball-reference.com/teams/LAD/2025-schedule-scores.shtml#all_team_schedule
MIA202507190,2025-07-19,0,KCR,MIA,@,MIA,MIA,KCR,https://www.baseball-reference.com/teams/KCR/2025-schedule-scores.shtml#all_team_schedule
NYN202507190,2025-07-19,0,CIN,NYM,@,NYM,NYN,CIN,https://www.baseball-reference.com/teams/CIN/2025-schedule-scores.shtml#all_team_schedule
PHI202507190,2025-07-19,0,LAA,PHI,@,PHI,PHI,LAA,https://www.baseball-reference.com/teams/LAA/2025-schedule-scores.shtml#all_team_schedule
PIT202507190,2025-07-19,0,CHW,PIT,@,PIT,PIT,CHW,https://www.baseball-reference.com/teams/CHW/2025-schedule-scores.shtml#all_team_schedule
SEA202507190,2025-07-19,0,HOU,SEA,@,SEA,SEA,HOU,https://www.baseball-reference.com/teams/HOU/2025-schedule-scores.shtml#all_team_schedule
TBA202507190,2025-07-19,0,BAL,TBR,@,TBR,TBA,BAL,https://www.baseball-reference.com/teams/BAL/2025-schedule-scores.shtml#all_team_schedule
TEX202507190,2025-07-19,0,DET,TEX,@,TEX,TEX,DET,https://www.baseball-reference.com/teams/DET/2025-schedule-scores.shtml#all_team_schedule
TOR202507190,2025-07-19,0,SFG,TOR,@,TOR,TOR,SFG,https://www.baseball-reference.com/teams/SFG/2025-schedule-scores.shtml#all_team_schedule
WAS202507190,2025-07-19,0,SDP,WSN,@,WSN,WAS,SDP,https://www.baseball-reference.com/teams/SDP/2025-schedule-scores.shtml#all_team_schedule
ARI202507200,2025-07-20,0,ARI,STL,,ARI,ARI,ARI,https://www.baseball-reference.com/teams/ARI/2025-schedule-scores.shtml#all_team_schedule
ATL202507200,2025-07-20,0,ATL,NYY,,ATL,ATL,ATL,https://www.baseball-reference.com/teams/ATL/2025-schedule-scores.shtml#all_team_schedule
CHN202507200,2025-07-20,0,BOS,CHC,@,CHC,CHN,BOS,https://www.baseball-reference.com/teams/BOS/2025-schedule-scores.shtml#all_team_schedule
CLE202507200,2025-07-20,0,ATH,CLE,@,CLE,CLE,ATH,https://www.baseball-reference.com/teams/ATH/2025-schedule-scores.shtml#all_team_schedule
COL202507200,2025-07-20,0,COL,MIN,,COL,COL,COL,https://www.baseball-reference.com/teams/COL/2025-schedule-scores.shtml#all_team_schedule
LAN202507200,2025-07-20,0,LAD,MIL,,LAD,LAN,LAD,https://www.baseball-reference.com/teams/LAD/2025-schedule-scores.shtml#all_team_schedule
MIA202507200,2025-07-20,0,KCR,MIA,@,MIA,MIA,KCR,https://www.baseball-reference.com/teams/KCR/2025-schedule-scores.shtml#all_team_schedule
NYN202507200,2025-07-20,0,CIN,NYM,@,NYM,NYN,CIN,https://www.baseball-reference.com/teams/CIN/2025-schedule-scores.shtml#all_team_schedule
PHI202507200,2025-07-20,0,LAA,PHI,@,PHI,PHI,LAA,https://www.baseball-reference.com/teams/LAA/2025-schedule-scores.shtml#all_team_schedule
PIT202507200,2025-07-20,0,CHW,PIT,@,PIT,PIT,CHW,https://www.baseball-reference.com/teams/CHW/2025-schedule-scores.shtml#all_team_schedule
SEA202507200,2025-07-20,0,HOU,SEA,@,SEA,SEA,HOU,https://www.baseball-reference.com/teams/HOU/2025-schedule-scores.shtml#all_team_schedule
TBA202507200,2025-07-20,0,BAL,TBR,@,TBR,TBA,BAL,https://www.baseball-reference.com/teams/BAL/2025-schedule-scores.shtml#all_team_schedule
TEX202507200,2025-07-20,0,DET,TEX,@,TEX,TEX,DET,https://www.baseball-reference.com/teams/DET/2025-schedule-scores.shtml#all_team_schedule
TOR202507200,2025-07-20,0,SFG,TOR,@,TOR,TOR,SFG,https://www.baseball-reference.com/teams/SFG/2025-schedule-scores.shtml#all_team_schedule
WAS202507200,2025-07-20,0,SDP,WSN,@,WSN,WAS,SDP,https://www.baseball-reference.com/teams/SDP/2025-schedule-scores.shtml#all_team_schedule
ARI202507210,2025-07-21,0,ARI,HOU,,ARI,ARI,ARI,https://www.baseball-reference.com/teams/ARI/2025-schedule-scores.shtml#all_team_schedule
ATL202507210,2025-07-21,0,ATL,SFG,,ATL,ATL,ATL,https://www.baseball-reference.com/teams/ATL/2025-schedule-scores.shtml#all_team_schedule
CHN202507210,2025-07-21,0,CHC,KCR,,CHC,CHN,CHC,https://www.baseball-reference.com/teams/CHC/2025-schedule-scores.shtml#all_team_schedule
CLE202507210,2025-07-21,0,BAL,CLE,@,CLE,CLE,BAL,https://www.baseball-reference.com/teams/BAL/2025-schedule-scores.shtml#all_team_schedule
COL202507210,2025-07-21,0,COL,STL,,COL,COL,COL,https://www.baseball-reference.com/teams/COL/2025-schedule-scores.shtml#all_team_schedule
LAN202507210,2025-07-21,0,LAD,MIN,,LAD,LAN,LAD,https://www.baseball-reference.com/teams/LAD/2025-schedule-scores.shtml#all_team_schedule
MIA202507210,2025-07-21,0,MIA,SDP,,MIA,MIA,MIA,https://www.baseball-reference.com/teams/MIA/2025-schedule-scores.shtml#all_team_schedule
NYN202507210,2025-07-21,0,LAA,NYM,@,NYM,NYN,LAA,https://www.baseball-reference.com/teams/LAA/2025-schedule-scores.shtml#all_team_schedule
PHI202507210,2025-07-21,0,BOS,PHI,@,PHI,PHI,BOS,https://www.baseball-reference.com/teams/BOS/2025-schedule-scores.shtml#all_team_schedule
PIT202507210,2025-07-21,0,DET,PIT,@,PIT,PIT,DET,https://www.baseball-reference.com/teams/DET/2025-schedule-scores.shtml#all_team_schedule
SEA202507210,2025-07-21,0,MIL,SEA,@,SEA,SEA,MIL,https://www.baseball-reference.com/teams/MIL/2025-schedule-scores.shtml#all_team_schedule
TBA202507210,2025-07-21,0,CHW,TBR,@,TBR,TBA,CHW,https://www.baseball-reference.com/teams/CHW/2025-schedule-scores.shtml#all_team_schedule
TEX202507210,2025-07-21,0,ATH,TEX,@,TEX,TEX,ATH,https://www.baseball-reference.com/teams/ATH/2025-schedule-scores.shtml#all_team_schedule
TOR202507210,2025-07-21,0,NYY,TOR,@,TOR,TOR,NYY,https://www.baseball-reference.com/teams/NYY/2025-schedule-scores.shtml#all_team_schedule
WAS202507210,2025-07-21,0,CIN,WSN,@,WSN,WAS,CIN,https://www.baseball-reference.com/teams/CIN/2025-schedule-scores.shtml#all_team_schedule
ARI202507220,2025-07-22,0,ARI,HOU,,ARI,ARI,ARI,https://www.baseball-reference.com/teams/ARI/2025-schedule-scores.shtml#all_team_schedule
ATL202507220,2025-07-22,0,ATL,SFG,,ATL,ATL,ATL,https://www.baseball-reference.com/teams/ATL/2025-schedule-scores.shtml#all_team_schedule
CHN202507220,2025-07-22,0,CHC,KCR,,CHC,CHN,CHC,https://www.baseball-reference.com/teams/CHC/2025-schedule-scores.shtml#all_team_schedule
CLE202507220,2025-07-22,0,BAL,CLE,@,CLE,CLE,BAL,https://www.baseball-reference.com/teams/BAL/2025-schedule-scores.shtml#all_team_schedule
COL202507220,2025-07-22,0,COL,STL,,COL,COL,COL,https://www.baseball-reference.com/teams/COL/2025-schedule-scores.shtml#all_team_schedule
LAN202507220,2025-07-22,0,LAD,MIN,,LAD,LAN,LAD,https://www.baseball-reference.com/teams/LAD/2025-schedule-scores.shtml#all_team_schedule
MIA202507220,2025-07-22,0,MIA,SDP,,MIA,MIA,MIA,https://www.baseball-reference.com/teams/MIA/2025-schedule-scores.shtml#all_team_schedule
NYN202507220,2025-07-22,0,LAA,NYM,@,NYM,NYN,LAA,https://www.baseball-reference.com/teams/LAA/2025-schedule-scores.shtml#all_team_schedule
PHI202507220,2025-07-22,0,BOS,PHI,@,PHI,PHI,BOS,https://www.baseball-reference.com/teams/BOS/2025-schedule-scores.shtml#all_team_schedule
PIT202507220,2025-07-22,0,DET,PIT,@,PIT,PIT,DET,https://www.baseball-reference.com/teams/DET/2025-schedule-scores.shtml#all_team_schedule
SEA202507220,2025-07-22,0,MIL,SEA,@,SEA,SEA,MIL,https://www.baseball-reference.com/teams/MIL/2025-schedule-scores.shtml#all_team_schedule
TBA202507220,2025-07-22,0,CHW,TBR,@,TBR,TBA,CHW,https://www.baseball-reference.com/teams/CHW/2025-schedule-scores.shtml#all_team_schedule
TEX202507220,2025-07-22,0,ATH,TEX,@,TEX,TEX,ATH,https://www.baseball-reference.com/teams/ATH/2025-schedule-scores.shtml#all_team_schedule
TOR202507220,2025-07-22,0,NYY,TOR,@,TOR,TOR,NYY,https://www.baseball-reference.com/teams/NYY/2025-schedule-scores.shtml#all_team_schedule
WAS202507220,2025-07-22,0,CIN,WSN,@,WSN,WAS,CIN,https://www.baseball-reference.com/teams/CIN/2025-schedule-scores.shtml#all_team_schedule
ARI202507230,2025-07-23,0,ARI,HOU,,ARI,ARI,ARI,https://www.baseball-reference.com/teams/ARI/2025-schedule-scores.shtml#all_team_schedule
ATL202507230,2025-07-23,0,ATL,SFG,,ATL,ATL,ATL,https://www.baseball-reference.com/teams/ATL/2025-schedule-scores.shtml#all_team_schedule
CHN202507230,2025-07-23,0,CHC,KCR,,CHC,CHN,CHC,https://www.baseball-reference.com/teams/CHC/2025-schedule-scores.shtml#all_team_schedule
CLE202507230,2025-07-23,0,BAL,CLE,@,CLE,CLE,BAL,https://www.baseball-reference.com/teams/BAL/2025-schedule-scores.shtml#all_team_schedule
COL202507230,2025-07-23,0,COL,STL,,COL,COL,COL,https://www.baseball-reference.com/teams/COL/2025-schedule-scores.shtml#all_team_schedule
LAN202507230,2025-07-23,0,LAD,MIN,,LAD,LAN,LAD,https://www.baseball-reference.com/teams/LAD/2025-schedule-scores.shtml#all_team_schedule
MIA202507230,2025-07-23,0,MIA,SDP,,MIA,MIA,MIA,https://www.baseball-reference.com/teams/MIA/2025-schedule-scores.shtml#all_team_schedule
NYN202507230,2025-07-23,0,LAA,NYM,@,NYM,NYN,LAA,https://www.baseball-reference.com/teams/LAA/2025-schedule-scores.shtml#all_team_schedule
PHI202507230,2025-07-23,0,BOS,PHI,@,PHI,PHI,BOS,https://www.baseball-reference.com/teams/BOS/2025-schedule-scores.shtml#all_team_schedule
PIT202507230,2025-07-23,0,DET,PIT,@,PIT,PIT,DET,https://www.baseball-reference.com/teams/DET/2025-schedule-scores.shtml#all_team_schedule
SEA202507230,2025-07-23,0,MIL,SEA,@,SEA,SEA,MIL,https://www.baseball-reference.com/teams/MIL/2025-schedule-scores.shtml#all_team_schedule
TBA202507230,2025-07-23,0,CHW,TBR,@,TBR,TBA,CHW,https://www.baseball-reference.com/teams/CHW/2025-schedule-scores.shtml#all_team_schedule
TEX202507230,2025-07-23,0,ATH,TEX,@,TEX,TEX,ATH,https://www.baseball-reference.com/teams/ATH/2025-schedule-scores.shtml#all_team_schedule
TOR202507230,2025-07-23,0,NYY,TOR,@,TOR,TOR,NYY,https://www.baseball-reference.com/teams/NYY/2025-schedule-scores.shtml#all_team_schedule
WAS202507230,2025-07-23,0,CIN,WSN,@,WSN,WAS,CIN,https://www.baseball-reference.com/teams/CIN/2025-schedule-scores.shtml#all_team_schedule
ANA202507240,2025-07-24,0,LAA,SEA,,LAA,ANA,LAA,https://www.baseball-reference.com/teams/LAA/2025-schedule-scores.shtml#all_team_schedule
CLE202507240,2025-07-24,0,BAL,CLE,@,CLE,CLE,BAL,https://www.baseball-reference.com/teams/BAL/2025-schedule-scores.shtml#all_team_schedule
DET202507240,2025-07-24,0,DET,TOR,,DET,DET,DET,https://www.baseball-reference.com/teams/DET/2025-schedule-scores.shtml#all_team_schedule
HOU202507240,2025-07-24,0,ATH,HOU,@,HOU,HOU,ATH,https://www.baseball-reference.com/teams/ATH/2025-schedule-scores.shtml#all_team_schedule
SLN202507240,2025-07-24,0,SDP,STL,@,STL,SLN,SDP,https://www.baseball-reference.com/teams/SDP/2025-schedule-scores.shtml#all_team_schedule
ANA202507250,2025-07-25,0,LAA,SEA,,LAA,ANA,LAA,https://www.baseball-reference.com/teams/LAA/2025-schedule-scores.shtml#all_team_schedule
BAL202507250,2025-07-25,0,BAL,COL,,BAL,BAL,BAL,https://www.baseball-reference.com/teams/BAL/2025-schedule-scores.shtml#all_team_schedule
BOS202507250,2025-07-25,0,BOS,LAD,,BOS,BOS,BOS,https://www.baseball-reference.com/teams/BOS/2025-schedule-scores.shtml#all_team_schedule
CHA202507250,2025-07-25,0,CHC,CHW,@,CHW,CHA,CHC,https://www.baseball-reference.com/teams/CHC/2025-schedule-scores.shtml#all_team_schedule
CIN202507250,2025-07-25,0,CIN,TBR,,CIN,CIN,CIN,https://www.baseball-reference.com/teams/CIN/2025-schedule-scores.shtml#all_team_schedule
DET202507250,2025-07-25,0,DET,TOR,,DET,DET,DET,https://www.baseball-reference.com/teams/DET/2025-schedule-scores.shtml#all_team_schedule
HOU202507250,2025-07-25,0,ATH,HOU,@,HOU,HOU,ATH,https://www.baseball-reference.com/teams/ATH/2025-schedule-scores.shtml#all_team_schedule
MIL202507250,2025-07-25,0,MIA,MIL,@,MIL,MIL,MIA,https://www.baseball-reference.com/teams/MIA/2025-schedule-scores.shtml#all_team_schedule
MIN202507250,2025-07-25,0,MIN,WSN,,MIN,MIN,MIN,https://www.baseball-reference.com/teams/MIN/2025-schedule-scores.shtml#all_team_schedule
NYA202507250,2025-07-25,0,NYY,PHI,,NYY,NYA,NYY,https://www.baseball-reference.com/teams/NYY/2025-schedule-scores.shtml#all_team_schedule
PIT202507250,2025-07-25,0,ARI,PIT,@,PIT,PIT,ARI,https://www.baseball-reference.com/teams/ARI/2025-schedule-scores.shtml#all_team_schedule
SFN202507250,2025-07-25,0,NYM,SFG,@,SFG,SFN,NYM,https://www.baseball-reference.com/teams/NYM/2025-schedule-scores.shtml#all_team_schedule
SLN202507250,2025-07-25,0,SDP,STL,@,STL,SLN,SDP,https://www.baseball-reference.com/teams/SDP/2025-schedule-scores.shtml#all_team_schedule
TEX202507250,2025-07-25,0,ATL,TEX,@,TEX,TEX,ATL,https://www.baseball-reference.com/teams/ATL/2025-schedule-scores.shtml#all_team_schedule
ANA202507260,2025-07-26,0,LAA,SEA,,LAA,ANA,LAA,https://www.baseball-reference.com/teams/LAA/2025-schedule-scores.shtml#all_team_schedule
BAL202507260,2025-07-26,0,BAL,COL,,BAL,BAL,BAL,https://www.baseball-reference.com/teams/BAL/2025-schedule-scores.shtml#all_team_schedule
BOS202507260,2025-07-26,0,BOS,LAD,,BOS,BOS,BOS,https://www.baseball-reference.com/teams/BOS/2025-schedule-scores.shtml#all_team_schedule
CHA202507260,2025-07-26,0,CHC,CHW,@,CHW,CHA,CHC,https://www.baseball-reference.com/teams/CHC/2025-schedule-scores.shtml#all_team_schedule
CIN202507260,2025-07-26,0,CIN,TBR,,CIN,CIN,CIN,https://www.baseball-reference.com/teams/CIN/2025-schedule-scores.shtml#all_team_schedule
DET202507260,2025-07-26,0,DET,TOR,,DET,DET,DET,https://www.baseball-reference.com/teams/DET/2025-schedule-scores.shtml#all_team_schedule
HOU202507260,2025-07-26,0,ATH,HOU,@,HOU,HOU,ATH,https://www.baseball-reference.com/teams/ATH/2025-schedule-scores.shtml#all_team_schedule
KCA202507261,2025-07-26,1,CLE,KCR,@,KCR,KCA,CLE,https://www.baseball-reference.com/teams/CLE/2025-schedule-scores.shtml#all_team_schedule
KCA202507262,2025-07-26,2,CLE,KCR,@,KCR,KCA,CLE,https://www.baseball-reference.com/teams/CLE/2025-schedule-scores.shtml#all_team_schedule
MIL202507260,2025-07-26,0,MIA,MIL,@,MIL,MIL,MIA,https://www.baseball-reference.com/teams/MIA/2025-schedule-scores.shtml#all_team_schedule
MIN202507260,2025-07-26,0,MIN,WSN,,MIN,MIN,MIN,https://www.baseball-reference.com/teams/MIN/2025-schedule-scores.shtml#all_team_schedule
NYA202507260,2025-07-26,0,NYY,PHI,,NYY,NYA,NYY,https://www.baseball-reference.com/teams/NYY/2025-schedule-scores.shtml#all_team_schedule
PIT202507260,2025-07-26,0,ARI,PIT,@,PIT,PIT,ARI,https://www.baseball-reference.com/teams/ARI/2025-schedule-scores.shtml#all_team_schedule
SFN202507260,2025-07-26,0,NYM,SFG,@,SFG,SFN,NYM,https://www.baseball-reference.com/teams/NYM/2025-schedule-scores.shtml#all_team_schedule
SLN202507260,2025-07-26,0,SDP,STL,@,STL,SLN,SDP,https://www.baseball-reference.com/teams/SDP/2025-schedule-scores.shtml#all_team_schedule
TEX202507260,2025-07-26,0,ATL,TEX,@,TEX,TEX,ATL,https://www.baseball-reference.com/teams/ATL/2025-schedule-scores.shtml#all_team_schedule
ANA202507270,2025-07-27,0,LAA,SEA,,LAA,ANA,LAA,https://www.baseball-reference.com/teams/LAA/2025-schedule-scores.shtml#all_team_schedule
BAL202507270,2025-07-27,0,BAL,COL,,BAL,BAL,BAL,https://www.baseball-reference.com/teams/BAL/2025-schedule-scores.shtml#all_team_schedule
BOS202507270,2025-07-27,0,BOS,LAD,,BOS,BOS,BOS,https://www.baseball-reference.com/teams/BOS/2025-schedule-scores.shtml#all_team_schedule
CHA202507270,2025-07-27,0,CHC,CHW,@,CHW,CHA,CHC,https://www.baseball-reference.com/teams/CHC/2025-schedule-scores.shtml#all_team_schedule
CIN202507270,2025-07-27,0,CIN,TBR,,CIN,CIN,CIN,https://www.baseball-reference.com/teams/CIN/2025-schedule-scores.shtml#all_team_schedule
DET202507270,2025-07-27,0,DET,TOR,,DET,DET,DET,https://www.baseball-reference.com/teams/DET/2025-schedule-scores.shtml#all_team_schedule
HOU202507270,2025-07-27,0,ATH,HOU,@,HOU,HOU,ATH,https://www.baseball-reference.com/teams/ATH/2025-schedule-scores.shtml#all_team_schedule
KCA202507270,2025-07-27,0,CLE,KCR,@,KCR,KCA,CLE,https://www.baseball-reference.com/teams/CLE/2025-schedule-scores.shtml#all_team_schedule
MIL202507270,2025-07-27,0,MIA,MIL,@,MIL,MIL,MIA,https://www.baseball-reference.com/teams/MIA/2025-schedule-scores.shtml#all_team_schedule
MIN202507270,2025-07-27,0,MIN,WSN,,MIN,MIN,MIN,https://www.baseball-reference.com/teams/MIN/2025-schedule-scores.shtml#all_team_schedule
NYA202507270,2025-07-27,0,NYY,PHI,,NYY,NYA,NYY,https://www.baseball-reference.com/teams/NYY/2025-schedule-scores.shtml#all_team_schedule
PIT202507270,2025-07-27,0,ARI,PIT,@,PIT,PIT,ARI,https://www.baseball-reference.com/teams/ARI/2025-schedule-scores.shtml#all_team_schedule
SFN202507270,2025-07-27,0,NYM,SFG,@,SFG,SFN,NYM,https://www.baseball-reference.com/teams/NYM/2025-schedule-scores.shtml#all_team_schedule
SLN202507270,2025-07-27,0,SDP,STL,@,STL,SLN,SDP,https://www.baseball-reference.com/teams/SDP/2025-schedule-scores.shtml#all_team_schedule
TEX202507270,2025-07-27,0,ATL,TEX,@,TEX,TEX,ATL,https://www.baseball-reference.com/teams/ATL/2025-schedule-scores.shtml#all_team_schedule
ANA202507280,2025-07-28,0,LAA,TEX,,LAA,ANA,LAA,https://www.baseball-reference.com/teams/LAA/2025-schedule-scores.shtml#all_team_schedule
ATH202507280,2025-07-28,0,ATH,SEA,,ATH,ATH,ATH,https://www.baseball-reference.com/teams/ATH/2025-schedule-scores.shtml#all_team_schedule
BAL202507280,2025-07-28,0,BAL,TOR,,BAL,BAL,BAL,https://www.baseball-reference.com/teams/BAL/2025-schedule-scores.shtml#all_team_schedule
CHA202507280,2025-07-28,0,CHW,PHI,,CHW,CHA,CHW,https://www.baseball-reference.com/teams/CHW/2025-schedule-scores.shtml#all_team_schedule
CIN202507280,2025-07-28,0,CIN,LAD,,CIN,CIN,CIN,https://www.baseball-reference.com/teams/CIN/2025-schedule-scores.shtml#all_team_schedule
CLE202507280,2025-07-28,0,CLE,COL,,CLE,CLE,CLE,https://www.baseball-reference.com/teams/CLE/2025-schedule-scores.shtml#all_team_schedule
DET202507280,2025-07-28,0,ARI,DET,@,DET,DET,ARI,https://www.baseball-reference.com/teams/ARI/2025-schedule-scores.shtml#all_team_schedule
HOU202507280,2025-07-28,0,HOU,WSN,,HOU,HOU,HOU,https://www.baseball-reference.com/teams/HOU/2025-schedule-scores.shtml#all_team_schedule
KCA202507280,2025-07-28,0,ATL,KCR,@,KCR,KCA,ATL,https://www.baseball-reference.com/teams/ATL/2025-schedule-scores.shtml#all_team_schedule
MIL202507280,2025-07-28,0,CHC,MIL,@,MIL,MIL,CHC,https://www.baseball-reference.com/teams/CHC/2025-schedule-scores.shtml#all_team_schedule
MIN202507280,2025-07-28,0,BOS,MIN,@,MIN,MIN,BOS,https://www.baseball-reference.com/teams/BOS/2025-schedule-scores.shtml#all_team_schedule
NYA202507280,2025-07-28,0,NYY,TBR,,NYY,NYA,NYY,https://www.baseball-reference.com/teams/NYY/2025-schedule-scores.shtml#all_team_schedule
SDN202507280,2025-07-28,0,NYM,SDP,@,SDP,SDN,NYM,https://www.baseball-reference.com/teams/NYM/2025-schedule-scores.shtml#all_team_schedule
SFN202507280,2025-07-28,0,PIT,SFG,@,SFG,SFN,PIT,https://www.baseball-reference.com/teams/PIT/2025-schedule-scores.shtml#all_team_schedule
SLN202507280,2025-07-28,0,MIA,STL,@,STL,SLN,MIA,https://www.baseball-reference.com/teams/MIA/2025-schedule-scores.shtml#all_team_schedule
ANA202507290,2025-07-29,0,LAA,TEX,,LAA,ANA,LAA,https://www.baseball-reference.com/teams/LAA/2025-schedule-scores.shtml#all_team_schedule
ATH202507290,2025-07-29,0,ATH,SEA,,ATH,ATH,ATH,https://www.baseball-reference.com/teams/ATH/2025-schedule-scores.shtml#all_team_schedule
BAL202507291,2025-07-29,1,BAL,TOR,,BAL,BAL,BAL,https://www.baseball-reference.com/teams/BAL/2025-schedule-scores.shtml#all_team_schedule
BAL202507292,2025-07-29,2,BAL,TOR,,BAL,BAL,BAL,https://www.baseball-reference.com/teams/BAL/2025-schedule-scores.shtml#all_team_schedule
CHA202507290,2025-07-29,0,CHW,PHI,,CHW,CHA,CHW,https://www.baseball-reference.com/teams/CHW/2025-schedule-scores.shtml#all_team_schedule
CIN202507290,2025-07-29,0,CIN,LAD,,CIN,CIN,CIN,https://www.baseball-reference.com/teams/CIN/2025-schedule-scores.shtml#all_team_schedule
CLE202507290,2025-07-29,0,CLE,COL,,CLE,CLE,CLE,https://www.baseball-reference.com/teams/CLE/2025-schedule-scores.shtml#all_team_schedule
DET202507290,2025-07-29,0,ARI,DET,@,DET,DET,ARI,https://www.baseball-reference.com/teams/ARI/2025-schedule-scores.shtml#all_team_schedule
HOU202507290,2025-07-29,0,HOU,WSN,,HOU,HOU,HOU,https://www.baseball-reference.com/teams/HOU/2025-schedule-scores.shtml#all_team_schedule
KCA202507290,2025-07-29,0,ATL,KCR,@,KCR,KCA,ATL,https://www.baseball-reference.com/teams/ATL/2025-schedule-scores.shtml#all_team_schedule
MIL202507290,2025-07-29,0,CHC,MIL,@,MIL,MIL,CHC,https://www.baseball-reference.com/teams/CHC/2025-schedule-scores.shtml#all_team_schedule
MIN202507290,2025-07-29,0,BOS,MIN,@,MIN,MIN,BOS,https://www.baseball-reference.com/teams/BOS/2025-schedule-scores.shtml#all_team_schedule
NYA202507290,2025-07-29,0,NYY,TBR,,NYY,NYA,NYY,https://www.baseball-reference.com/teams/NYY/2025-schedule-scores.shtml#all_team_schedule
SDN202507290,2025-07-29,0,NYM,SDP,@,SDP,SDN,NYM,https://www.baseball-reference.com/teams/NYM/2025-schedule-scores.shtml#all_team_schedule
SFN202507290,2025-07-29,0,PIT,SFG,@,SFG,SFN,PIT,https://www.baseball-reference.com/teams/PIT/2025-schedule-scores.shtml#all_team_schedule
SLN202507290,2025-07-29,0,MIA,STL,@,STL,SLN,MIA,https://www.baseball-reference.com/teams/MIA/2025-schedule-scores.shtml#all_team_schedule
ANA202507300,2025-07-30,0,LAA,TEX,,LAA,ANA,LAA,https://www.baseball-reference.com/teams/LAA/2025-schedule-scores.shtml#all_team_schedule
ATH202507300,2025-07-30,0,ATH,SEA,,ATH,ATH,ATH,https://www.baseball-reference.com/teams/ATH/2025-schedule-scores.shtml#all_team_schedule
BAL202507300,2025-07-30,0,BAL,TOR,,BAL,BAL,BAL,https://www.baseball-reference.com/teams/BAL/2025-schedule-scores.shtml#all_team_schedule
CHA202507300,2025-07-30,0,CHW,PHI,,CHW,CHA,CHW,https://www.baseball-reference.com/teams/CHW/2025-schedule-scores.shtml#all_team_schedule
CIN202507300,2025-07-30,0,CIN,LAD,,CIN,CIN,CIN,https://www.baseball-reference.com/teams/CIN/2025-schedule-scores.shtml#all_team_schedule
CLE202507300,2025-07-30,0,CLE,COL,,CLE,CLE,CLE,https://www.baseball-reference.com/teams/CLE/2025-schedule-scores.shtml#all_team_schedule
DET202507300,2025-07-30,0,ARI,DET,@,DET,DET,ARI,https://www.baseball-reference.com/teams/ARI/2025-schedule-scores.shtml#all_team_schedule
HOU202507300,2025-07-30,0,HOU,WSN,,HOU,HOU,HOU,https://www.baseball-reference.com/teams/HOU/2025-schedule-scores.shtml#all_team_schedule
KCA202507300,2025-07-30,0,ATL,KCR,@,KCR,KCA,ATL,https://www.baseball-reference.com/teams/ATL/2025-schedule-scores.shtml#all_team_schedule
MIL202507300,2025-07-30,0,CHC,MIL,@,MIL,MIL,CHC,https://www.baseball-reference.com/teams/CHC/2025-schedule-scores.shtml#all_team_schedule
MIN202507300,2025-07-30,0,BOS,MIN,@,MIN,MIN,BOS,https://www.baseball-reference.com/teams/BOS/2025-schedule-scores.shtml#all_team_schedule
NYA202507300,2025-07-30,0,NYY,TBR,,NYY,NYA,NYY,https://www.baseball-reference.com/teams/NYY/2025-schedule-scores.shtml#all_team_schedule
SDN202507300,2025-07-30,0,NYM,SDP,@,SDP,SDN,NYM,https://www.baseball-reference.com/teams/NYM/2025-schedule-scores.shtml#all_team_schedule
SFN202507300,2025-07-30,0,PIT,SFG,@,SFG,SFN,PIT,https://www.baseball-reference.com/teams/PIT/2025-schedule-scores.shtml#all_team_schedule
SLN202507300,2025-07-30,0,MIA,STL,@,STL,SLN,MIA,https://www.baseball-reference.com/teams/MIA/2025-schedule-scores.shtml#all_team_schedule
CIN202507310,2025-07-31,0,ATL,CIN,@,CIN,CIN,ATL,https://www.baseball-reference.com/teams/ATL/2025-schedule-scores.shtml#all_team_schedule
NYA202507310,2025-07-31,0,NYY,TBR,,NYY,NYA,NYY,https://www.baseball-reference.com/teams/NYY/2025-schedule-scores.shtml#all_team_schedule
SEA202507310,2025-07-31,0,SEA,TEX,,SEA,SEA,SEA,https://www.baseball-reference.com/teams/SEA/2025-schedule-scores.shtml#all_team_schedule
ANA202508010,2025-08-01,0,CHW,LAA,@,LAA,ANA,CHW,https://www.baseball-reference.com/teams/CHW/2025-schedule-scores.shtml#all_team_schedule
ATH202508010,2025-08-01,0,ARI,ATH,@,ATH,ATH,ARI,https://www.baseball-reference.com/teams/ARI/2025-schedule-scores.shtml#all_team_schedule
BOS202508010,2025-08-01,0,BOS,HOU,,BOS,BOS,BOS,https://www.baseball-reference.com/teams/BOS/2025-schedule-scores.shtml#all_team_schedule
CHN202508010,2025-08-01,0,BAL,CHC,@,CHC,CHN,BAL,https://www.baseball-reference.com/teams/BAL/2025-schedule-scores.shtml#all_team_schedule
CIN202508010,2025-08-01,0,ATL,CIN,@,CIN,CIN,ATL,https://www.baseball-reference.com/teams/ATL/2025-schedule-scores.shtml#all_team_schedule
CLE202508010,2025-08-01,0,CLE,MIN,,CLE,CLE,CLE,https://www.baseball-reference.com/teams/CLE/2025-schedule-scores.shtml#all_team_schedule
COL202508010,2025-08-01,0,COL,PIT,,COL,COL,COL,https://www.baseball-reference.com/teams/COL/2025-schedule-scores.shtml#all_team_schedule
MIA202508010,2025-08-01,0,MIA,NYY,,MIA,MIA,MIA,https://www.baseball-reference.com/teams/MIA/2025-schedule-scores.shtml#all_team_schedule
NYN202508010,2025-08-01,0,NYM,SFG,,NYM,NYN,NYM,https://www.baseball-reference.com/teams/NYM/2025-schedule-scores.shtml#all_team_schedule
PHI202508010,2025-08-01,0,DET,PHI,@,PHI,PHI,DET,https://www.baseball-reference.com/teams/DET/2025-schedule-scores.shtml#all_team_schedule
SDN202508010,2025-08-01,0,SDP,STL,,SDP,SDN,SDP,https://www.baseball-reference.com/teams/SDP/2025-schedule-scores.shtml#all_team_schedule
SEA202508010,2025-08-01,0,SEA,TEX,,SEA,SEA,SEA,https://www.baseball-reference.com/teams/SEA/2025-schedule-scores.shtml#all_team_schedule
TBA202508010,2025-08-01,0,LAD,TBR,@,TBR,TBA,LAD,https://www.baseball-reference.com/teams/LAD/2025-schedule-scores.shtml#all_team_schedule
TOR202508010,2025-08-01,0,KCR,TOR,@,TOR,TOR,KCR,https://www.baseball-reference.com/teams/KCR/2025-schedule-scores.shtml#all_team_schedule
WAS202508010,2025-08-01,0,MIL,WSN,@,WSN,WAS,MIL,https://www.baseball-reference.com/teams/MIL/2025-schedule-scores.shtml#all_team_schedule
ANA202508020,2025-08-02,0,CHW,LAA,@,LAA,ANA,CHW,https://www.baseball-reference.com/teams/CHW/2025-schedule-scores.shtml#all_team_schedule
ATH202508020,2025-08-02,0,ARI,ATH,@,ATH,ATH,ARI,https://www.baseball-reference.com/teams/ARI/2025-schedule-scores.shtml#all_team_schedule
BOS202508020,2025-08-02,0,BOS,HOU,,BOS,BOS,BOS,https://www.baseball-reference.com/teams/BOS/2025-schedule-scores.shtml#all_team_schedule
CHN202508020,2025-08-02,0,BAL,CHC,@,CHC,CHN,BAL,https://www.baseball-reference.com/teams/BAL/2025-schedule-scores.shtml#all_team_schedule
CIN202508020,2025-08-02,0,ATL,CIN,@,CIN,CIN,ATL,https://www.baseball-reference.com/teams/ATL/2025-schedule-scores.shtml#all_team_schedule
CLE202508020,2025-08-02,0,CLE,MIN,,CLE,CLE,CLE,https://www.baseball-reference.com/teams/CLE/2025-schedule-scores.shtml#all_team_schedule
COL202508020,2025-08-02,0,COL,PIT,,COL,COL,COL,https://www.baseball-reference.com/teams/COL/2025-schedule-scores.shtml#all_team_schedule
MIA202508020,2025-08-02,0,MIA,NYY,,MIA,MIA,MIA,https://www.baseball-reference.com/teams/MIA/2025-schedule-scores.shtml#all_team_schedule
NYN202508020,2025-08-02,0,NYM,SFG,,NYM,NYN,NYM,https://www.baseball-reference.com/teams/NYM/2025-schedule-scores.shtml#all_team_schedule
PHI202508020,2025-08-02,0,DET,PHI,@,PHI,PHI,DET,https://www.baseball-reference.com/teams/DET/2025-schedule-scores.shtml#all_team_schedule
SDN202508020,2025-08-02,0,SDP,STL,,SDP,SDN,SDP,https://www.baseball-reference.com/teams/SDP/2025-schedule-scores.shtml#all_team_schedule
SEA202508020,2025-08-02,0,SEA,TEX,,SEA,SEA,SEA,https://www.baseball-reference.com/teams/SEA/2025-schedule-scores.shtml#all_team_schedule
TBA202508020,2025-08-02,0,LAD,TBR,@,TBR,TBA,LAD,https://www.baseball-reference.com/teams/LAD/2025-schedule-scores.shtml#all_team_schedule
TOR202508020,2025-08-02,0,KCR,TOR,@,TOR,TOR,KCR,https://www.baseball-reference.com/teams/KCR/2025-schedule-scores.shtml#all_team_schedule
WAS202508020,2025-08-02,0,MIL,WSN,@,WSN,WAS,MIL,https://www.baseball-reference.com/teams/MIL/2025-schedule-scores.shtml#all_team_schedule
ANA202508030,2025-08-03,0,CHW,LAA,@,LAA,ANA,CHW,https://www.baseball-reference.com/teams/CHW/2025-schedule-scores.shtml#all_team_schedule
ATH202508030,2025-08-03,0,ARI,ATH,@,ATH,ATH,ARI,https://www.baseball-reference.com/teams/ARI/2025-schedule-scores.shtml#all_team_schedule
BOS202508030,2025-08-03,0,BOS,HOU,,BOS,BOS,BOS,https://www.baseball-reference.com/teams/BOS/2025-schedule-scores.shtml#all_team_schedule
CHN202508030,2025-08-03,0,BAL,CHC,@,CHC,CHN,BAL,https://www.baseball-reference.com/teams/BAL/2025-schedule-scores.shtml#all_team_schedule
CLE202508030,2025-08-03,0,CLE,MIN,,CLE,CLE,CLE,https://www.baseball-reference.com/teams/CLE/2025-schedule-scores.shtml#all_team_schedule
COL202508030,2025-08-03,0,COL,PIT,,COL,COL,COL,https://www.baseball-reference.com/teams/COL/2025-schedule-scores.shtml#all_team_schedule
MIA202508030,2025-08-03,0,MIA,NYY,,MIA,MIA,MIA,https://www.baseball-reference.com/teams/MIA/2025-schedule-scores.shtml#all_team_schedule
NYN202508030,2025-08-03,0,NYM,SFG,,NYM,NYN,NYM,https://www.baseball-reference.com/teams/NYM/2025-schedule-scores.shtml#all_team_schedule
PHI202508030,2025-08-03,0,DET,PHI,@,PHI,PHI,DET,https://www.baseball-reference.com/teams/DET/2025-schedule-scores.shtml#all_team_schedule
SDN202508030,2025-08-03,0,SDP,STL,,SDP,SDN,SDP,https://www.baseball-reference.com/teams/SDP/2025-schedule-scores.shtml#all_team_schedule
SEA202508030,2025-08-03,0,SEA,TEX,,SEA,SEA,SEA,https://www.baseball-reference.com/teams/SEA/2025-schedule-scores.shtml#all_team_schedule
TBA202508030,2025-08-03,0,LAD,TBR,@,TBR,TBA,LAD,https://www.baseball-reference.com/teams/LAD/2025-schedule-scores.shtml#all_team_schedule
TOR202508030,2025-08-03,0,KCR,TOR,@,TOR,TOR,KCR,https://www.baseball-reference.com/teams/KCR/2025-schedule-scores.shtml#all_team_schedule
WAS202508030,2025-08-03,0,MIL,WSN,@,WSN,WAS,MIL,https://www.baseball-reference.com/teams/MIL/2025-schedule-scores.shtml#all_team_schedule
ANA202508040,2025-08-04,0,LAA,TBR,,LAA,ANA,LAA,https://www.baseball-reference.com/teams/LAA/2025-schedule-scores.shtml#all_team_schedule
ARI202508040,2025-08-04,0,ARI,SDP,,ARI,ARI,ARI,https://www.baseball-reference.com/teams/ARI/2025-schedule-scores.shtml#all_team_schedule
ATL202508040,2025-08-04,0,ATL,MIL,,ATL,ATL,ATL,https://www.baseball-reference.com/teams/ATL/2025-schedule-scores.shtml#all_team_schedule
BOS202508040,2025-08-04,0,BOS,KCR,,BOS,BOS,BOS,https://www.baseball-reference.com/teams/BOS/2025-schedule-scores.shtml#all_team_schedule
CHN202508040,2025-08-04,0,CHC,CIN,,CHC,CHN,CHC,https://www.baseball-reference.com/teams/CHC/2025-schedule-scores.shtml#all_team_schedule
COL202508040,2025-08-04,0,COL,TOR,,COL,COL,COL,https://www.baseball-reference.com/teams/COL/2025-schedule-scores.shtml#all_team_schedule
DET202508040,2025-08-04,0,DET,MIN,,DET,DET,DET,https://www.baseball-reference.com/teams/DET/2025-schedule-scores.shtml#all_team_schedule
LAN202508040,2025-08-04,0,LAD,STL,,LAD,LAN,LAD,https://www.baseball-reference.com/teams/LAD/2025-schedule-scores.shtml#all_team_schedule
MIA202508040,2025-08-04,0,HOU,MIA,@,MIA,MIA,HOU,https://www.baseball-reference.com/teams/HOU/2025-schedule-scores.shtml#all_team_schedule
NYN202508040,2025-08-04,0,CLE,NYM,@,NYM,NYN,CLE,https://www.baseball-reference.com/teams/CLE/2025-schedule-scores.shtml#all_team_schedule
PHI202508040,2025-08-04,0,BAL,PHI,@,PHI,PHI,BAL,https://www.baseball-reference.com/teams/BAL/2025-schedule-scores.shtml#all_team_schedule
PIT202508040,2025-08-04,0,PIT,SFG,,PIT,PIT,PIT,https://www.baseball-reference.com/teams/PIT/2025-schedule-scores.shtml#all_team_schedule
TEX202508040,2025-08-04,0,NYY,TEX,@,TEX,TEX,NYY,https://www.baseball-reference.com/teams/NYY/2025-schedule-scores.shtml#all_team_schedule
ANA202508050,2025-08-05,0,LAA,TBR,,LAA,ANA,LAA,https://www.baseball-reference.com/teams/LAA/2025-schedule-scores.shtml#all_team_schedule
ARI202508050,2025-08-05,0,ARI,SDP,,ARI,ARI,ARI,https://www.baseball-reference.com/teams/ARI/2025-schedule-scores.shtml#all_team_schedule
ATL202508050,2025-08-05,0,ATL,MIL,,ATL,ATL,ATL,https://www.baseball-reference.com/teams/ATL/2025-schedule-scores.shtml#all_team_schedule
BOS202508050,2025-08-05,0,BOS,KCR,,BOS,BOS,BOS,https://www.baseball-reference.com/teams/BOS/2025-schedule-scores.shtml#all_team_schedule
CHN202508050,2025-08-05,0,CHC,CIN,,CHC,CHN,CHC,https://www.baseball-reference.com/teams/CHC/2025-schedule-scores.shtml#all_team_schedule
COL202508050,2025-08-05,0,COL,TOR,,COL,COL,COL,https://www.baseball-reference.com/teams/COL/2025-schedule-scores.shtml#all_team_schedule
DET202508050,2025-08-05,0,DET,MIN,,DET,DET,DET,https://www.baseball-reference.com/teams/DET/2025-schedule-scores.shtml#all_team_schedule
LAN202508050,2025-08-05,0,LAD,STL,,LAD,LAN,LAD,https://www.baseball-reference.com/teams/LAD/2025-schedule-scores.shtml#all_team_schedule
MIA202508050,2025-08-05,0,HOU,MIA,@,MIA,MIA,HOU,https://www.baseball-reference.com/teams/HOU/2025-schedule-scores.shtml#all_team_schedule
NYN202508050,2025-08-05,0,CLE,NYM,@,NYM,NYN,CLE,https://www.baseball-reference.com/teams/CLE/2025-schedule-scores.shtml#all_team_schedule
PHI202508050,2025-08-05,0,BAL,PHI,@,PHI,PHI,BAL,https://www.baseball-reference.com/teams/BAL/2025-schedule-scores.shtml#all_team_schedule
PIT202508050,2025-08-05,0,PIT,SFG,,PIT,PIT,PIT,https://www.baseball-reference.com/teams/PIT/2025-schedule-scores.shtml#all_team_schedule
SEA202508050,2025-08-05,0,CHW,SEA,@,SEA,SEA,CHW,https://www.baseball-reference.com/teams/CHW/2025-schedule-scores.shtml#all_team_schedule
TEX202508050,2025-08-05,0,NYY,TEX,@,TEX,TEX,NYY,https://www.baseball-reference.com/teams/NYY/2025-schedule-scores.shtml#all_team_schedule
WAS202508050,2025-08-05,0,ATH,WSN,@,WSN,WAS,ATH,https://www.baseball-reference.com/teams/ATH/2025-schedule-scores.shtml#all_team_schedule
ANA202508060,2025-08-06,0,LAA,TBR,,LAA,ANA,LAA,https://www.baseball-reference.com/teams/LAA/2025-schedule-scores.shtml#all_team_schedule
ARI202508060,2025-08-06,0,ARI,SDP,,ARI,ARI,ARI,https://www.baseball-reference.com/teams/ARI/2025-schedule-scores.shtml#all_team_schedule
ATL202508060,2025-08-06,0,ATL,MIL,,ATL,ATL,ATL,https://www.baseball-reference.com/teams/ATL/2025-schedule-scores.shtml#all_team_schedule
BOS202508060,2025-08-06,0,BOS,KCR,,BOS,BOS,BOS,https://www.baseball-reference.com/teams/BOS/2025-schedule-scores.shtml#all_team_schedule
CHN202508060,2025-08-06,0,CHC,CIN,,CHC,CHN,CHC,https://www.baseball-reference.com/teams/CHC/2025-schedule-scores.shtml#all_team_schedule
COL202508060,2025-08-06,0,COL,TOR,,COL,COL,COL,https://www.baseball-reference.com/teams/COL/2025-schedule-scores.shtml#all_team_schedule
DET202508060,2025-08-06,0,DET,MIN,,DET,DET,DET,https://www.baseball-reference.com/teams/DET/2025-schedule-scores.shtml#all_team_schedule
LAN202508060,2025-08-06,0,LAD,STL,,LAD,LAN,LAD,https://www.baseball-reference.com/teams/LAD/2025-schedule-scores.shtml#all_team_schedule
MIA202508060,2025-08-06,0,HOU,MIA,@,MIA,MIA,HOU,https://www.baseball-reference.com/teams/HOU/2025-schedule-scores.shtml#all_team_schedule
NYN202508060,2025-08-06,0,CLE,NYM,@,NYM,NYN,CLE,https://www.baseball-reference.com/teams/CLE/2025-schedule-scores.shtml#all_team_schedule
PHI202508060,2025-08-06,0,BAL,PHI,@,PHI,PHI,BAL,https://www.baseball-reference.com/teams/BAL/2025-schedule-scores.shtml#all_team_schedule
PIT202508060,2025-08-06,0,PIT,SFG,,PIT,PIT,PIT,https://www.baseball-reference.com/teams/PIT/2025-schedule-scores.shtml#all_team_schedule
SEA202508060,2025-08-06,0,CHW,SEA,@,SEA,SEA,CHW,https://www.baseball-reference.com/teams/CHW/2025-schedule-scores.shtml#all_team_schedule
TEX202508060,2025-08-06,0,NYY,TEX,@,TEX,TEX,NYY,https://www.baseball-reference.com/teams/NYY/2025-schedule-scores.shtml#all_team_schedule
WAS202508060,2025-08-06,0,ATH,WSN,@,WSN,WAS,ATH,https://www.baseball-reference.com/teams/ATH/2025-schedule-scores.shtml#all_team_schedule
ATL202508070,2025-08-07,0,ATL,MIA,,ATL,ATL,ATL,https://www.baseball-reference.com/teams/ATL/2025-schedule-scores.shtml#all_team_schedule
PIT202508070,2025-08-07,0,CIN,PIT,@,PIT,PIT,CIN,https://www.baseball-reference.com/teams/CIN/2025-schedule-scores.shtml#all_team_schedule
SEA202508070,2025-08-07,0,CHW,SEA,@,SEA,SEA,CHW,https://www.baseball-reference.com/teams/CHW/2025-schedule-scores.shtml#all_team_schedule
WAS202508070,2025-08-07,0,ATH,WSN,@,WSN,WAS,ATH,https://www.baseball-reference.com/teams/ATH/2025-schedule-scores.shtml#all_team_schedule
ARI202508080,2025-08-08,0,ARI,COL,,ARI,ARI,ARI,https://www.baseball-reference.com/teams/ARI/2025-schedule-scores.shtml#all_team_schedule
ATL202508080,2025-08-08,0,ATL,MIA,,ATL,ATL,ATL,https://www.baseball-reference.com/teams/ATL/2025-schedule-scores.shtml#all_team_schedule
BAL202508080,2025-08-08,0,ATH,BAL,@,BAL,BAL,ATH,https://www.baseball-reference.com/teams/ATH/2025-schedule-scores.shtml#all_team_schedule
CHA202508080,2025-08-08,0,CHW,CLE,,CHW,CHA,CHW,https://www.baseball-reference.com/teams/CHW/2025-schedule-scores.shtml#all_team_schedule
DET202508080,2025-08-08,0,DET,LAA,,DET,DET,DET,https://www.baseball-reference.com/teams/DET/2025-schedule-scores.shtml#all_team_schedule
LAN202508080,2025-08-08,0,LAD,TOR,,LAD,LAN,LAD,https://www.baseball-reference.com/teams/LAD/2025-schedule-scores.shtml#all_team_schedule
MIL202508080,2025-08-08,0,MIL,NYM,,MIL,MIL,MIL,https://www.baseball-reference.com/teams/MIL/2025-schedule-scores.shtml#all_team_schedule
MIN202508080,2025-08-08,0,KCR,MIN,@,MIN,MIN,KCR,https://www.baseball-reference.com/teams/KCR/2025-schedule-scores.shtml#all_team_schedule
NYA202508080,2025-08-08,0,HOU,NYY,@,NYY,NYA,HOU,https://www.baseball-reference.com/teams/HOU/2025-schedule-scores.shtml#all_team_schedule
PIT202508080,2025-08-08,0,CIN,PIT,@,PIT,PIT,CIN,https://www.baseball-reference.com/teams/CIN/2025-schedule-scores.shtml#all_team_schedule
SDN202508080,2025-08-08,0,BOS,SDP,@,SDP,SDN,BOS,https://www.baseball-reference.com/teams/BOS/2025-schedule-scores.shtml#all_team_schedule
SEA202508080,2025-08-08,0,SEA,TBR,,SEA,SEA,SEA,https://www.baseball-reference.com/teams/SEA/2025-schedule-scores.shtml#all_team_schedule
SFN202508080,2025-08-08,0,SFG,WSN,,SFG,SFN,SFG,https://www.baseball-reference.com/teams/SFG/2025-schedule-scores.shtml#all_team_schedule
SLN202508080,2025-08-08,0,CHC,STL,@,STL,SLN,CHC,https://www.baseball-reference.com/teams/CHC/2025-schedule-scores.shtml#all_team_schedule
TEX202508080,2025-08-08,0,PHI,TEX,@,TEX,TEX,PHI,https://www.baseball-reference.com/teams/PHI/2025-schedule-scores.shtml#all_team_schedule
ARI202508090,2025-08-09,0,ARI,COL,,ARI,ARI,ARI,https://www.baseball-reference.com/teams/ARI/2025-schedule-scores.shtml#all_team_schedule
ATL202508091,2025-08-09,1,ATL,MIA,,ATL,ATL,ATL,https://www.baseball-reference.com/teams/ATL/2025-schedule-scores.shtml#all_team_schedule
ATL202508092,2025-08-09,2,ATL,MIA,,ATL,ATL,ATL,https://www.baseball-reference.com/teams/ATL/2025-schedule-scores.shtml#all_team_schedule
BAL202508090,2025-08-09,0,ATH,BAL,@,BAL,BAL,ATH,https://www.baseball-reference.com/teams/ATH/2025-schedule-scores.shtml#all_team_schedule
CHA202508090,2025-08-09,0,CHW,CLE,,CHW,CHA,CHW,https://www.baseball-reference.com/teams/CHW/2025-schedule-scores.shtml#all_team_schedule
DET202508090,2025-08-09,0,DET,LAA,,DET,DET,DET,https://www.baseball-reference.com/teams/DET/2025-schedule-scores.shtml#all_team_schedule
LAN202508090,2025-08-09,0,LAD,TOR,,LAD,LAN,LAD,https://www.baseball-reference.com/teams/LAD/2025-schedule-scores.shtml#all_team_schedule
MIL202508090,2025-08-09,0,MIL,NYM,,MIL,MIL,MIL,https://www.baseball-reference.com/teams/MIL/2025-schedule-scores.shtml#all_team_schedule
MIN202508090,2025-08-09,0,KCR,MIN,@,MIN,MIN,KCR,https://www.baseball-reference.com/teams/KCR/2025-schedule-scores.shtml#all_team_schedule
NYA202508090,2025-08-09,0,HOU,NYY,@,NYY,NYA,HOU,https://www.baseball-reference.com/teams/HOU/2025-schedule-scores.shtml#all_team_schedule
PIT202508090,2025-08-09,0,CIN,PIT,@,PIT,PIT,CIN,https://www.baseball-reference.com/teams/CIN/2025-schedule-scores.shtml#all_team_schedule
SDN202508090,2025-08-09,0,BOS,SDP,@,SDP,SDN,BOS,https://www.baseball-reference.com/teams/BOS/2025-schedule-scores.shtml#all_team_schedule
SEA202508090,2025-08-09,0,SEA,TBR,,SEA,SEA,SEA,https://www.baseball-reference.com/teams/SEA/2025-schedule-scores.shtml#all_team_schedule
SFN202508090,2025-08-09,0,SFG,WSN,,SFG,SFN,SFG,https://www.baseball-reference.com/teams/SFG/2025-schedule-scores.shtml#all_team_schedule
SLN202508090,2025-08-09,0,CHC,STL,@,STL,SLN,CHC,https://www.baseball-reference.com/teams/CHC/2025-schedule-scores.shtml#all_team_schedule
TEX202508090,2025-08-09,0,PHI,TEX,@,TEX,TEX,PHI,https://www.baseball-reference.com/teams/PHI/2025-schedule-scores.shtml#all_team_schedule
ARI202508100,2025-08-10,0,ARI,COL,,ARI,ARI,ARI,https://www.baseball-reference.com/teams/ARI/2025-schedule-scores.shtml#all_team_schedule
ATL202508100,2025-08-10,0,ATL,MIA,,ATL,ATL,ATL,https://www.baseball-reference.com/teams/ATL/2025-schedule-scores.shtml#all_team_schedule
BAL202508100,2025-08-10,0,ATH,BAL,@,BAL,BAL,ATH,https://www.baseball-reference.com/teams/ATH/2025-schedule-scores.shtml#all_team_schedule
CHA202508100,2025-08-10,0,CHW,CLE,,CHW,CHA,CHW,https://www.baseball-reference.com/teams/CHW/2025-schedule-scores.shtml#all_team_schedule
DET202508100,2025-08-10,0,DET,LAA,,DET,DET,DET,https://www.baseball-reference.com/teams/DET/2025-schedule-scores.shtml#all_team_schedule
LAN202508100,2025-08-10,0,LAD,TOR,,LAD,LAN,LAD,https://www.baseball-reference.com/teams/LAD/2025-schedule-scores.shtml#all_team_schedule
MIL202508100,2025-08-10,0,MIL,NYM,,MIL,MIL,MIL,https://www.baseball-reference.com/teams/MIL/2025-schedule-scores.shtml#all_team_schedule
MIN202508100,2025-08-10,0,KCR,MIN,@,MIN,MIN,KCR,https://www.baseball-reference.com/teams/KCR/2025-schedule-scores.shtml#all_team_schedule
NYA202508100,2025-08-10,0,HOU,NYY,@,NYY,NYA,HOU,https://www.baseball-reference.com/teams/HOU/2025-schedule-scores.shtml#all_team_schedule
PIT202508100,2025-08-10,0,CIN,PIT,@,PIT,PIT,CIN,https://www.baseball-reference.com/teams/CIN/2025-schedule-scores.shtml#all_team_schedule
SDN202508100,2025-08-10,0,BOS,SDP,@,SDP,SDN,BOS,https://www.baseball-reference.com/teams/BOS/2025-schedule-scores.shtml#all_team_schedule
SEA202508100,2025-08-10,0,SEA,TBR,,SEA,SEA,SEA,https://www.baseball-reference.com/teams/SEA/2025-schedule-scores.shtml#all_team_schedule
SFN202508100,2025-08-10,0,SFG,WSN,,SFG,SFN,SFG,https://www.baseball-reference.com/teams/SFG/2025-schedule-scores.shtml#all_team_schedule
SLN202508100,2025-08-10,0,CHC,STL,@,STL,SLN,CHC,https://www.baseball-reference.com/teams/CHC/2025-schedule-scores.shtml#all_team_schedule
TEX202508100,2025-08-10,0,PHI,TEX,@,TEX,TEX,PHI,https://www.baseball-reference.com/teams/PHI/2025-schedule-scores.shtml#all_team_schedule
ANA202508110,2025-08-11,0,LAA,LAD,,LAA,ANA,LAA,https://www.baseball-reference.com/teams/LAA/2025-schedule-scores.shtml#all_team_schedule
ATH202508110,2025-08-11,0,ATH,TBR,,ATH,ATH,ATH,https://www.baseball-reference.com/teams/ATH/2025-schedule-scores.shtml#all_team_schedule
CHA202508110,2025-08-11,0,CHW,DET,,CHW,CHA,CHW,https://www.baseball-reference.com/teams/CHW/2025-schedule-scores.shtml#all_team_schedule
CIN202508110,2025-08-11,0,CIN,PHI,,CIN,CIN,CIN,https://www.baseball-reference.com/teams/CIN/2025-schedule-scores.shtml#all_team_schedule
HOU202508110,2025-08-11,0,BOS,HOU,@,HOU,HOU,BOS,https://www.baseball-reference.com/teams/BOS/2025-schedule-scores.shtml#all_team_schedule
KCA202508110,2025-08-11,0,KCR,WSN,,KCR,KCA,KCR,https://www.baseball-reference.com/teams/KCR/2025-schedule-scores.shtml#all_team_schedule
MIL202508110,2025-08-11,0,MIL,PIT,,MIL,MIL,MIL,https://www.baseball-reference.com/teams/MIL/2025-schedule-scores.shtml#all_team_schedule
NYA202508110,2025-08-11,0,MIN,NYY,@,NYY,NYA,MIN,https://www.baseball-reference.com/teams/MIN/2025-schedule-scores.shtml#all_team_schedule
SFN202508110,2025-08-11,0,SDP,SFG,@,SFG,SFN,SDP,https://www.baseball-reference.com/teams/SDP/2025-schedule-scores.shtml#all_team_schedule
SLN202508110,2025-08-11,0,COL,STL,@,STL,SLN,COL,https://www.baseball-reference.com/teams/COL/2025-schedule-scores.shtml#all_team_schedule
TEX202508110,2025-08-11,0,ARI,TEX,@,TEX,TEX,ARI,https://www.baseball-reference.com/teams/ARI/2025-schedule-scores.shtml#all_team_schedule
ANA202508120,2025-08-12,0,LAA,LAD,,LAA,ANA,LAA,https://www.baseball-reference.com/teams/LAA/2025-schedule-scores.shtml#all_team_schedule
ATH202508120,2025-08-12,0,ATH,TBR,,ATH,ATH,ATH,https://www.baseball-reference.com/teams/ATH/2025-schedule-scores.shtml#all_team_schedule
BAL202508120,2025-08-12,0,BAL,SEA,,BAL,BAL,BAL,https://www.baseball-reference.com/teams/BAL/2025-schedule-scores.shtml#all_team_schedule
CHA202508120,2025-08-12,0,CHW,DET,,CHW,CHA,CHW,https://www.baseball-reference.com/teams/CHW/2025-schedule-scores.shtml#all_team_schedule
CIN202508120,2025-08-12,0,CIN,PHI,,CIN,CIN,CIN,https://www.baseball-reference.com/teams/CIN/2025-schedule-scores.shtml#all_team_schedule
CLE202508120,2025-08-12,0,CLE,MIA,,CLE,CLE,CLE,https://www.baseball-reference.com/teams/CLE/2025-schedule-scores.shtml#all_team_schedule
HOU202508120,2025-08-12,0,BOS,HOU,@,HOU,HOU,BOS,https://www.baseball-reference.com/teams/BOS/2025-schedule-scores.shtml#all_team_schedule
KCA202508120,2025-08-12,0,KCR,WSN,,KCR,KCA,KCR,https://www.baseball-reference.com/teams/KCR/2025-schedule-scores.shtml#all_team_schedule
MIL202508120,2025-08-12,0,MIL,PIT,,MIL,MIL,MIL,https://www.baseball-reference.com/teams/MIL/2025-schedule-scores.shtml#all_team_schedule
NYA202508120,2025-08-12,0,MIN,NYY,@,NYY,NYA,MIN,https://www.baseball-reference.com/teams/MIN/2025-schedule-scores.shtml#all_team_schedule
NYN202508120,2025-08-12,0,ATL,NYM,@,NYM,NYN,ATL,https://www.baseball-reference.com/teams/ATL/2025-schedule-scores.shtml#all_team_schedule
SFN202508120,2025-08-12,0,SDP,SFG,@,SFG,SFN,SDP,https://www.baseball-reference.com/teams/SDP/2025-schedule-scores.shtml#all_team_schedule
SLN202508120,2025-08-12,0,COL,STL,@,STL,SLN,COL,https://www.baseball-reference.com/teams/COL/2025-schedule-scores.shtml#all_team_schedule
TEX202508120,2025-08-12,0,ARI,TEX,@,TEX,TEX,ARI,https://www.baseball-reference.com/teams/ARI/2025-schedule-scores.shtml#all_team_schedule
TOR202508120,2025-08-12,0,CHC,TOR,@,TOR,TOR,CHC,https://www.baseball-reference.com/teams/CHC/2025-schedule-scores.shtml#all_team_schedule
ANA202508130,2025-08-13,0,LAA,LAD,,LAA,ANA,LAA,https://www.baseball-reference.com/teams/LAA/2025-schedule-scores.shtml#all_team_schedule
ATH202508130,2025-08-13,0,ATH,TBR,,ATH,ATH,ATH,https://www.baseball-reference.com/teams/ATH/2025-schedule-scores.shtml#all_team_schedule
BAL202508130,2025-08-13,0,BAL,SEA,,BAL,BAL,BAL,https://www.baseball-reference.com/teams/BAL/2025-schedule-scores.shtml#all_team_schedule
CHA202508130,2025-08-13,0,CHW,DET,,CHW,CHA,CHW,https://www.baseball-reference.com/teams/CHW/2025-schedule-scores.shtml#all_team_schedule
CIN202508130,2025-08-13,0,CIN,PHI,,CIN,CIN,CIN,https://www.baseball-reference.com/teams/CIN/2025-schedule-scores.shtml#all_team_schedule
CLE202508130,2025-08-13,0,CLE,MIA,,CLE,CLE,CLE,https://www.baseball-reference.com/teams/CLE/2025-schedule-scores.shtml#all_team_schedule
HOU202508130,2025-08-13,0,BOS,HOU,@,HOU,HOU,BOS,https://www.baseball-reference.com/teams/BOS/2025-schedule-scores.shtml#all_team_schedule
KCA202508130,2025-08-13,0,KCR,WSN,,KCR,KCA,KCR,https://www.baseball-reference.com/teams/KCR/2025-schedule-scores.shtml#all_team_schedule
MIL202508130,2025-08-13,0,MIL,PIT,,MIL,MIL,MIL,https://www.baseball-reference.com/teams/MIL/2025-schedule-scores.shtml#all_team_schedule
NYA202508130,2025-08-13,0,MIN,NYY,@,NYY,NYA,MIN,https://www.baseball-reference.com/teams/MIN/2025-schedule-scores.shtml#all_team_schedule
NYN202508130,2025-08-13,0,ATL,NYM,@,NYM,NYN,ATL,https://www.baseball-reference.com/teams/ATL/2025-schedule-scores.shtml#all_team_schedule
SFN202508130,2025-08-13,0,SDP,SFG,@,SFG,SFN,SDP,https://www.baseball-reference.com/teams/SDP/2025-schedule-scores.shtml#all_team_schedule
SLN202508130,2025-08-13,0,COL,STL,@,STL,SLN,COL,https://www.baseball-reference.com/teams/COL/2025-schedule-scores.shtml#all_team_schedule
TEX202508130,2025-08-13,0,ARI,TEX,@,TEX,TEX,ARI,https://www.baseball-reference.com/teams/ARI/2025-schedule-scores.shtml#all_team_schedule
TOR202508130,2025-08-13,0,CHC,TOR,@,TOR,TOR,CHC,https://www.baseball-reference.com/teams/CHC/2025-schedule-scores.shtml#all_team_schedule
BAL202508140,2025-08-14,0,BAL,SEA,,BAL,BAL,BAL,https://www.baseball-reference.com/teams/BAL/2025-schedule-scores.shtml#all_team_schedule
CLE202508140,2025-08-14,0,CLE,MIA,,CLE,CLE,CLE,https://www.baseball-reference.com/teams/CLE/2025-schedule-scores.shtml#all_team_schedule
COL202508140,2025-08-14,0,ARI,COL,@,COL,COL,ARI,https://www.baseball-reference.com/teams/ARI/2025-schedule-scores.shtml#all_team_schedule
MIN202508140,2025-08-14,0,DET,MIN,@,MIN,MIN,DET,https://www.baseball-reference.com/teams/DET/2025-schedule-scores.shtml#all_team_schedule
NYN202508140,2025-08-14,0,ATL,NYM,@,NYM,NYN,ATL,https://www.baseball-reference.com/teams/ATL/2025-schedule-scores.shtml#all_team_schedule
TOR202508140,2025-08-14,0,CHC,TOR,@,TOR,TOR,CHC,https://www.baseball-reference.com/teams/CHC/2025-schedule-scores.shtml#all_team_schedule
WAS202508140,2025-08-14,0,PHI,WSN,@,WSN,WAS,PHI,https://www.baseball-reference.com/teams/PHI/2025-schedule-scores.shtml#all_team_schedule
ATH202508150,2025-08-15,0,ATH,LAA,,ATH,ATH,ATH,https://www.baseball-reference.com/teams/ATH/2025-schedule-scores.shtml#all_team_schedule
BOS202508150,2025-08-15,0,BOS,MIA,,BOS,BOS,BOS,https://www.baseball-reference.com/teams/BOS/2025-schedule-scores.shtml#all_team_schedule
CHN202508150,2025-08-15,0,CHC,PIT,,CHC,CHN,CHC,https://www.baseball-reference.com/teams/CHC/2025-schedule-scores.shtml#all_team_schedule
CIN202508150,2025-08-15,0,CIN,MIL,,CIN,CIN,CIN,https://www.baseball-reference.com/teams/CIN/2025-schedule-scores.shtml#all_team_schedule
CLE202508150,2025-08-15,0,ATL,CLE,@,CLE,CLE,ATL,https://www.baseball-reference.com/teams/ATL/2025-schedule-scores.shtml#all_team_schedule
COL202508150,2025-08-15,0,ARI,COL,@,COL,COL,ARI,https://www.baseball-reference.com/teams/ARI/2025-schedule-scores.shtml#all_team_schedule
HOU202508150,2025-08-15,0,BAL,HOU,@,HOU,HOU,BAL,https://www.baseball-reference.com/teams/BAL/2025-schedule-scores.shtml#all_team_schedule
KCA202508150,2025-08-15,0,CHW,KCR,@,KCR,KCA,CHW,https://www.baseball-reference.com/teams/CHW/2025-schedule-scores.shtml#all_team_schedule
LAN202508150,2025-08-15,0,LAD,SDP,,LAD,LAN,LAD,https://www.baseball-reference.com/teams/LAD/2025-schedule-scores.shtml#all_team_schedule
MIN202508150,2025-08-15,0,DET,MIN,@,MIN,MIN,DET,https://www.baseball-reference.com/teams/DET/2025-schedule-scores.shtml#all_team_schedule
NYN202508150,2025-08-15,0,NYM,SEA,,NYM,NYN,NYM,https://www.baseball-reference.com/teams/NYM/2025-schedule-scores.shtml#all_team_schedule
SFN202508150,2025-08-15,0,SFG,TBR,,SFG,SFN,SFG,https://www.baseball-reference.com/teams/SFG/2025-schedule-scores.shtml#all_team_schedule
SLN202508150,2025-08-15,0,NYY,STL,@,STL,SLN,NYY,https://www.baseball-reference.com/teams/NYY/2025-schedule-scores.shtml#all_team_schedule
TOR202508150,2025-08-15,0,TEX,TOR,@,TOR,TOR,TEX,https://www.baseball-reference.com/teams/TEX/2025-schedule-scores.shtml#all_team_schedule
WAS202508150,2025-08-15,0,PHI,WSN,@,WSN,WAS,PHI,https://www.baseball-reference.com/teams/PHI/2025-schedule-scores.shtml#all_team_schedule
ATH202508160,2025-08-16,0,ATH,LAA,,ATH,ATH,ATH,https://www.baseball-reference.com/teams/ATH/2025-schedule-scores.shtml#all_team_schedule
BOS202508160,2025-08-16,0,BOS,MIA,,BOS,BOS,BOS,https://www.baseball-reference.com/teams/BOS/2025-schedule-scores.shtml#all_team_schedule
CHN202508160,2025-08-16,0,CHC,PIT,,CHC,CHN,CHC,https://www.baseball-reference.com/teams/CHC/2025-schedule-scores.shtml#all_team_schedule
CIN202508160,2025-08-16,0,CIN,MIL,,CIN,CIN,CIN,https://www.baseball-reference.com/teams/CIN/2025-schedule-scores.shtml#all_team_schedule
CLE202508160,2025-08-16,0,ATL,CLE,@,CLE,CLE,ATL,https://www.baseball-reference.com/teams/ATL/2025-schedule-scores.shtml#all_team_schedule
COL202508160,2025-08-16,0,ARI,COL,@,COL,COL,ARI,https://www.baseball-reference.com/teams/ARI/2025-schedule-scores.shtml#all_team_schedule
HOU202508160,2025-08-16,0,BAL,HOU,@,HOU,HOU,BAL,https://www.baseball-reference.com/teams/BAL/2025-schedule-scores.shtml#all_team_schedule
KCA202508160,2025-08-16,0,CHW,KCR,@,KCR,KCA,CHW,https://www.baseball-reference.com/teams/CHW/2025-schedule-scores.shtml#all_team_schedule
LAN202508160,2025-08-16,0,LAD,SDP,,LAD,LAN,LAD,https://www.baseball-reference.com/teams/LAD/2025-schedule-scores.shtml#all_team_schedule
MIN202508160,2025-08-16,0,DET,MIN,@,MIN,MIN,DET,https://www.baseball-reference.com/teams/DET/2025-schedule-scores.shtml#all_team_schedule
NYN202508160,2025-08-16,0,NYM,SEA,,NYM,NYN,NYM,https://www.baseball-reference.com/teams/NYM/2025-schedule-scores.shtml#all_team_schedule
SFN202508160,2025-08-16,0,SFG,TBR,,SFG,SFN,SFG,https://www.baseball-reference.com/teams/SFG/2025-schedule-scores.shtml#all_team_schedule
SLN202508160,2025-08-16,0,NYY,STL,@,STL,SLN,NYY,https://www.baseball-reference.com/teams/NYY/2025-schedule-scores.shtml#all_team_schedule
TOR202508160,2025-08-16,0,TEX,TOR,@,TOR,TOR,TEX,https://www.baseball-reference.com/teams/TEX/2025-schedule-scores.shtml#all_team_schedule
WAS202508160,2025-08-16,0,PHI,WSN,@,WSN,WAS,PHI,https://www.baseball-reference.com/teams/PHI/2025-schedule-scores.shtml#all_team_schedule
ATH202508170,2025-08-17,0,ATH,LAA,,ATH,ATH,ATH,https://www.baseball-reference.com/teams/ATH/2025-schedule-scores.shtml#all_team_schedule
BOS202508170,2025-08-17,0,BOS,MIA,,BOS,BOS,BOS,https://www.baseball-reference.com/teams/BOS/2025-schedule-scores.shtml#all_team_schedule
CHN202508170,2025-08-17,0,CHC,PIT,,CHC,CHN,CHC,https://www.baseball-reference.com/teams/CHC/2025-schedule-scores.shtml#all_team_schedule
CIN202508170,2025-08-17,0,CIN,MIL,,CIN,CIN,CIN,https://www.baseball-reference.com/teams/CIN/2025-schedule-scores.shtml#all_team_schedule
CLE202508170,2025-08-17,0,ATL,CLE,@,CLE,CLE,ATL,https://www.baseball-reference.com/teams/ATL/2025-schedule-scores.shtml#all_team_schedule
COL202508170,2025-08-17,0,ARI,COL,@,COL,COL,ARI,https://www.baseball-reference.com/teams/ARI/2025-schedule-scores.shtml#all_team_schedule
HOU202508170,2025-08-17,0,BAL,HOU,@,HOU,HOU,BAL,https://www.baseball-reference.com/teams/BAL/2025-schedule-scores.shtml#all_team_schedule
KCA202508170,2025-08-17,0,CHW,KCR,@,KCR,KCA,CHW,https://www.baseball-reference.com/teams/CHW/2025-schedule-scores.shtml#all_team_schedule
LAN202508170,2025-08-17,0,LAD,SDP,,LAD,LAN,LAD,https://www.baseball-reference.com/teams/LAD/2025-schedule-scores.shtml#all_team_schedule
MIN202508170,2025-08-17,0,DET,MIN,@,MIN,MIN,DET,https://www.baseball-reference.com/teams/DET/2025-schedule-scores.shtml#all_team_schedule
NYN202508170,2025-08-17,0,NYM,SEA,,NYM,NYN,NYM,https://www.baseball-reference.com/teams/NYM/2025-schedule-scores.shtml#all_team_schedule
SFN202508170,2025-08-17,0,SFG,TBR,,SFG,SFN,SFG,https://www.baseball-reference.com/teams/SFG/2025-schedule-scores.shtml#all_team_schedule
SLN202508170,2025-08-17,0,NYY,STL,@,STL,SLN,NYY,https://www.baseball-reference.com/teams/NYY/2025-schedule-scores.shtml#all_team_schedule
TOR202508170,2025-08-17,0,TEX,TOR,@,TOR,TOR,TEX,https://www.baseball-reference.com/teams/TEX/2025-schedule-scores.shtml#all_team_schedule
WAS202508170,2025-08-17,0,PHI,WSN,@,WSN,WAS,PHI,https://www.baseball-reference.com/teams/PHI/2025-schedule-scores.shtml#all_team_schedule
ANA202508180,2025-08-18,0,CIN,LAA,@,LAA,ANA,CIN,https://www.baseball-reference.com/teams/CIN/2025-schedule-scores.shtml#all_team_schedule
ARI202508180,2025-08-18,0,ARI,CLE,,ARI,ARI,ARI,https://www.baseball-reference.com/teams/ARI/2025-schedule-scores.shtml#all_team_schedule
ATL202508180,2025-08-18,0,ATL,CHW,,ATL,ATL,ATL,https://www.baseball-reference.com/teams/ATL/2025-schedule-scores.shtml#all_team_schedule
BOS202508180,2025-08-18,0,BAL,BOS,@,BOS,BOS,BAL,https://www.baseball-reference.com/teams/BAL/2025-schedule-scores.shtml#all_team_schedule
CHN202508180,2025-08-18,0,CHC,MIL,,CHC,CHN,CHC,https://www.baseball-reference.com/teams/CHC/2025-schedule-scores.shtml#all_team_schedule
COL202508180,2025-08-18,0,COL,LAD,,COL,COL,COL,https://www.baseball-reference.com/teams/COL/2025-schedule-scores.shtml#all_team_schedule
DET202508180,2025-08-18,0,DET,HOU,,DET,DET,DET,https://www.baseball-reference.com/teams/DET/2025-schedule-scores.shtml#all_team_schedule
KCA202508180,2025-08-18,0,KCR,TEX,,KCR,KCA,KCR,https://www.baseball-reference.com/teams/KCR/2025-schedule-scores.shtml#all_team_schedule
MIA202508180,2025-08-18,0,MIA,STL,,MIA,MIA,MIA,https://www.baseball-reference.com/teams/MIA/2025-schedule-scores.shtml#all_team_schedule
PHI202508180,2025-08-18,0,PHI,SEA,,PHI,PHI,PHI,https://www.baseball-reference.com/teams/PHI/2025-schedule-scores.shtml#all_team_schedule
PIT202508180,2025-08-18,0,PIT,TOR,,PIT,PIT,PIT,https://www.baseball-reference.com/teams/PIT/2025-schedule-scores.shtml#all_team_schedule
SDN202508180,2025-08-18,0,SDP,SFG,,SDP,SDN,SDP,https://www.baseball-reference.com/teams/SDP/2025-schedule-scores.shtml#all_team_schedule
ANA202508190,2025-08-19,0,CIN,LAA,@,LAA,ANA,CIN,https://www.baseball-reference.com/teams/CIN/2025-schedule-scores.shtml#all_team_schedule
ARI202508190,2025-08-19,0,ARI,CLE,,ARI,ARI,ARI,https://www.baseball-reference.com/teams/ARI/2025-schedule-scores.shtml#all_team_schedule
ATL202508190,2025-08-19,0,ATL,CHW,,ATL,ATL,ATL,https://www.baseball-reference.com/teams/ATL/2025-schedule-scores.shtml#all_team_schedule
BOS202508190,2025-08-19,0,BAL,BOS,@,BOS,BOS,BAL,https://www.baseball-reference.com/teams/BAL/2025-schedule-scores.shtml#all_team_schedule
CHN202508191,2025-08-19,1,CHC,MIL,,CHC,CHN,CHC,https://www.baseball-reference.com/teams/CHC/2025-schedule-scores.shtml#all_team_schedule
CHN202508192,2025-08-19,2,CHC,MIL,,CHC,CHN,CHC,https://www.baseball-reference.com/teams/CHC/2025-schedule-scores.shtml#all_team_schedule
COL202508190,2025-08-19,0,COL,LAD,,COL,COL,COL,https://www.baseball-reference.com/teams/COL/2025-schedule-scores.shtml#all_team_schedule
DET202508190,2025-08-19,0,DET,HOU,,DET,DET,DET,https://www.baseball-reference.com/teams/DET/2025-schedule-scores.shtml#all_team_schedule
KCA202508190,2025-08-19,0,KCR,TEX,,KCR,KCA,KCR,https://www.baseball-reference.com/teams/KCR/2025-schedule-scores.shtml#all_team_schedule
MIA202508190,2025-08-19,0,MIA,STL,,MIA,MIA,MIA,https://www.baseball-reference.com/teams/MIA/2025-schedule-scores.shtml#all_team_schedule
MIN202508190,2025-08-19,0,ATH,MIN,@,MIN,MIN,ATH,https://www.baseball-reference.com/teams/ATH/2025-schedule-scores.shtml#all_team_schedule
PHI202508190,2025-08-19,0,PHI,SEA,,PHI,PHI,PHI,https://www.baseball-reference.com/teams/PHI/2025-schedule-scores.shtml#all_team_schedule
PIT202508190,2025-08-19,0,PIT,TOR,,PIT,PIT,PIT,https://www.baseball-reference.com/teams/PIT/2025-schedule-scores.shtml#all_team_schedule
SDN202508190,2025-08-19,0,SDP,SFG,,SDP,SDN,SDP,https://www.baseball-reference.com/teams/SDP/2025-schedule-scores.shtml#all_team_schedule
TBA202508190,2025-08-19,0,NYY,TBR,@,TBR,TBA,NYY,https://www.baseball-reference.com/teams/NYY/2025-schedule-scores.shtml#all_team_schedule
WAS202508190,2025-08-19,0,NYM,WSN,@,WSN,WAS,NYM,https://www.baseball-reference.com/teams/NYM/2025-schedule-scores.shtml#all_team_schedule
ANA202508200,2025-08-20,0,CIN,LAA,@,LAA,ANA,CIN,https://www.baseball-reference.com/teams/CIN/2025-schedule-scores.shtml#all_team_schedule
ARI202508200,2025-08-20,0,ARI,CLE,,ARI,ARI,ARI,https://www.baseball-reference.com/teams/ARI/2025-schedule-scores.shtml#all_team_schedule
ATL202508200,2025-08-20,0,ATL,CHW,,ATL,ATL,ATL,https://www.baseball-reference.com/teams/ATL/2025-schedule-scores.shtml#all_team_schedule
CHN202508200,2025-08-20,0,CHC,MIL,,CHC,CHN,CHC,https://www.baseball-reference.com/teams/CHC/2025-schedule-scores.shtml#all_team_schedule
COL202508200,2025-08-20,0,COL,LAD,,COL,COL,COL,https://www.baseball-reference.com/teams/COL/2025-schedule-scores.shtml#all_team_schedule
DET202508200,2025-08-20,0,DET,HOU,,DET,DET,DET,https://www.baseball-reference.com/teams/DET/2025-schedule-scores.shtml#all_team_schedule
KCA202508200,2025-08-20,0,KCR,TEX,,KCR,KCA,KCR,https://www.baseball-reference.com/teams/KCR/2025-schedule-scores.shtml#all_team_schedule
MIA202508200,2025-08-20,0,MIA,STL,,MIA,MIA,MIA,https://www.baseball-reference.com/teams/MIA/2025-schedule-scores.shtml#all_team_schedule
MIN202508200,2025-08-20,0,ATH,MIN,@,MIN,MIN,ATH,https://www.baseball-reference.com/teams/ATH/2025-schedule-scores.shtml#all_team_schedule
PHI202508200,2025-08-20,0,PHI,SEA,,PHI,PHI,PHI,https://www.baseball-reference.com/teams/PHI/2025-schedule-scores.shtml#all_team_schedule
PIT202508200,2025-08-20,0,PIT,TOR,,PIT,PIT,PIT,https://www.baseball-reference.com/teams/PIT/2025-schedule-scores.shtml#all_team_schedule
SDN202508200,2025-08-20,0,SDP,SFG,,SDP,SDN,SDP,https://www.baseball-reference.com/teams/SDP/2025-schedule-scores.shtml#all_team_schedule
TBA202508200,2025-08-20,0,NYY,TBR,@,TBR,TBA,NYY,https://www.baseball-reference.com/teams/NYY/2025-schedule-scores.shtml#all_team_schedule
WAS202508200,2025-08-20,0,NYM,WSN,@,WSN,WAS,NYM,https://www.baseball-reference.com/teams/NYM/2025-schedule-scores.shtml#all_team_schedule
BAL202508210,2025-08-21,0,BAL,HOU,,BAL,BAL,BAL,https://www.baseball-reference.com/teams/BAL/2025-schedule-scores.shtml#all_team_schedule
CHN202508210,2025-08-21,0,CHC,MIL,,CHC,CHN,CHC,https://www.baseball-reference.com/teams/CHC/2025-schedule-scores.shtml#all_team_schedule
COL202508210,2025-08-21,0,COL,LAD,,COL,COL,COL,https://www.baseball-reference.com/teams/COL/2025-schedule-scores.shtml#all_team_schedule
KCA202508210,2025-08-21,0,KCR,TEX,,KCR,KCA,KCR,https://www.baseball-reference.com/teams/KCR/2025-schedule-scores.shtml#all_team_schedule
MIN202508210,2025-08-21,0,ATH,MIN,@,MIN,MIN,ATH,https://www.baseball-reference.com/teams/ATH/2025-schedule-scores.shtml#all_team_schedule
NYA202508210,2025-08-21,0,BOS,NYY,@,NYY,NYA,BOS,https://www.baseball-reference.com/teams/BOS/2025-schedule-scores.shtml#all_team_schedule
SDN202508210,2025-08-21,0,SDP,SFG,,SDP,SDN,SDP,https://www.baseball-reference.com/teams/SDP/2025-schedule-scores.shtml#all_team_schedule
TBA202508210,2025-08-21,0,STL,TBR,@,TBR,TBA,STL,https://www.baseball-reference.com/teams/STL/2025-schedule-scores.shtml#all_team_schedule
WAS202508210,2025-08-21,0,NYM,WSN,@,WSN,WAS,NYM,https://www.baseball-reference.com/teams/NYM/2025-schedule-scores.shtml#all_team_schedule
ANA202508220,2025-08-22,0,CHC,LAA,@,LAA,ANA,CHC,https://www.baseball-reference.com/teams/CHC/2025-schedule-scores.shtml#all_team_schedule
ARI202508220,2025-08-22,0,ARI,CIN,,ARI,ARI,ARI,https://www.baseball-reference.com/teams/ARI/2025-schedule-scores.shtml#all_team_schedule
ATL202508220,2025-08-22,0,ATL,NYM,,ATL,ATL,ATL,https://www.baseball-reference.com/teams/ATL/2025-schedule-scores.shtml#all_team_schedule
BAL202508220,2025-08-22,0,BAL,HOU,,BAL,BAL,BAL,https://www.baseball-reference.com/teams/BAL/2025-schedule-scores.shtml#all_team_schedule
CHA202508220,2025-08-22,0,CHW,MIN,,CHW,CHA,CHW,https://www.baseball-reference.com/teams/CHW/2025-schedule-scores.shtml#all_team_schedule
DET202508220,2025-08-22,0,DET,KCR,,DET,DET,DET,https://www.baseball-reference.com/teams/DET/2025-schedule-scores.shtml#all_team_schedule
MIA202508220,2025-08-22,0,MIA,TOR,,MIA,MIA,MIA,https://www.baseball-reference.com/teams/MIA/2025-schedule-scores.shtml#all_team_schedule
MIL202508220,2025-08-22,0,MIL,SFG,,MIL,MIL,MIL,https://www.baseball-reference.com/teams/MIL/2025-schedule-scores.shtml#all_team_schedule
NYA202508220,2025-08-22,0,BOS,NYY,@,NYY,NYA,BOS,https://www.baseball-reference.com/teams/BOS/2025-schedule-scores.shtml#all_team_schedule
PHI202508220,2025-08-22,0,PHI,WSN,,PHI,PHI,PHI,https://www.baseball-reference.com/teams/PHI/2025-schedule-scores.shtml#all_team_schedule
PIT202508220,2025-08-22,0,COL,PIT,@,PIT,PIT,COL,https://www.baseball-reference.com/teams/COL/2025-schedule-scores.shtml#all_team_schedule
SDN202508220,2025-08-22,0,LAD,SDP,@,SDP,SDN,LAD,https://www.baseball-reference.com/teams/LAD/2025-schedule-scores.shtml#all_team_schedule
SEA202508220,2025-08-22,0,ATH,SEA,@,SEA,SEA,ATH,https://www.baseball-reference.com/teams/ATH/2025-schedule-scores.shtml#all_team_schedule
TBA202508220,2025-08-22,0,STL,TBR,@,TBR,TBA,STL,https://www.baseball-reference.com/teams/STL/2025-schedule-scores.shtml#all_team_schedule
TEX202508220,2025-08-22,0,CLE,TEX,@,TEX,TEX,CLE,https://www.baseball-reference.com/teams/CLE/2025-schedule-scores.shtml#all_team_schedule
ANA202508230,2025-08-23,0,CHC,LAA,@,LAA,ANA,CHC,https://www.baseball-reference.com/teams/CHC/2025-schedule-scores.shtml#all_team_schedule
ARI202508230,2025-08-23,0,ARI,CIN,,ARI,ARI,ARI,https://www.baseball-reference.com/teams/ARI/2025-schedule-scores.shtml#all_team_schedule
ATL202508230,2025-08-23,0,ATL,NYM,,ATL,ATL,ATL,https://www.baseball-reference.com/teams/ATL/2025-schedule-scores.shtml#all_team_schedule
BAL202508230,2025-08-23,0,BAL,HOU,,BAL,BAL,BAL,https://www.baseball-reference.com/teams/BAL/2025-schedule-scores.shtml#all_team_schedule
CHA202508230,2025-08-23,0,CHW,MIN,,CHW,CHA,CHW,https://www.baseball-reference.com/teams/CHW/2025-schedule-scores.shtml#all_team_schedule
DET202508230,2025-08-23,0,DET,KCR,,DET,DET,DET,https://www.baseball-reference.com/teams/DET/2025-schedule-scores.shtml#all_team_schedule
MIA202508230,2025-08-23,0,MIA,TOR,,MIA,MIA,MIA,https://www.baseball-reference.com/teams/MIA/2025-schedule-scores.shtml#all_team_schedule
MIL202508230,2025-08-23,0,MIL,SFG,,MIL,MIL,MIL,https://www.baseball-reference.com/teams/MIL/2025-schedule-scores.shtml#all_team_schedule
NYA202508230,2025-08-23,0,BOS,NYY,@,NYY,NYA,BOS,https://www.baseball-reference.com/teams/BOS/2025-schedule-scores.shtml#all_team_schedule
PHI202508230,2025-08-23,0,PHI,WSN,,PHI,PHI,PHI,https://www.baseball-reference.com/teams/PHI/2025-schedule-scores.shtml#all_team_schedule
PIT202508230,2025-08-23,0,COL,PIT,@,PIT,PIT,COL,https://www.baseball-reference.com/teams/COL/2025-schedule-scores.shtml#all_team_schedule
SDN202508230,2025-08-23,0,LAD,SDP,@,SDP,SDN,LAD,https://www.baseball-reference.com/teams/LAD/2025-schedule-scores.shtml#all_team_schedule
SEA202508230,2025-08-23,0,ATH,SEA,@,SEA,SEA,ATH,https://www.baseball-reference.com/teams/ATH/2025-schedule-scores.shtml#all_team_schedule
TEX202508230,2025-08-23,0,CLE,TEX,@,TEX,TEX,CLE,https://www.baseball-reference.com/teams/CLE/2025-schedule-scores.shtml#all_team_schedule
ANA202508240,2025-08-24,0,CHC,LAA,@,LAA,ANA,CHC,https://www.baseball-reference.com/teams/CHC/2025-schedule-scores.shtml#all_team_schedule
ARI202508240,2025-08-24,0,ARI,CIN,,ARI,ARI,ARI,https://www.baseball-reference.com/teams/ARI/2025-schedule-scores.shtml#all_team_schedule
ATL202508240,2025-08-24,0,ATL,NYM,,ATL,ATL,ATL,https://www.baseball-reference.com/teams/ATL/2025-schedule-scores.shtml#all_team_schedule
BAL202508240,2025-08-24,0,BAL,HOU,,BAL,BAL,BAL,https://www.baseball-reference.com/teams/BAL/2025-schedule-scores.shtml#all_team_schedule
CHA202508240,2025-08-24,0,CHW,MIN,,CHW,CHA,CHW,https://www.baseball-reference.com/teams/CHW/2025-schedule-scores.shtml#all_team_schedule
DET202508240,2025-08-24,0,DET,KCR,,DET,DET,DET,https://www.baseball-reference.com/teams/DET/2025-schedule-scores.shtml#all_team_schedule
MIA202508240,2025-08-24,0,MIA,TOR,,MIA,MIA,MIA,https://www.baseball-reference.com/teams/MIA/2025-schedule-scores.shtml#all_team_schedule
MIL202508240,2025-08-24,0,MIL,SFG,,MIL,MIL,MIL,https://www.baseball-reference.com/teams/MIL/2025-schedule-scores.shtml#all_team_schedule
NYA202508240,2025-08-24,0,BOS,NYY,@,NYY,NYA,BOS,https://www.baseball-reference.com/teams/BOS/2025-schedule-scores.shtml#all_team_schedule
PHI202508240,2025-08-24,0,PHI,WSN,,PHI,PHI,PHI,https://www.baseball-reference.com/teams/PHI/2025-schedule-scores.shtml#all_team_schedule
PIT202508240,2025-08-24,0,COL,PIT,@,PIT,PIT,COL,https://www.baseball-reference.com/teams/COL/2025-schedule-scores.shtml#all_team_schedule
SDN202508240,2025-08-24,0,LAD,SDP,@,SDP,SDN,LAD,https://www.baseball-reference.com/teams/LAD/2025-schedule-scores.shtml#all_team_schedule
SEA202508240,2025-08-24,0,ATH,SEA,@,SEA,SEA,ATH,https://www.baseball-reference.com/teams/ATH/2025-schedule-scores.shtml#all_team_schedule
TBA202508240,2025-08-24,0,STL,TBR,@,TBR,TBA,STL,https://www.baseball-reference.com/teams/STL/2025-schedule-scores.shtml#all_team_schedule
TEX202508240,2025-08-24,0,CLE,TEX,@,TEX,TEX,CLE,https://www.baseball-reference.com/teams/CLE/2025-schedule-scores.shtml#all_team_schedule
ATH202508250,2025-08-25,0,ATH,DET,,ATH,ATH,ATH,https://www.baseball-reference.com/teams/ATH/2025-schedule-scores.shtml#all_team_schedule
BAL202508250,2025-08-25,0,BAL,BOS,,BAL,BAL,BAL,https://www.baseball-reference.com/teams/BAL/2025-schedule-scores.shtml#all_team_schedule
CHA202508250,2025-08-25,0,CHW,KCR,,CHW,CHA,CHW,https://www.baseball-reference.com/teams/CHW/2025-schedule-scores.shtml#all_team_schedule
CLE202508250,2025-08-25,0,CLE,TBR,,CLE,CLE,CLE,https://www.baseball-reference.com/teams/CLE/2025-schedule-scores.shtml#all_team_schedule
LAN202508250,2025-08-25,0,CIN,LAD,@,LAD,LAN,CIN,https://www.baseball-reference.com/teams/CIN/2025-schedule-scores.shtml#all_team_schedule
MIA202508250,2025-08-25,0,ATL,MIA,@,MIA,MIA,ATL,https://www.baseball-reference.com/teams/ATL/2025-schedule-scores.shtml#all_team_schedule
MIL202508250,2025-08-25,0,ARI,MIL,@,MIL,MIL,ARI,https://www.baseball-reference.com/teams/ARI/2025-schedule-scores.shtml#all_team_schedule
NYA202508250,2025-08-25,0,NYY,WSN,,NYY,NYA,NYY,https://www.baseball-reference.com/teams/NYY/2025-schedule-scores.shtml#all_team_schedule
NYN202508250,2025-08-25,0,NYM,PHI,,NYM,NYN,NYM,https://www.baseball-reference.com/teams/NYM/2025-schedule-scores.shtml#all_team_schedule
SEA202508250,2025-08-25,0,SDP,SEA,@,SEA,SEA,SDP,https://www.baseball-reference.com/teams/SDP/2025-schedule-scores.shtml#all_team_schedule
SLN202508250,2025-08-25,0,PIT,STL,@,STL,SLN,PIT,https://www.baseball-reference.com/teams/PIT/2025-schedule-scores.shtml#all_team_schedule
TEX202508250,2025-08-25,0,LAA,TEX,@,TEX,TEX,LAA,https://www.baseball-reference.com/teams/LAA/2025-schedule-scores.shtml#all_team_schedule
TOR202508250,2025-08-25,0,MIN,TOR,@,TOR,TOR,MIN,https://www.baseball-reference.com/teams/MIN/2025-schedule-scores.shtml#all_team_schedule
ATH202508260,2025-08-26,0,ATH,DET,,ATH,ATH,ATH,https://www.baseball-reference.com/teams/ATH/2025-schedule-scores.shtml#all_team_schedule
BAL202508260,2025-08-26,0,BAL,BOS,,BAL,BAL,BAL,https://www.baseball-reference.com/teams/BAL/2025-schedule-scores.shtml#all_team_schedule
CHA202508260,2025-08-26,0,CHW,KCR,,CHW,CHA,CHW,https://www.baseball-reference.com/teams/CHW/2025-schedule-scores.shtml#all_team_schedule
CLE202508260,2025-08-26,0,CLE,TBR,,CLE,CLE,CLE,https://www.baseball-reference.com/teams/CLE/2025-schedule-scores.shtml#all_team_schedule
HOU202508260,2025-08-26,0,COL,HOU,@,HOU,HOU,COL,https://www.baseball-reference.com/teams/COL/2025-schedule-scores.shtml#all_team_schedule
LAN202508260,2025-08-26,0,CIN,LAD,@,LAD,LAN,CIN,https://www.baseball-reference.com/teams/CIN/2025-schedule-scores.shtml#all_team_schedule
MIA202508260,2025-08-26,0,ATL,MIA,@,MIA,MIA,ATL,https://www.baseball-reference.com/teams/ATL/2025-schedule-scores.shtml#all_team_schedule
MIL202508260,2025-08-26,0,ARI,MIL,@,MIL,MIL,ARI,https://www.baseball-reference.com/teams/ARI/2025-schedule-scores.shtml#all_team_schedule
NYA202508260,2025-08-26,0,NYY,WSN,,NYY,NYA,NYY,https://www.baseball-reference.com/teams/NYY/2025-schedule-scores.shtml#all_team_schedule
NYN202508260,2025-08-26,0,NYM,PHI,,NYM,NYN,NYM,https://www.baseball-reference.com/teams/NYM/2025-schedule-scores.shtml#all_team_schedule
SEA202508260,2025-08-26,0,SDP,SEA,@,SEA,SEA,SDP,https://www.baseball-reference.com/teams/SDP/2025-schedule-scores.shtml#all_team_schedule
SFN202508260,2025-08-26,0,CHC,SFG,@,SFG,SFN,CHC,https://www.baseball-reference.com/teams/CHC/2025-schedule-scores.shtml#all_team_schedule
SLN202508260,2025-08-26,0,PIT,STL,@,STL,SLN,PIT,https://www.baseball-reference.com/teams/PIT/2025-schedule-scores.shtml#all_team_schedule
TEX202508260,2025-08-26,0,LAA,TEX,@,TEX,TEX,LAA,https://www.baseball-reference.com/teams/LAA/2025-schedule-scores.shtml#all_team_schedule
TOR202508260,2025-08-26,0,MIN,TOR,@,TOR,TOR,MIN,https://www.baseball-reference.com/teams/MIN/2025-schedule-scores.shtml#all_team_schedule
ATH202508270,2025-08-27,0,ATH,DET,,ATH,ATH,ATH,https://www.baseball-reference.com/teams/ATH/2025-schedule-scores.shtml#all_team_schedule
BAL202508270,2025-08-27,0,BAL,BOS,,BAL,BAL,BAL,https://www.baseball-reference.com/teams/BAL/2025-schedule-scores.shtml#all_team_schedule
CHA202508270,2025-08-27,0,CHW,KCR,,CHW,CHA,CHW,https://www.baseball-reference.com/teams/CHW/2025-schedule-scores.shtml#all_team_schedule
CLE202508270,2025-08-27,0,CLE,TBR,,CLE,CLE,CLE,https://www.baseball-reference.com/teams/CLE/2025-schedule-scores.shtml#all_team_schedule
HOU202508270,2025-08-27,0,COL,HOU,@,HOU,HOU,COL,https://www.baseball-reference.com/teams/COL/2025-schedule-scores.shtml#all_team_schedule
LAN202508270,2025-08-27,0,CIN,LAD,@,LAD,LAN,CIN,https://www.baseball-reference.com/teams/CIN/2025-schedule-scores.shtml#all_team_schedule
MIA202508270,2025-08-27,0,ATL,MIA,@,MIA,MIA,ATL,https://www.baseball-reference.com/teams/ATL/2025-schedule-scores.shtml#all_team_schedule
MIL202508270,2025-08-27,0,ARI,MIL,@,MIL,MIL,ARI,https://www.baseball-reference.com/teams/ARI/2025-schedule-scores.shtml#all_team_schedule
NYA202508270,2025-08-27,0,NYY,WSN,,NYY,NYA,NYY,https://www.baseball-reference.com/teams/NYY/2025-schedule-scores.shtml#all_team_schedule
NYN202508270,2025-08-27,0,NYM,PHI,,NYM,NYN,NYM,https://www.baseball-reference.com/teams/NYM/2025-schedule-scores.shtml#all_team_schedule
SEA202508270,2025-08-27,0,SDP,SEA,@,SEA,SEA,SDP,https://www.baseball-reference.com/teams/SDP/2025-schedule-scores.shtml#all_team_schedule
SFN202508270,2025-08-27,0,CHC,SFG,@,SFG,SFN,CHC,https://www.baseball-reference.com/teams/CHC/2025-schedule-scores.shtml#all_team_schedule
SLN202508270,2025-08-27,0,PIT,STL,@,STL,SLN,PIT,https://www.baseball-reference.com/teams/PIT/2025-schedule-scores.shtml#all_team_schedule
TEX202508270,2025-08-27,0,LAA,TEX,@,TEX,TEX,LAA,https://www.baseball-reference.com/teams/LAA/2025-schedule-scores.shtml#all_team_schedule
TOR202508270,2025-08-27,0,MIN,TOR,@,TOR,TOR,MIN,https://www.baseball-reference.com/teams/MIN/2025-schedule-scores.shtml#all_team_schedule
BAL202508280,2025-08-28,0,BAL,BOS,,BAL,BAL,BAL,https://www.baseball-reference.com/teams/BAL/2025-schedule-scores.shtml#all_team_schedule
CHA202508280,2025-08-28,0,CHW,NYY,,CHW,CHA,CHW,https://www.baseball-reference.com/teams/CHW/2025-schedule-scores.shtml#all_team_schedule
HOU202508280,2025-08-28,0,COL,HOU,@,HOU,HOU,COL,https://www.baseball-reference.com/teams/COL/2025-schedule-scores.shtml#all_team_schedule
MIL202508280,2025-08-28,0,ARI,MIL,@,MIL,MIL,ARI,https://www.baseball-reference.com/teams/ARI/2025-schedule-scores.shtml#all_team_schedule
NYN202508280,2025-08-28,0,MIA,NYM,@,NYM,NYN,MIA,https://www.baseball-reference.com/teams/MIA/2025-schedule-scores.shtml#all_team_schedule
PHI202508280,2025-08-28,0,ATL,PHI,@,PHI,PHI,ATL,https://www.baseball-reference.com/teams/ATL/2025-schedule-scores.shtml#all_team_schedule
SFN202508280,2025-08-28,0,CHC,SFG,@,SFG,SFN,CHC,https://www.baseball-reference.com/teams/CHC/2025-schedule-scores.shtml#all_team_schedule
SLN202508280,2025-08-28,0,PIT,STL,@,STL,SLN,PIT,https://www.baseball-reference.com/teams/PIT/2025-schedule-scores.shtml#all_team_schedule
ATH202508290,2025-08-29,0,ATH,TEX,,ATH,ATH,ATH,https://www.baseball-reference.com/teams/ATH/2025-schedule-scores.shtml#all_team_schedule
BOS202508290,2025-08-29,0,BOS,PIT,,BOS,BOS,BOS,https://www.baseball-reference.com/teams/BOS/2025-schedule-scores.shtml#all_team_schedule
CHA202508290,2025-08-29,0,CHW,NYY,,CHW,CHA,CHW,https://www.baseball-reference.com/teams/CHW/2025-schedule-scores.shtml#all_team_schedule
CIN202508290,2025-08-29,0,CIN,STL,,CIN,CIN,CIN,https://www.baseball-reference.com/teams/CIN/2025-schedule-scores.shtml#all_team_schedule
CLE202508290,2025-08-29,0,CLE,SEA,,CLE,CLE,CLE,https://www.baseball-reference.com/teams/CLE/2025-schedule-scores.shtml#all_team_schedule
COL202508290,2025-08-29,0,CHC,COL,@,COL,COL,CHC,https://www.baseball-reference.com/teams/CHC/2025-schedule-scores.shtml#all_team_schedule
HOU202508290,2025-08-29,0,HOU,LAA,,HOU,HOU,HOU,https://www.baseball-reference.com/teams/HOU/2025-schedule-scores.shtml#all_team_schedule
KCA202508290,2025-08-29,0,DET,KCR,@,KCR,KCA,DET,https://www.baseball-reference.com/teams/DET/2025-schedule-scores.shtml#all_team_schedule
LAN202508290,2025-08-29,0,ARI,LAD,@,LAD,LAN,ARI,https://www.baseball-reference.com/teams/ARI/2025-schedule-scores.shtml#all_team_schedule
MIN202508290,2025-08-29,0,MIN,SDP,,MIN,MIN,MIN,https://www.baseball-reference.com/teams/MIN/2025-schedule-scores.shtml#all_team_schedule
NYN202508290,2025-08-29,0,MIA,NYM,@,NYM,NYN,MIA,https://www.baseball-reference.com/teams/MIA/2025-schedule-scores.shtml#all_team_schedule
PHI202508290,2025-08-29,0,ATL,PHI,@,PHI,PHI,ATL,https://www.baseball-reference.com/teams/ATL/2025-schedule-scores.shtml#all_team_schedule
SFN202508290,2025-08-29,0,BAL,SFG,@,SFG,SFN,BAL,https://www.baseball-reference.com/teams/BAL/2025-schedule-scores.shtml#all_team_schedule
TOR202508290,2025-08-29,0,MIL,TOR,@,TOR,TOR,MIL,https://www.baseball-reference.com/teams/MIL/2025-schedule-scores.shtml#all_team_schedule
WAS202508290,2025-08-29,0,TBR,WSN,@,WSN,WAS,TBR,https://www.baseball-reference.com/teams/TBR/2025-schedule-scores.shtml#all_team_schedule
ATH202508300,2025-08-30,0,ATH,TEX,,ATH,ATH,ATH,https://www.baseball-reference.com/teams/ATH/2025-schedule-scores.shtml#all_team_schedule
BOS202508300,2025-08-30,0,BOS,PIT,,BOS,BOS,BOS,https://www.baseball-reference.com/teams/BOS/2025-schedule-scores.shtml#all_team_schedule
CHA202508300,2025-08-30,0,CHW,NYY,,CHW,CHA,CHW,https://www.baseball-reference.com/teams/CHW/2025-schedule-scores.shtml#all_team_schedule
CIN202508300,2025-08-30,0,CIN,STL,,CIN,CIN,CIN,https://www.baseball-reference.com/teams/CIN/2025-schedule-scores.shtml#all_team_schedule
CLE202508300,2025-08-30,0,CLE,SEA,,CLE,CLE,CLE,https://www.baseball-reference.com/teams/CLE/2025-schedule-scores.shtml#all_team_schedule
COL202508300,2025-08-30,0,CHC,COL,@,COL,COL,CHC,https://www.baseball-reference.com/teams/CHC/2025-schedule-scores.shtml#all_team_schedule
HOU202508300,2025-08-30,0,HOU,LAA,,HOU,HOU,HOU,https://www.baseball-reference.com/teams/HOU/2025-schedule-scores.shtml#all_team_schedule
KCA202508300,2025-08-30,0,DET,KCR,@,KCR,KCA,DET,https://www.baseball-reference.com/teams/DET/2025-schedule-scores.shtml#all_team_schedule
LAN202508300,2025-08-30,0,ARI,LAD,@,LAD,LAN,ARI,https://www.baseball-reference.com/teams/ARI/2025-schedule-scores.shtml#all_team_schedule
MIN202508300,2025-08-30,0,MIN,SDP,,MIN,MIN,MIN,https://www.baseball-reference.com/teams/MIN/2025-schedule-scores.shtml#all_team_schedule
NYN202508300,2025-08-30,0,MIA,NYM,@,NYM,NYN,MIA,https://www.baseball-reference.com/teams/MIA/2025-schedule-scores.shtml#all_team_schedule
PHI202508300,2025-08-30,0,ATL,PHI,@,PHI,PHI,ATL,https://www.baseball-reference.com/teams/ATL/2025-schedule-scores.shtml#all_team_schedule
SFN202508300,2025-08-30,0,BAL,SFG,@,SFG,SFN,BAL,https://www.baseball-reference.com/teams/BAL/2025-schedule-scores.shtml#all_team_schedule
TOR202508300,2025-08-30,0,MIL,TOR,@,TOR,TOR,MIL,https://www.baseball-reference.com/teams/MIL/2025-schedule-scores.shtml#all_team_schedule
WAS202508300,2025-08-30,0,TBR,WSN,@,WSN,WAS,TBR,https://www.baseball-reference.com/teams/TBR/2025-schedule-scores.shtml#all_team_schedule
ATH202508310,2025-08-31,0,ATH,TEX,,ATH,ATH,ATH,https://www.baseball-reference.com/teams/ATH/2025-schedule-scores.shtml#all_team_schedule
BOS202508310,2025-08-31,0,BOS,PIT,,BOS,BOS,BOS,https://www.baseball-reference.com/teams/BOS/2025-schedule-scores.shtml#all_team_schedule
CHA202508310,2025-08-31,0,CHW,NYY,,CHW,CHA,CHW,https://www.baseball-reference.com/teams/CHW/2025-schedule-scores.shtml#all_team_schedule
CIN202508310,2025-08-31,0,CIN,STL,,CIN,CIN,CIN,https://www.baseball-reference.com/teams/CIN/2025-schedule-scores.shtml#all_team_schedule
CLE202508310,2025-08-31,0,CLE,SEA,,CLE,CLE,CLE,https://www.baseball-reference.com/teams/CLE/2025-schedule-scores.shtml#all_team_schedule
COL202508310,2025-08-31,0,CHC,COL,@,COL,COL,CHC,https://www.baseball-reference.com/teams/CHC/2025-schedule-scores.shtml#all_team_schedule
HOU202508310,2025-08-31,0,HOU,LAA,,HOU,HOU,HOU,https://www.baseball-reference.com/teams/HOU/2025-schedule-scores.shtml#all_team_schedule
KCA202508310,2025-08-31,0,DET,KCR,@,KCR,KCA,DET,https://www.baseball-reference.com/teams/DET/2025-schedule-scores.shtml#all_team_schedule
LAN202508310,2025-08-31,0,ARI,LAD,@,LAD,LAN,ARI,https://www.baseball-reference.com/teams/ARI/2025-schedule-scores.shtml#all_team_schedule
MIN202508310,2025-08-31,0,MIN,SDP,,MIN,MIN,MIN,https://www.baseball-reference.com/teams/MIN/2025-schedule-scores.shtml#all_team_schedule
NYN202508310,2025-08-31,0,MIA,NYM,@,NYM,NYN,MIA,https://www.baseball-reference.com/teams/MIA/2025-schedule-scores.shtml#all_team_schedule
PHI202508310,2025-08-31,0,ATL,PHI,@,PHI,PHI,ATL,https://www.baseball-reference.com/teams/ATL/2025-schedule-scores.shtml#all_team_schedule
SFN202508310,2025-08-31,0,BAL,SFG,@,SFG,SFN,BAL,https://www.baseball-reference.com/teams/BAL/2025-schedule-scores.shtml#all_team_schedule
TOR202508310,2025-08-31,0,MIL,TOR,@,TOR,TOR,MIL,https://www.baseball-reference.com/teams/MIL/2025-schedule-scores.shtml#all_team_schedule
WAS202508310,2025-08-31,0,TBR,WSN,@,WSN,WAS,TBR,https://www.baseball-reference.com/teams/TBR/2025-schedule-scores.shtml#all_team_schedule
ARI202509010,2025-09-01,0,ARI,TEX,,ARI,ARI,ARI,https://www.baseball-reference.com/teams/ARI/2025-schedule-scores.shtml#all_team_schedule
BOS202509010,2025-09-01,0,BOS,CLE,,BOS,BOS,BOS,https://www.baseball-reference.com/teams/BOS/2025-schedule-scores.shtml#all_team_schedule
CHN202509010,2025-09-01,0,ATL,CHC,@,CHC,CHN,ATL,https://www.baseball-reference.com/teams/ATL/2025-schedule-scores.shtml#all_team_schedule
CIN202509010,2025-09-01,0,CIN,TOR,,CIN,CIN,CIN,https://www.baseball-reference.com/teams/CIN/2025-schedule-scores.shtml#all_team_schedule
COL202509010,2025-09-01,0,COL,SFG,,COL,COL,COL,https://www.baseball-reference.com/teams/COL/2025-schedule-scores.shtml#all_team_schedule
DET202509010,2025-09-01,0,DET,NYM,,DET,DET,DET,https://www.baseball-reference.com/teams/DET/2025-schedule-scores.shtml#all_team_schedule
HOU202509010,2025-09-01,0,HOU,LAA,,HOU,HOU,HOU,https://www.baseball-reference.com/teams/HOU/2025-schedule-scores.shtml#all_team_schedule
MIL202509010,2025-09-01,0,MIL,PHI,,MIL,MIL,MIL,https://www.baseball-reference.com/teams/MIL/2025-schedule-scores.shtml#all_team_schedule
MIN202509010,2025-09-01,0,CHW,MIN,@,MIN,MIN,CHW,https://www.baseball-reference.com/teams/CHW/2025-schedule-scores.shtml#all_team_schedule
SDN202509010,2025-09-01,0,BAL,SDP,@,SDP,SDN,BAL,https://www.baseball-reference.com/teams/BAL/2025-schedule-scores.shtml#all_team_schedule
SLN202509010,2025-09-01,0,ATH,STL,@,STL,SLN,ATH,https://www.baseball-reference.com/teams/ATH/2025-schedule-scores.shtml#all_team_schedule
TBA202509010,2025-09-01,0,SEA,TBR,@,TBR,TBA,SEA,https://www.baseball-reference.com/teams/SEA/2025-schedule-scores.shtml#all_team_schedule
WAS202509010,2025-09-01,0,MIA,WSN,@,WSN,WAS,MIA,https://www.baseball-reference.com/teams/MIA/2025-schedule-scores.shtml#all_team_schedule
ARI202509020,2025-09-02,0,ARI,TEX,,ARI,ARI,ARI,https://www.baseball-reference.com/teams/ARI/2025-schedule-scores.shtml#all_team_schedule
BOS202509020,2025-09-02,0,BOS,CLE,,BOS,BOS,BOS,https://www.baseball-reference.com/teams/BOS/2025-schedule-scores.shtml#all_team_schedule
CHN202509020,2025-09-02,0,ATL,CHC,@,CHC,CHN,ATL,https://www.baseball-reference.com/teams/ATL/2025-schedule-scores.shtml#all_team_schedule
CIN202509020,2025-09-02,0,CIN,TOR,,CIN,CIN,CIN,https://www.baseball-reference.com/teams/CIN/2025-schedule-scores.shtml#all_team_schedule
COL202509020,2025-09-02,0,COL,SFG,,COL,COL,COL,https://www.baseball-reference.com/teams/COL/2025-schedule-scores.shtml#all_team_schedule
DET202509020,2025-09-02,0,DET,NYM,,DET,DET,DET,https://www.baseball-reference.com/teams/DET/2025-schedule-scores.shtml#all_team_schedule
HOU202509020,2025-09-02,0,HOU,NYY,,HOU,HOU,HOU,https://www.baseball-reference.com/teams/HOU/2025-schedule-scores.shtml#all_team_schedule
KCA202509020,2025-09-02,0,KCR,LAA,,KCR,KCA,KCR,https://www.baseball-reference.com/teams/KCR/2025-schedule-scores.shtml#all_team_schedule
MIN202509020,2025-09-02,0,CHW,MIN,@,MIN,MIN,CHW,https://www.baseball-reference.com/teams/CHW/2025-schedule-scores.shtml#all_team_schedule
PIT202509020,2025-09-02,0,LAD,PIT,@,PIT,PIT,LAD,https://www.baseball-reference.com/teams/LAD/2025-schedule-scores.shtml#all_team_schedule
SDN202509020,2025-09-02,0,BAL,SDP,@,SDP,SDN,BAL,https://www.baseball-reference.com/teams/BAL/2025-schedule-scores.shtml#all_team_schedule
SLN202509020,2025-09-02,0,ATH,STL,@,STL,SLN,ATH,https://www.baseball-reference.com/teams/ATH/2025-schedule-scores.shtml#all_team_schedule
TBA202509020,2025-09-02,0,SEA,TBR,@,TBR,TBA,SEA,https://www.baseball-reference.com/teams/SEA/2025-schedule-scores.shtml#all_team_schedule
WAS202509020,2025-09-02,0,MIA,WSN,@,WSN,WAS,MIA,https://www.baseball-reference.com/teams/MIA/2025-schedule-scores.shtml#all_team_schedule
ARI202509030,2025-09-03,0,ARI,TEX,,ARI,ARI,ARI,https://www.baseball-reference.com/teams/ARI/2025-schedule-scores.shtml#all_team_schedule
BOS202509030,2025-09-03,0,BOS,CLE,,BOS,BOS,BOS,https://www.baseball-reference.com/teams/BOS/2025-schedule-scores.shtml#all_team_schedule
CHN202509030,2025-09-03,0,ATL,CHC,@,CHC,CHN,ATL,https://www.baseball-reference.com/teams/ATL/2025-schedule-scores.shtml#all_team_schedule
CIN202509030,2025-09-03,0,CIN,TOR,,CIN,CIN,CIN,https://www.baseball-reference.com/teams/CIN/2025-schedule-scores.shtml#all_team_schedule
COL202509030,2025-09-03,0,COL,SFG,,COL,COL,COL,https://www.baseball-reference.com/teams/COL/2025-schedule-scores.shtml#all_team_schedule
DET202509030,2025-09-03,0,DET,NYM,,DET,DET,DET,https://www.baseball-reference.com/teams/DET/2025-schedule-scores.shtml#all_team_schedule
HOU202509030,2025-09-03,0,HOU,NYY,,HOU,HOU,HOU,https://www.baseball-reference.com/teams/HOU/2025-schedule-scores.shtml#all_team_schedule
KCA202509030,2025-09-03,0,KCR,LAA,,KCR,KCA,KCR,https://www.baseball-reference.com/teams/KCR/2025-schedule-scores.shtml#all_team_schedule
MIL202509030,2025-09-03,0,MIL,PHI,,MIL,MIL,MIL,https://www.baseball-reference.com/teams/MIL/2025-schedule-scores.shtml#all_team_schedule
MIN202509030,2025-09-03,0,CHW,MIN,@,MIN,MIN,CHW,https://www.baseball-reference.com/teams/CHW/2025-schedule-scores.shtml#all_team_schedule
PIT202509030,2025-09-03,0,LAD,PIT,@,PIT,PIT,LAD,https://www.baseball-reference.com/teams/LAD/2025-schedule-scores.shtml#all_team_schedule
SDN202509030,2025-09-03,0,BAL,SDP,@,SDP,SDN,BAL,https://www.baseball-reference.com/teams/BAL/2025-schedule-scores.shtml#all_team_schedule
SLN202509030,2025-09-03,0,ATH,STL,@,STL,SLN,ATH,https://www.baseball-reference.com/teams/ATH/2025-schedule-scores.shtml#all_team_schedule
TBA202509030,2025-09-03,0,SEA,TBR,@,TBR,TBA,SEA,https://www.baseball-reference.com/teams/SEA/2025-schedule-scores.shtml#all_team_schedule
WAS202509030,2025-09-03,0,MIA,WSN,@,WSN,WAS,MIA,https://www.baseball-reference.com/teams/MIA/2025-schedule-scores.shtml#all_team_schedule
HOU202509040,2025-09-04,0,HOU,NYY,,HOU,HOU,HOU,https://www.baseball-reference.com/teams/HOU/2025-schedule-scores.shtml#all_team_schedule
KCA202509040,2025-09-04,0,KCR,LAA,,KCR,KCA,KCR,https://www.baseball-reference.com/teams/KCR/2025-schedule-scores.shtml#all_team_schedule
MIL202509040,2025-09-04,0,MIL,PHI,,MIL,MIL,MIL,https://www.baseball-reference.com/teams/MIL/2025-schedule-scores.shtml#all_team_schedule
MIN202509040,2025-09-04,0,CHW,MIN,@,MIN,MIN,CHW,https://www.baseball-reference.com/teams/CHW/2025-schedule-scores.shtml#all_team_schedule
PIT202509040,2025-09-04,0,LAD,PIT,@,PIT,PIT,LAD,https://www.baseball-reference.com/teams/LAD/2025-schedule-scores.shtml#all_team_schedule
TBA202509040,2025-09-04,0,CLE,TBR,@,TBR,TBA,CLE,https://www.baseball-reference.com/teams/CLE/2025-schedule-scores.shtml#all_team_schedule
ANA202509050,2025-09-05,0,ATH,LAA,@,LAA,ANA,ATH,https://www.baseball-reference.com/teams/ATH/2025-schedule-scores.shtml#all_team_schedule
ARI202509050,2025-09-05,0,ARI,BOS,,ARI,ARI,ARI,https://www.baseball-reference.com/teams/ARI/2025-schedule-scores.shtml#all_team_schedule
ATL202509050,2025-09-05,0,ATL,SEA,,ATL,ATL,ATL,https://www.baseball-reference.com/teams/ATL/2025-schedule-scores.shtml#all_team_schedule
BAL202509050,2025-09-05,0,BAL,LAD,,BAL,BAL,BAL,https://www.baseball-reference.com/teams/BAL/2025-schedule-scores.shtml#all_team_schedule
CHN202509050,2025-09-05,0,CHC,WSN,,CHC,CHN,CHC,https://www.baseball-reference.com/teams/CHC/2025-schedule-scores.shtml#all_team_schedule
CIN202509050,2025-09-05,0,CIN,NYM,,CIN,CIN,CIN,https://www.baseball-reference.com/teams/CIN/2025-schedule-scores.shtml#all_team_schedule
COL202509050,2025-09-05,0,COL,SDP,,COL,COL,COL,https://www.baseball-reference.com/teams/COL/2025-schedule-scores.shtml#all_team_schedule
DET202509050,2025-09-05,0,CHW,DET,@,DET,DET,CHW,https://www.baseball-reference.com/teams/CHW/2025-schedule-scores.shtml#all_team_schedule
KCA202509050,2025-09-05,0,KCR,MIN,,KCR,KCA,KCR,https://www.baseball-reference.com/teams/KCR/2025-schedule-scores.shtml#all_team_schedule
MIA202509050,2025-09-05,0,MIA,PHI,,MIA,MIA,MIA,https://www.baseball-reference.com/teams/MIA/2025-schedule-scores.shtml#all_team_schedule
NYA202509050,2025-09-05,0,NYY,TOR,,NYY,NYA,NYY,https://www.baseball-reference.com/teams/NYY/2025-schedule-scores.shtml#all_team_schedule
PIT202509050,2025-09-05,0,MIL,PIT,@,PIT,PIT,MIL,https://www.baseball-reference.com/teams/MIL/2025-schedule-scores.shtml#all_team_schedule
SLN202509050,2025-09-05,0,SFG,STL,@,STL,SLN,SFG,https://www.baseball-reference.com/teams/SFG/2025-schedule-scores.shtml#all_team_schedule
TBA202509050,2025-09-05,0,CLE,TBR,@,TBR,TBA,CLE,https://www.baseball-reference.com/teams/CLE/2025-schedule-scores.shtml#all_team_schedule
TEX202509050,2025-09-05,0,HOU,TEX,@,TEX,TEX,HOU,https://www.baseball-reference.com/teams/HOU/2025-schedule-scores.shtml#all_team_schedule
ANA202509060,2025-09-06,0,ATH,LAA,@,LAA,ANA,ATH,https://www.baseball-reference.com/teams/ATH/2025-schedule-scores.shtml#all_team_schedule
ARI202509060,2025-09-06,0,ARI,BOS,,ARI,ARI,ARI,https://www.baseball-reference.com/teams/ARI/2025-schedule-scores.shtml#all_team_schedule
ATL202509060,2025-09-06,0,ATL,SEA,,ATL,ATL,ATL,https://www.baseball-reference.com/teams/ATL/2025-schedule-scores.shtml#all_team_schedule
BAL202509060,2025-09-06,0,BAL,LAD,,BAL,BAL,BAL,https://www.baseball-reference.com/teams/BAL/2025-schedule-scores.shtml#all_team_schedule
CHN202509060,2025-09-06,0,CHC,WSN,,CHC,CHN,CHC,https://www.baseball-reference.com/teams/CHC/2025-schedule-scores.shtml#all_team_schedule
CIN202509060,2025-09-06,0,CIN,NYM,,CIN,CIN,CIN,https://www.baseball-reference.com/teams/CIN/2025-schedule-scores.shtml#all_team_schedule
COL202509060,2025-09-06,0,COL,SDP,,COL,COL,COL,https://www.baseball-reference.com/teams/COL/2025-schedule-scores.shtml#all_team_schedule
DET202509060,2025-09-06,0,CHW,DET,@,DET,DET,CHW,https://www.baseball-reference.com/teams/CHW/2025-schedule-scores.shtml#all_team_schedule
KCA202509060,2025-09-06,0,KCR,MIN,,KCR,KCA,KCR,https://www.baseball-reference.com/teams/KCR/2025-schedule-scores.shtml#all_team_schedule
MIA202509060,2025-09-06,0,MIA,PHI,,MIA,MIA,MIA,https://www.baseball-reference.com/teams/MIA/2025-schedule-scores.shtml#all_team_schedule
NYA202509060,2025-09-06,0,NYY,TOR,,NYY,NYA,NYY,https://www.baseball-reference.com/teams/NYY/2025-schedule-scores.shtml#all_team_schedule
PIT202509060,2025-09-06,0,MIL,PIT,@,PIT,PIT,MIL,https://www.baseball-reference.com/teams/MIL/2025-schedule-scores.shtml#all_team_schedule
SLN202509060,2025-09-06,0,SFG,STL,@,STL,SLN,SFG,https://www.baseball-reference.com/teams/SFG/2025-schedule-scores.shtml#all_team_schedule
TBA202509060,2025-09-06,0,CLE,TBR,@,TBR,TBA,CLE,https://www.baseball-reference.com/teams/CLE/2025-schedule-scores.shtml#all_team_schedule
TEX202509060,2025-09-06,0,HOU,TEX,@,TEX,TEX,HOU,https://www.baseball-reference.com/teams/HOU/2025-schedule-scores.shtml#all_team_schedule
ANA202509070,2025-09-07,0,ATH,LAA,@,LAA,ANA,ATH,https://www.baseball-reference.com/teams/ATH/2025-schedule-scores.shtml#all_team_schedule
ARI202509070,2025-09-07,0,ARI,BOS,,ARI,ARI,ARI,https://www.baseball-reference.com/teams/ARI/2025-schedule-scores.shtml#all_team_schedule
ATL202509070,2025-09-07,0,ATL,SEA,,ATL,ATL,ATL,https://www.baseball-reference.com/teams/ATL/2025-schedule-scores.shtml#all_team_schedule
BAL202509070,2025-09-07,0,BAL,LAD,,BAL,BAL,BAL,https://www.baseball-reference.com/teams/BAL/2025-schedule-scores.shtml#all_team_schedule
CHN202509070,2025-09-07,0,CHC,WSN,,CHC,CHN,CHC,https://www.baseball-reference.com/teams/CHC/2025-schedule-scores.shtml#all_team_schedule
CIN202509070,2025-09-07,0,CIN,NYM,,CIN,CIN,CIN,https://www.baseball-reference.com/teams/CIN/2025-schedule-scores.shtml#all_team_schedule
COL202509070,2025-09-07,0,COL,SDP,,COL,COL,COL,https://www.baseball-reference.com/teams/COL/2025-schedule-scores.shtml#all_team_schedule
DET202509070,2025-09-07,0,CHW,DET,@,DET,DET,CHW,https://www.baseball-reference.com/teams/CHW/2025-schedule-scores.shtml#all_team_schedule
KCA202509070,2025-09-07,0,KCR,MIN,,KCR,KCA,KCR,https://www.baseball-reference.com/teams/KCR/2025-schedule-scores.shtml#all_team_schedule
MIA202509070,2025-09-07,0,MIA,PHI,,MIA,MIA,MIA,https://www.baseball-reference.com/teams/MIA/2025-schedule-scores.shtml#all_team_schedule
NYA202509070,2025-09-07,0,NYY,TOR,,NYY,NYA,NYY,https://www.baseball-reference.com/teams/NYY/2025-schedule-scores.shtml#all_team_schedule
PIT202509070,2025-09-07,0,MIL,PIT,@,PIT,PIT,MIL,https://www.baseball-reference.com/teams/MIL/2025-schedule-scores.shtml#all_team_schedule
SLN202509070,2025-09-07,0,SFG,STL,@,STL,SLN,SFG,https://www.baseball-reference.com/teams/SFG/2025-schedule-scores.shtml#all_team_schedule
TBA202509070,2025-09-07,0,CLE,TBR,@,TBR,TBA,CLE,https://www.baseball-reference.com/teams/CLE/2025-schedule-scores.shtml#all_team_schedule
TEX202509070,2025-09-07,0,HOU,TEX,@,TEX,TEX,HOU,https://www.baseball-reference.com/teams/HOU/2025-schedule-scores.shtml#all_team_schedule
ANA202509080,2025-09-08,0,LAA,MIN,,LAA,ANA,LAA,https://www.baseball-reference.com/teams/LAA/2025-schedule-scores.shtml#all_team_schedule
ATH202509080,2025-09-08,0,ATH,BOS,,ATH,ATH,ATH,https://www.baseball-reference.com/teams/ATH/2025-schedule-scores.shtml#all_team_schedule
ATL202509080,2025-09-08,0,ATL,CHC,,ATL,ATL,ATL,https://www.baseball-reference.com/teams/ATL/2025-schedule-scores.shtml#all_team_schedule
CLE202509080,2025-09-08,0,CLE,KCR,,CLE,CLE,CLE,https://www.baseball-reference.com/teams/CLE/2025-schedule-scores.shtml#all_team_schedule
LAN202509080,2025-09-08,0,COL,LAD,@,LAD,LAN,COL,https://www.baseball-reference.com/teams/COL/2025-schedule-scores.shtml#all_team_schedule
MIA202509080,2025-09-08,0,MIA,WSN,,MIA,MIA,MIA,https://www.baseball-reference.com/teams/MIA/2025-schedule-scores.shtml#all_team_schedule
PHI202509080,2025-09-08,0,NYM,PHI,@,PHI,PHI,NYM,https://www.baseball-reference.com/teams/NYM/2025-schedule-scores.shtml#all_team_schedule
SDN202509080,2025-09-08,0,CIN,SDP,@,SDP,SDN,CIN,https://www.baseball-reference.com/teams/CIN/2025-schedule-scores.shtml#all_team_schedule
SEA202509080,2025-09-08,0,SEA,STL,,SEA,SEA,SEA,https://www.baseball-reference.com/teams/SEA/2025-schedule-scores.shtml#all_team_schedule
SFN202509080,2025-09-08,0,ARI,SFG,@,SFG,SFN,ARI,https://www.baseball-reference.com/teams/ARI/2025-schedule-scores.shtml#all_team_schedule
TEX202509080,2025-09-08,0,MIL,TEX,@,TEX,TEX,MIL,https://www.baseball-reference.com/teams/MIL/2025-schedule-scores.shtml#all_team_schedule
ANA202509090,2025-09-09,0,LAA,MIN,,LAA,ANA,LAA,https://www.baseball-reference.com/teams/LAA/2025-schedule-scores.shtml#all_team_schedule
ATH202509090,2025-09-09,0,ATH,BOS,,ATH,ATH,ATH,https://www.baseball-reference.com/teams/ATH/2025-schedule-scores.shtml#all_team_schedule
ATL202509090,2025-09-09,0,ATL,CHC,,ATL,ATL,ATL,https://www.baseball-reference.com/teams/ATL/2025-schedule-scores.shtml#all_team_schedule
BAL202509090,2025-09-09,0,BAL,PIT,,BAL,BAL,BAL,https://www.baseball-reference.com/teams/BAL/2025-schedule-scores.shtml#all_team_schedule
CHA202509090,2025-09-09,0,CHW,TBR,,CHW,CHA,CHW,https://www.baseball-reference.com/teams/CHW/2025-schedule-scores.shtml#all_team_schedule
CLE202509090,2025-09-09,0,CLE,KCR,,CLE,CLE,CLE,https://www.baseball-reference.com/teams/CLE/2025-schedule-scores.shtml#all_team_schedule
LAN202509090,2025-09-09,0,COL,LAD,@,LAD,LAN,COL,https://www.baseball-reference.com/teams/COL/2025-schedule-scores.shtml#all_team_schedule
MIA202509090,2025-09-09,0,MIA,WSN,,MIA,MIA,MIA,https://www.baseball-reference.com/teams/MIA/2025-schedule-scores.shtml#all_team_schedule
NYA202509090,2025-09-09,0,DET,NYY,@,NYY,NYA,DET,https://www.baseball-reference.com/teams/DET/2025-schedule-scores.shtml#all_team_schedule
PHI202509090,2025-09-09,0,NYM,PHI,@,PHI,PHI,NYM,https://www.baseball-reference.com/teams/NYM/2025-schedule-scores.shtml#all_team_schedule
SDN202509090,2025-09-09,0,CIN,SDP,@,SDP,SDN,CIN,https://www.baseball-reference.com/teams/CIN/2025-schedule-scores.shtml#all_team_schedule
SEA202509090,2025-09-09,0,SEA,STL,,SEA,SEA,SEA,https://www.baseball-reference.com/teams/SEA/2025-schedule-scores.shtml#all_team_schedule
SFN202509090,2025-09-09,0,ARI,SFG,@,SFG,SFN,ARI,https://www.baseball-reference.com/teams/ARI/2025-schedule-scores.shtml#all_team_schedule
TEX202509090,2025-09-09,0,MIL,TEX,@,TEX,TEX,MIL,https://www.baseball-reference.com/teams/MIL/2025-schedule-scores.shtml#all_team_schedule
TOR202509090,2025-09-09,0,HOU,TOR,@,TOR,TOR,HOU,https://www.baseball-reference.com/teams/HOU/2025-schedule-scores.shtml#all_team_schedule
ANA202509100,2025-09-10,0,LAA,MIN,,LAA,ANA,LAA,https://www.baseball-reference.com/teams/LAA/2025-schedule-scores.shtml#all_team_schedule
ATH202509100,2025-09-10,0,ATH,BOS,,ATH,ATH,ATH,https://www.baseball-reference.com/teams/ATH/2025-schedule-scores.shtml#all_team_schedule
ATL202509100,2025-09-10,0,ATL,CHC,,ATL,ATL,ATL,https://www.baseball-reference.com/teams/ATL/2025-schedule-scores.shtml#all_team_schedule
BAL202509100,2025-09-10,0,BAL,PIT,,BAL,BAL,BAL,https://www.baseball-reference.com/teams/BAL/2025-schedule-scores.shtml#all_team_schedule
CHA202509100,2025-09-10,0,CHW,TBR,,CHW,CHA,CHW,https://www.baseball-reference.com/teams/CHW/2025-schedule-scores.shtml#all_team_schedule
CLE202509100,2025-09-10,0,CLE,KCR,,CLE,CLE,CLE,https://www.baseball-reference.com/teams/CLE/2025-schedule-scores.shtml#all_team_schedule
LAN202509100,2025-09-10,0,COL,LAD,@,LAD,LAN,COL,https://www.baseball-reference.com/teams/COL/2025-schedule-scores.shtml#all_team_schedule
MIA202509100,2025-09-10,0,MIA,WSN,,MIA,MIA,MIA,https://www.baseball-reference.com/teams/MIA/2025-schedule-scores.shtml#all_team_schedule
NYA202509100,2025-09-10,0,DET,NYY,@,NYY,NYA,DET,https://www.baseball-reference.com/teams/DET/2025-schedule-scores.shtml#all_team_schedule
PHI202509100,2025-09-10,0,NYM,PHI,@,PHI,PHI,NYM,https://www.baseball-reference.com/teams/NYM/2025-schedule-scores.shtml#all_team_schedule
SDN202509100,2025-09-10,0,CIN,SDP,@,SDP,SDN,CIN,https://www.baseball-reference.com/teams/CIN/2025-schedule-scores.shtml#all_team_schedule
SEA202509100,2025-09-10,0,SEA,STL,,SEA,SEA,SEA,https://www.baseball-reference.com/teams/SEA/2025-schedule-scores.shtml#all_team_schedule
SFN202509100,2025-09-10,0,ARI,SFG,@,SFG,SFN,ARI,https://www.baseball-reference.com/teams/ARI/2025-schedule-scores.shtml#all_team_schedule
TEX202509100,2025-09-10,0,MIL,TEX,@,TEX,TEX,MIL,https://www.baseball-reference.com/teams/MIL/2025-schedule-scores.shtml#all_team_schedule
TOR202509100,2025-09-10,0,HOU,TOR,@,TOR,TOR,HOU,https://www.baseball-reference.com/teams/HOU/2025-schedule-scores.shtml#all_team_schedule
BAL202509110,2025-09-11,0,BAL,PIT,,BAL,BAL,BAL,https://www.baseball-reference.com/teams/BAL/2025-schedule-scores.shtml#all_team_schedule
CHA202509110,2025-09-11,0,CHW,TBR,,CHW,CHA,CHW,https://www.baseball-reference.com/teams/CHW/2025-schedule-scores.shtml#all_team_schedule
CLE202509110,2025-09-11,0,CLE,KCR,,CLE,CLE,CLE,https://www.baseball-reference.com/teams/CLE/2025-schedule-scores.shtml#all_team_schedule
MIA202509110,2025-09-11,0,MIA,WSN,,MIA,MIA,MIA,https://www.baseball-reference.com/teams/MIA/2025-schedule-scores.shtml#all_team_schedule
NYA202509110,2025-09-11,0,DET,NYY,@,NYY,NYA,DET,https://www.baseball-reference.com/teams/DET/2025-schedule-scores.shtml#all_team_schedule
PHI202509110,2025-09-11,0,NYM,PHI,@,PHI,PHI,NYM,https://www.baseball-reference.com/teams/NYM/2025-schedule-scores.shtml#all_team_schedule
SDN202509110,2025-09-11,0,COL,SDP,@,SDP,SDN,COL,https://www.baseball-reference.com/teams/COL/2025-schedule-scores.shtml#all_team_schedule
SEA202509110,2025-09-11,0,LAA,SEA,@,SEA,SEA,LAA,https://www.baseball-reference.com/teams/LAA/2025-schedule-scores.shtml#all_team_schedule
TOR202509110,2025-09-11,0,HOU,TOR,@,TOR,TOR,HOU,https://www.baseball-reference.com/teams/HOU/2025-schedule-scores.shtml#all_team_schedule
ATH202509120,2025-09-12,0,ATH,CIN,,ATH,ATH,ATH,https://www.baseball-reference.com/teams/ATH/2025-schedule-scores.shtml#all_team_schedule
ATL202509120,2025-09-12,0,ATL,HOU,,ATL,ATL,ATL,https://www.baseball-reference.com/teams/ATL/2025-schedule-scores.shtml#all_team_schedule
BOS202509120,2025-09-12,0,BOS,NYY,,BOS,BOS,BOS,https://www.baseball-reference.com/teams/BOS/2025-schedule-scores.shtml#all_team_schedule
CHN202509120,2025-09-12,0,CHC,TBR,,CHC,CHN,CHC,https://www.baseball-reference.com/teams/CHC/2025-schedule-scores.shtml#all_team_schedule
CLE202509120,2025-09-12,0,CHW,CLE,@,CLE,CLE,CHW,https://www.baseball-reference.com/teams/CHW/2025-schedule-scores.shtml#all_team_schedule
MIA202509120,2025-09-12,0,DET,MIA,@,MIA,MIA,DET,https://www.baseball-reference.com/teams/DET/2025-schedule-scores.shtml#all_team_schedule
MIL202509120,2025-09-12,0,MIL,STL,,MIL,MIL,MIL,https://www.baseball-reference.com/teams/MIL/2025-schedule-scores.shtml#all_team_schedule
MIN202509120,2025-09-12,0,ARI,MIN,@,MIN,MIN,ARI,https://www.baseball-reference.com/teams/ARI/2025-schedule-scores.shtml#all_team_schedule
NYN202509120,2025-09-12,0,NYM,TEX,,NYM,NYN,NYM,https://www.baseball-reference.com/teams/NYM/2025-schedule-scores.shtml#all_team_schedule
PHI202509120,2025-09-12,0,KCR,PHI,@,PHI,PHI,KCR,https://www.baseball-reference.com/teams/KCR/2025-schedule-scores.shtml#all_team_schedule
SDN202509120,2025-09-12,0,COL,SDP,@,SDP,SDN,COL,https://www.baseball-reference.com/teams/COL/2025-schedule-scores.shtml#all_team_schedule
SEA202509120,2025-09-12,0,LAA,SEA,@,SEA,SEA,LAA,https://www.baseball-reference.com/teams/LAA/2025-schedule-scores.shtml#all_team_schedule
SFN202509120,2025-09-12,0,LAD,SFG,@,SFG,SFN,LAD,https://www.baseball-reference.com/teams/LAD/2025-schedule-scores.shtml#all_team_schedule
TOR202509120,2025-09-12,0,BAL,TOR,@,TOR,TOR,BAL,https://www.baseball-reference.com/teams/BAL/2025-schedule-scores.shtml#all_team_schedule
WAS202509120,2025-09-12,0,PIT,WSN,@,WSN,WAS,PIT,https://www.baseball-reference.com/teams/PIT/2025-schedule-scores.shtml#all_team_schedule
ATH202509130,2025-09-13,0,ATH,CIN,,ATH,ATH,ATH,https://www.baseball-reference.com/teams/ATH/2025-schedule-scores.shtml#all_team_schedule
ATL202509130,2025-09-13,0,ATL,HOU,,ATL,ATL,ATL,https://www.baseball-reference.com/teams/ATL/2025-schedule-scores.shtml#all_team_schedule
BOS202509130,2025-09-13,0,BOS,NYY,,BOS,BOS,BOS,https://www.baseball-reference.com/teams/BOS/2025-schedule-scores.shtml#all_team_schedule
CHN202509130,2025-09-13,0,CHC,TBR,,CHC,CHN,CHC,https://www.baseball-reference.com/teams/CHC/2025-schedule-scores.shtml#all_team_schedule
CLE202509130,2025-09-13,0,CHW,CLE,@,CLE,CLE,CHW,https://www.baseball-reference.com/teams/CHW/2025-schedule-scores.shtml#all_team_schedule
MIA202509130,2025-09-13,0,DET,MIA,@,MIA,MIA,DET,https://www.baseball-reference.com/teams/DET/2025-schedule-scores.shtml#all_team_schedule
MIL202509130,2025-09-13,0,MIL,STL,,MIL,MIL,MIL,https://www.baseball-reference.com/teams/MIL/2025-schedule-scores.shtml#all_team_schedule
MIN202509130,2025-09-13,0,ARI,MIN,@,MIN,MIN,ARI,https://www.baseball-reference.com/teams/ARI/2025-schedule-scores.shtml#all_team_schedule
NYN202509130,2025-09-13,0,NYM,TEX,,NYM,NYN,NYM,https://www.baseball-reference.com/teams/NYM/2025-schedule-scores.shtml#all_team_schedule
PHI202509130,2025-09-13,0,KCR,PHI,@,PHI,PHI,KCR,https://www.baseball-reference.com/teams/KCR/2025-schedule-scores.shtml#all_team_schedule
SDN202509130,2025-09-13,0,COL,SDP,@,SDP,SDN,COL,https://www.baseball-reference.com/teams/COL/2025-schedule-scores.shtml#all_team_schedule
SEA202509130,2025-09-13,0,LAA,SEA,@,SEA,SEA,LAA,https://www.baseball-reference.com/teams/LAA/2025-schedule-scores.shtml#all_team_schedule
SFN202509130,2025-09-13,0,LAD,SFG,@,SFG,SFN,LAD,https://www.baseball-reference.com/teams/LAD/2025-schedule-scores.shtml#all_team_schedule
TOR202509130,2025-09-13,0,BAL,TOR,@,TOR,TOR,BAL,https://www.baseball-reference.com/teams/BAL/2025-schedule-scores.shtml#all_team_schedule
WAS202509130,2025-09-13,0,PIT,WSN,@,WSN,WAS,PIT,https://www.baseball-reference.com/teams/PIT/2025-schedule-scores.shtml#all_team_schedule
ATH202509140,2025-09-14,0,ATH,CIN,,ATH,ATH,ATH,https://www.baseball-reference.com/teams/ATH/2025-schedule-scores.shtml#all_team_schedule
ATL202509140,2025-09-14,0,ATL,HOU,,ATL,ATL,ATL,https://www.baseball-reference.com/teams/ATL/2025-schedule-scores.shtml#all_team_schedule
BOS202509140,2025-09-14,0,BOS,NYY,,BOS,BOS,BOS,https://www.baseball-reference.com/teams/BOS/2025-schedule-scores.shtml#all_team_schedule
CHN202509140,2025-09-14,0,CHC,TBR,,CHC,CHN,CHC,https://www.baseball-reference.com/teams/CHC/2025-schedule-scores.shtml#all_team_schedule
CLE202509140,2025-09-14,0,CHW,CLE,@,CLE,CLE,CHW,https://www.baseball-reference.com/teams/CHW/2025-schedule-scores.shtml#all_team_schedule
MIA202509140,2025-09-14,0,DET,MIA,@,MIA,MIA,DET,https://www.baseball-reference.com/teams/DET/2025-schedule-scores.shtml#all_team_schedule
MIL202509140,2025-09-14,0,MIL,STL,,MIL,MIL,MIL,https://www.baseball-reference.com/teams/MIL/2025-schedule-scores.shtml#all_team_schedule
MIN202509140,2025-09-14,0,ARI,MIN,@,MIN,MIN,ARI,https://www.baseball-reference.com/teams/ARI/2025-schedule-scores.shtml#all_team_schedule
NYN202509140,2025-09-14,0,NYM,TEX,,NYM,NYN,NYM,https://www.baseball-reference.com/teams/NYM/2025-schedule-scores.shtml#all_team_schedule
PHI202509140,2025-09-14,0,KCR,PHI,@,PHI,PHI,KCR,https://www.baseball-reference.com/teams/KCR/2025-schedule-scores.shtml#all_team_schedule
SDN202509140,2025-09-14,0,COL,SDP,@,SDP,SDN,COL,https://www.baseball-reference.com/teams/COL/2025-schedule-scores.shtml#all_team_schedule
SEA202509140,2025-09-14,0,LAA,SEA,@,SEA,SEA,LAA,https://www.baseball-reference.com/teams/LAA/2025-schedule-scores.shtml#all_team_schedule
SFN202509140,2025-09-14,0,LAD,SFG,@,SFG,SFN,LAD,https://www.baseball-reference.com/teams/LAD/2025-schedule-scores.shtml#all_team_schedule
TOR202509140,2025-09-14,0,BAL,TOR,@,TOR,TOR,BAL,https://www.baseball-reference.com/teams/BAL/2025-schedule-scores.shtml#all_team_schedule
WAS202509140,2025-09-14,0,PIT,WSN,@,WSN,WAS,PIT,https://www.baseball-reference.com/teams/PIT/2025-schedule-scores.shtml#all_team_schedule
ARI202509150,2025-09-15,0,ARI,SFG,,ARI,ARI,ARI,https://www.baseball-reference.com/teams/ARI/2025-schedule-scores.shtml#all_team_schedule
CHA202509150,2025-09-15,0,BAL,CHW,@,CHW,CHA,BAL,https://www.baseball-reference.com/teams/BAL/2025-schedule-scores.shtml#all_team_schedule
HOU202509150,2025-09-15,0,HOU,TEX,,HOU,HOU,HOU,https://www.baseball-reference.com/teams/HOU/2025-schedule-scores.shtml#all_team_schedule
LAN202509150,2025-09-15,0,LAD,PHI,,LAD,LAN,LAD,https://www.baseball-reference.com/teams/LAD/2025-schedule-scores.shtml#all_team_schedule
MIN202509150,2025-09-15,0,MIN,NYY,,MIN,MIN,MIN,https://www.baseball-reference.com/teams/MIN/2025-schedule-scores.shtml#all_team_schedule
PIT202509150,2025-09-15,0,CHC,PIT,@,PIT,PIT,CHC,https://www.baseball-reference.com/teams/CHC/2025-schedule-scores.shtml#all_team_schedule
SLN202509150,2025-09-15,0,CIN,STL,@,STL,SLN,CIN,https://www.baseball-reference.com/teams/CIN/2025-schedule-scores.shtml#all_team_schedule
TBA202509150,2025-09-15,0,TBR,TOR,,TBR,TBA,TBR,https://www.baseball-reference.com/teams/TBR/2025-schedule-scores.shtml#all_team_schedule
WAS202509150,2025-09-15,0,ATL,WSN,@,WSN,WAS,ATL,https://www.baseball-reference.com/teams/ATL/2025-schedule-scores.shtml#all_team_schedule
ARI202509160,2025-09-16,0,ARI,SFG,,ARI,ARI,ARI,https://www.baseball-reference.com/teams/ARI/2025-schedule-scores.shtml#all_team_schedule
BOS202509160,2025-09-16,0,ATH,BOS,@,BOS,BOS,ATH,https://www.baseball-reference.com/teams/ATH/2025-schedule-scores.shtml#all_team_schedule
CHA202509160,2025-09-16,0,BAL,CHW,@,CHW,CHA,BAL,https://www.baseball-reference.com/teams/BAL/2025-schedule-scores.shtml#all_team_schedule
COL202509160,2025-09-16,0,COL,MIA,,COL,COL,COL,https://www.baseball-reference.com/teams/COL/2025-schedule-scores.shtml#all_team_schedule
DET202509160,2025-09-16,0,CLE,DET,@,DET,DET,CLE,https://www.baseball-reference.com/teams/CLE/2025-schedule-scores.shtml#all_team_schedule
HOU202509160,2025-09-16,0,HOU,TEX,,HOU,HOU,HOU,https://www.baseball-reference.com/teams/HOU/2025-schedule-scores.shtml#all_team_schedule
KCA202509160,2025-09-16,0,KCR,SEA,,KCR,KCA,KCR,https://www.baseball-reference.com/teams/KCR/2025-schedule-scores.shtml#all_team_schedule
LAN202509160,2025-09-16,0,LAD,PHI,,LAD,LAN,LAD,https://www.baseball-reference.com/teams/LAD/2025-schedule-scores.shtml#all_team_schedule
MIL202509160,2025-09-16,0,LAA,MIL,@,MIL,MIL,LAA,https://www.baseball-reference.com/teams/LAA/2025-schedule-scores.shtml#all_team_schedule
MIN202509160,2025-09-16,0,MIN,NYY,,MIN,MIN,MIN,https://www.baseball-reference.com/teams/MIN/2025-schedule-scores.shtml#all_team_schedule
NYN202509160,2025-09-16,0,NYM,SDP,,NYM,NYN,NYM,https://www.baseball-reference.com/teams/NYM/2025-schedule-scores.shtml#all_team_schedule
PIT202509160,2025-09-16,0,CHC,PIT,@,PIT,PIT,CHC,https://www.baseball-reference.com/teams/CHC/2025-schedule-scores.shtml#all_team_schedule
SLN202509160,2025-09-16,0,CIN,STL,@,STL,SLN,CIN,https://www.baseball-reference.com/teams/CIN/2025-schedule-scores.shtml#all_team_schedule
TBA202509160,2025-09-16,0,TBR,TOR,,TBR,TBA,TBR,https://www.baseball-reference.com/teams/TBR/2025-schedule-scores.shtml#all_team_schedule
WAS202509161,2025-09-16,1,ATL,WSN,@,WSN,WAS,ATL,https://www.baseball-reference.com/teams/ATL/2025-schedule-scores.shtml#all_team_schedule
WAS202509162,2025-09-16,2,ATL,WSN,@,WSN,WAS,ATL,https://www.baseball-reference.com/teams/ATL/2025-schedule-scores.shtml#all_team_schedule
ARI202509170,2025-09-17,0,ARI,SFG,,ARI,ARI,ARI,https://www.baseball-reference.com/teams/ARI/2025-schedule-scores.shtml#all_team_schedule
BOS202509170,2025-09-17,0,ATH,BOS,@,BOS,BOS,ATH,https://www.baseball-reference.com/teams/ATH/2025-schedule-scores.shtml#all_team_schedule
CHA202509170,2025-09-17,0,BAL,CHW,@,CHW,CHA,BAL,https://www.baseball-reference.com/teams/BAL/2025-schedule-scores.shtml#all_team_schedule
COL202509170,2025-09-17,0,COL,MIA,,COL,COL,COL,https://www.baseball-reference.com/teams/COL/2025-schedule-scores.shtml#all_team_schedule
DET202509170,2025-09-17,0,CLE,DET,@,DET,DET,CLE,https://www.baseball-reference.com/teams/CLE/2025-schedule-scores.shtml#all_team_schedule
HOU202509170,2025-09-17,0,HOU,TEX,,HOU,HOU,HOU,https://www.baseball-reference.com/teams/HOU/2025-schedule-scores.shtml#all_team_schedule
KCA202509170,2025-09-17,0,KCR,SEA,,KCR,KCA,KCR,https://www.baseball-reference.com/teams/KCR/2025-schedule-scores.shtml#all_team_schedule
LAN202509170,2025-09-17,0,LAD,PHI,,LAD,LAN,LAD,https://www.baseball-reference.com/teams/LAD/2025-schedule-scores.shtml#all_team_schedule
MIL202509170,2025-09-17,0,LAA,MIL,@,MIL,MIL,LAA,https://www.baseball-reference.com/teams/LAA/2025-schedule-scores.shtml#all_team_schedule
MIN202509170,2025-09-17,0,MIN,NYY,,MIN,MIN,MIN,https://www.baseball-reference.com/teams/MIN/2025-schedule-scores.shtml#all_team_schedule
NYN202509170,2025-09-17,0,NYM,SDP,,NYM,NYN,NYM,https://www.baseball-reference.com/teams/NYM/2025-schedule-scores.shtml#all_team_schedule
PIT202509170,2025-09-17,0,CHC,PIT,@,PIT,PIT,CHC,https://www.baseball-reference.com/teams/CHC/2025-schedule-scores.shtml#all_team_schedule
SLN202509170,2025-09-17,0,CIN,STL,@,STL,SLN,CIN,https://www.baseball-reference.com/teams/CIN/2025-schedule-scores.shtml#all_team_schedule
TBA202509170,2025-09-17,0,TBR,TOR,,TBR,TBA,TBR,https://www.baseball-reference.com/teams/TBR/2025-schedule-scores.shtml#all_team_schedule
WAS202509170,2025-09-17,0,ATL,WSN,@,WSN,WAS,ATL,https://www.baseball-reference.com/teams/ATL/2025-schedule-scores.shtml#all_team_schedule
BAL202509180,2025-09-18,0,BAL,NYY,,BAL,BAL,BAL,https://www.baseball-reference.com/teams/BAL/2025-schedule-scores.shtml#all_team_schedule
BOS202509180,2025-09-18,0,ATH,BOS,@,BOS,BOS,ATH,https://www.baseball-reference.com/teams/ATH/2025-schedule-scores.shtml#all_team_schedule
CIN202509180,2025-09-18,0,CHC,CIN,@,CIN,CIN,CHC,https://www.baseball-reference.com/teams/CHC/2025-schedule-scores.shtml#all_team_schedule
COL202509180,2025-09-18,0,COL,MIA,,COL,COL,COL,https://www.baseball-reference.com/teams/COL/2025-schedule-scores.shtml#all_team_schedule
DET202509180,2025-09-18,0,CLE,DET,@,DET,DET,CLE,https://www.baseball-reference.com/teams/CLE/2025-schedule-scores.shtml#all_team_schedule
KCA202509180,2025-09-18,0,KCR,SEA,,KCR,KCA,KCR,https://www.baseball-reference.com/teams/KCR/2025-schedule-scores.shtml#all_team_schedule
LAN202509180,2025-09-18,0,LAD,SFG,,LAD,LAN,LAD,https://www.baseball-reference.com/teams/LAD/2025-schedule-scores.shtml#all_team_schedule
MIL202509180,2025-09-18,0,LAA,MIL,@,MIL,MIL,LAA,https://www.baseball-reference.com/teams/LAA/2025-schedule-scores.shtml#all_team_schedule
NYN202509180,2025-09-18,0,NYM,SDP,,NYM,NYN,NYM,https://www.baseball-reference.com/teams/NYM/2025-schedule-scores.shtml#all_team_schedule
TBA202509180,2025-09-18,0,TBR,TOR,,TBR,TBA,TBR,https://www.baseball-reference.com/teams/TBR/2025-schedule-scores.shtml#all_team_schedule
ARI202509190,2025-09-19,0,ARI,PHI,,ARI,ARI,ARI,https://www.baseball-reference.com/teams/ARI/2025-schedule-scores.shtml#all_team_schedule
BAL202509190,2025-09-19,0,BAL,NYY,,BAL,BAL,BAL,https://www.baseball-reference.com/teams/BAL/2025-schedule-scores.shtml#all_team_schedule
CHA202509190,2025-09-19,0,CHW,SDP,,CHW,CHA,CHW,https://www.baseball-reference.com/teams/CHW/2025-schedule-scores.shtml#all_team_schedule
CIN202509190,2025-09-19,0,CHC,CIN,@,CIN,CIN,CHC,https://www.baseball-reference.com/teams/CHC/2025-schedule-scores.shtml#all_team_schedule
COL202509190,2025-09-19,0,COL,LAA,,COL,COL,COL,https://www.baseball-reference.com/teams/COL/2025-schedule-scores.shtml#all_team_schedule
DET202509190,2025-09-19,0,ATL,DET,@,DET,DET,ATL,https://www.baseball-reference.com/teams/ATL/2025-schedule-scores.shtml#all_team_schedule
HOU202509190,2025-09-19,0,HOU,SEA,,HOU,HOU,HOU,https://www.baseball-reference.com/teams/HOU/2025-schedule-scores.shtml#all_team_schedule
KCA202509190,2025-09-19,0,KCR,TOR,,KCR,KCA,KCR,https://www.baseball-reference.com/teams/KCR/2025-schedule-scores.shtml#all_team_schedule
LAN202509190,2025-09-19,0,LAD,SFG,,LAD,LAN,LAD,https://www.baseball-reference.com/teams/LAD/2025-schedule-scores.shtml#all_team_schedule
MIN202509190,2025-09-19,0,CLE,MIN,@,MIN,MIN,CLE,https://www.baseball-reference.com/teams/CLE/2025-schedule-scores.shtml#all_team_schedule
NYN202509190,2025-09-19,0,NYM,WSN,,NYM,NYN,NYM,https://www.baseball-reference.com/teams/NYM/2025-schedule-scores.shtml#all_team_schedule
PIT202509190,2025-09-19,0,ATH,PIT,@,PIT,PIT,ATH,https://www.baseball-reference.com/teams/ATH/2025-schedule-scores.shtml#all_team_schedule
SLN202509190,2025-09-19,0,MIL,STL,@,STL,SLN,MIL,https://www.baseball-reference.com/teams/MIL/2025-schedule-scores.shtml#all_team_schedule
TBA202509190,2025-09-19,0,BOS,TBR,@,TBR,TBA,BOS,https://www.baseball-reference.com/teams/BOS/2025-schedule-scores.shtml#all_team_schedule
TEX202509190,2025-09-19,0,MIA,TEX,@,TEX,TEX,MIA,https://www.baseball-reference.com/teams/MIA/2025-schedule-scores.shtml#all_team_schedule
ARI202509200,2025-09-20,0,ARI,PHI,,ARI,ARI,ARI,https://www.baseball-reference.com/teams/ARI/2025-schedule-scores.shtml#all_team_schedule
BAL202509200,2025-09-20,0,BAL,NYY,,BAL,BAL,BAL,https://www.baseball-reference.com/teams/BAL/2025-schedule-scores.shtml#all_team_schedule
CHA202509200,2025-09-20,0,CHW,SDP,,CHW,CHA,CHW,https://www.baseball-reference.com/teams/CHW/2025-schedule-scores.shtml#all_team_schedule
CIN202509200,2025-09-20,0,CHC,CIN,@,CIN,CIN,CHC,https://www.baseball-reference.com/teams/CHC/2025-schedule-scores.shtml#all_team_schedule
COL202509200,2025-09-20,0,COL,LAA,,COL,COL,COL,https://www.baseball-reference.com/teams/COL/2025-schedule-scores.shtml#all_team_schedule
DET202509200,2025-09-20,0,ATL,DET,@,DET,DET,ATL,https://www.baseball-reference.com/teams/ATL/2025-schedule-scores.shtml#all_team_schedule
HOU202509200,2025-09-20,0,HOU,SEA,,HOU,HOU,HOU,https://www.baseball-reference.com/teams/HOU/2025-schedule-scores.shtml#all_team_schedule
KCA202509200,2025-09-20,0,KCR,TOR,,KCR,KCA,KCR,https://www.baseball-reference.com/teams/KCR/2025-schedule-scores.shtml#all_team_schedule
LAN202509200,2025-09-20,0,LAD,SFG,,LAD,LAN,LAD,https://www.baseball-reference.com/teams/LAD/2025-schedule-scores.shtml#all_team_schedule
MIN202509201,2025-09-20,1,CLE,MIN,@,MIN,MIN,CLE,https://www.baseball-reference.com/teams/CLE/2025-schedule-scores.shtml#all_team_schedule
MIN202509202,2025-09-20,2,CLE,MIN,@,MIN,MIN,CLE,https://www.baseball-reference.com/teams/CLE/2025-schedule-scores.shtml#all_team_schedule
NYN202509200,2025-09-20,0,NYM,WSN,,NYM,NYN,NYM,https://www.baseball-reference.com/teams/NYM/2025-schedule-scores.shtml#all_team_schedule
PIT202509200,2025-09-20,0,ATH,PIT,@,PIT,PIT,ATH,https://www.baseball-reference.com/teams/ATH/2025-schedule-scores.shtml#all_team_schedule
SLN202509200,2025-09-20,0,MIL,STL,@,STL,SLN,MIL,https://www.baseball-reference.com/teams/MIL/2025-schedule-scores.shtml#all_team_schedule
TBA202509200,2025-09-20,0,BOS,TBR,@,TBR,TBA,BOS,https://www.baseball-reference.com/teams/BOS/2025-schedule-scores.shtml#all_team_schedule
TEX202509200,2025-09-20,0,MIA,TEX,@,TEX,TEX,MIA,https://www.baseball-reference.com/teams/MIA/2025-schedule-scores.shtml#all_team_schedule
ARI202509210,2025-09-21,0,ARI,PHI,,ARI,ARI,ARI,https://www.baseball-reference.com/teams/ARI/2025-schedule-scores.shtml#all_team_schedule
BAL202509210,2025-09-21,0,BAL,NYY,,BAL,BAL,BAL,https://www.baseball-reference.com/teams/BAL/2025-schedule-scores.shtml#all_team_schedule
CHA202509210,2025-09-21,0,CHW,SDP,,CHW,CHA,CHW,https://www.baseball-reference.com/teams/CHW/2025-schedule-scores.shtml#all_team_schedule
CIN202509210,2025-09-21,0,CHC,CIN,@,CIN,CIN,CHC,https://www.baseball-reference.com/teams/CHC/2025-schedule-scores.shtml#all_team_schedule
COL202509210,2025-09-21,0,COL,LAA,,COL,COL,COL,https://www.baseball-reference.com/teams/COL/2025-schedule-scores.shtml#all_team_schedule
DET202509210,2025-09-21,0,ATL,DET,@,DET,DET,ATL,https://www.baseball-reference.com/teams/ATL/2025-schedule-scores.shtml#all_team_schedule
HOU202509210,2025-09-21,0,HOU,SEA,,HOU,HOU,HOU,https://www.baseball-reference.com/teams/HOU/2025-schedule-scores.shtml#all_team_schedule
KCA202509210,2025-09-21,0,KCR,TOR,,KCR,KCA,KCR,https://www.baseball-reference.com/teams/KCR/2025-schedule-scores.shtml#all_team_schedule
LAN202509210,2025-09-21,0,LAD,SFG,,LAD,LAN,LAD,https://www.baseball-reference.com/teams/LAD/2025-schedule-scores.shtml#all_team_schedule
MIN202509210,2025-09-21,0,CLE,MIN,@,MIN,MIN,CLE,https://www.baseball-reference.com/teams/CLE/2025-schedule-scores.shtml#all_team_schedule
NYN202509210,2025-09-21,0,NYM,WSN,,NYM,NYN,NYM,https://www.baseball-reference.com/teams/NYM/2025-schedule-scores.shtml#all_team_schedule
PIT202509210,2025-09-21,0,ATH,PIT,@,PIT,PIT,ATH,https://www.baseball-reference.com/teams/ATH/2025-schedule-scores.shtml#all_team_schedule
SLN202509210,2025-09-21,0,MIL,STL,@,STL,SLN,MIL,https://www.baseball-reference.com/teams/MIL/2025-schedule-scores.shtml#all_team_schedule
TBA202509210,2025-09-21,0,BOS,TBR,@,TBR,TBA,BOS,https://www.baseball-reference.com/teams/BOS/2025-schedule-scores.shtml#all_team_schedule
TEX202509210,2025-09-21,0,MIA,TEX,@,TEX,TEX,MIA,https://www.baseball-reference.com/teams/MIA/2025-schedule-scores.shtml#all_team_schedule
ATL202509220,2025-09-22,0,ATL,WSN,,ATL,ATL,ATL,https://www.baseball-reference.com/teams/ATL/2025-schedule-scores.shtml#all_team_schedule
SDN202509220,2025-09-22,0,MIL,SDP,@,SDP,SDN,MIL,https://www.baseball-reference.com/teams/MIL/2025-schedule-scores.shtml#all_team_schedule
SFN202509220,2025-09-22,0,SFG,STL,,SFG,SFN,SFG,https://www.baseball-reference.com/teams/SFG/2025-schedule-scores.shtml#all_team_schedule
ANA202509230,2025-09-23,0,KCR,LAA,@,LAA,ANA,KCR,https://www.baseball-reference.com/teams/KCR/2025-schedule-scores.shtml#all_team_schedule
ARI202509230,2025-09-23,0,ARI,LAD,,ARI,ARI,ARI,https://www.baseball-reference.com/teams/ARI/2025-schedule-scores.shtml#all_team_schedule
ATH202509230,2025-09-23,0,ATH,HOU,,ATH,ATH,ATH,https://www.baseball-reference.com/teams/ATH/2025-schedule-scores.shtml#all_team_schedule
ATL202509230,2025-09-23,0,ATL,WSN,,ATL,ATL,ATL,https://www.baseball-reference.com/teams/ATL/2025-schedule-scores.shtml#all_team_schedule
BAL202509230,2025-09-23,0,BAL,TBR,,BAL,BAL,BAL,https://www.baseball-reference.com/teams/BAL/2025-schedule-scores.shtml#all_team_schedule
CHN202509230,2025-09-23,0,CHC,NYM,,CHC,CHN,CHC,https://www.baseball-reference.com/teams/CHC/2025-schedule-scores.shtml#all_team_schedule
CIN202509230,2025-09-23,0,CIN,PIT,,CIN,CIN,CIN,https://www.baseball-reference.com/teams/CIN/2025-schedule-scores.shtml#all_team_schedule
CLE202509230,2025-09-23,0,CLE,DET,,CLE,CLE,CLE,https://www.baseball-reference.com/teams/CLE/2025-schedule-scores.shtml#all_team_schedule
NYA202509230,2025-09-23,0,CHW,NYY,@,NYY,NYA,CHW,https://www.baseball-reference.com/teams/CHW/2025-schedule-scores.shtml#all_team_schedule
PHI202509230,2025-09-23,0,MIA,PHI,@,PHI,PHI,MIA,https://www.baseball-reference.com/teams/MIA/2025-schedule-scores.shtml#all_team_schedule
SDN202509230,2025-09-23,0,MIL,SDP,@,SDP,SDN,MIL,https://www.baseball-reference.com/teams/MIL/2025-schedule-scores.shtml#all_team_schedule
SEA202509230,2025-09-23,0,COL,SEA,@,SEA,SEA,COL,https://www.baseball-reference.com/teams/COL/2025-schedule-scores.shtml#all_team_schedule
SFN202509230,2025-09-23,0,SFG,STL,,SFG,SFN,SFG,https://www.baseball-reference.com/teams/SFG/2025-schedule-scores.shtml#all_team_schedule
TEX202509230,2025-09-23,0,MIN,TEX,@,TEX,TEX,MIN,https://www.baseball-reference.com/teams/MIN/2025-schedule-scores.shtml#all_team_schedule
TOR202509230,2025-09-23,0,BOS,TOR,@,TOR,TOR,BOS,https://www.baseball-reference.com/teams/BOS/2025-schedule-scores.shtml#all_team_schedule
ANA202509240,2025-09-24,0,KCR,LAA,@,LAA,ANA,KCR,https://www.baseball-reference.com/teams/KCR/2025-schedule-scores.shtml#all_team_schedule
ARI202509240,2025-09-24,0,ARI,LAD,,ARI,ARI,ARI,https://www.baseball-reference.com/teams/ARI/2025-schedule-scores.shtml#all_team_schedule
ATH202509240,2025-09-24,0,ATH,HOU,,ATH,ATH,ATH,https://www.baseball-reference.com/teams/ATH/2025-schedule-scores.shtml#all_team_schedule
ATL202509240,2025-09-24,0,ATL,WSN,,ATL,ATL,ATL,https://www.baseball-reference.com/teams/ATL/2025-schedule-scores.shtml#all_team_schedule
BAL202509240,2025-09-24,0,BAL,TBR,,BAL,BAL,BAL,https://www.baseball-reference.com/teams/BAL/2025-schedule-scores.shtml#all_team_schedule
CHN202509240,2025-09-24,0,CHC,NYM,,CHC,CHN,CHC,https://www.baseball-reference.com/teams/CHC/2025-schedule-scores.shtml#all_team_schedule
CIN202509240,2025-09-24,0,CIN,PIT,,CIN,CIN,CIN,https://www.baseball-reference.com/teams/CIN/2025-schedule-scores.shtml#all_team_schedule
CLE202509240,2025-09-24,0,CLE,DET,,CLE,CLE,CLE,https://www.baseball-reference.com/teams/CLE/2025-schedule-scores.shtml#all_team_schedule
NYA202509240,2025-09-24,0,CHW,NYY,@,NYY,NYA,CHW,https://www.baseball-reference.com/teams/CHW/2025-schedule-scores.shtml#all_team_schedule
PHI202509240,2025-09-24,0,MIA,PHI,@,PHI,PHI,MIA,https://www.baseball-reference.com/teams/MIA/2025-schedule-scores.shtml#all_team_schedule
SDN202509240,2025-09-24,0,MIL,SDP,@,SDP,SDN,MIL,https://www.baseball-reference.com/teams/MIL/2025-schedule-scores.shtml#all_team_schedule
SEA202509240,2025-09-24,0,COL,SEA,@,SEA,SEA,COL,https://www.baseball-reference.com/teams/COL/2025-schedule-scores.shtml#all_team_schedule
SFN202509240,2025-09-24,0,SFG,STL,,SFG,SFN,SFG,https://www.baseball-reference.com/teams/SFG/2025-schedule-scores.shtml#all_team_schedule
TEX202509240,2025-09-24,0,MIN,TEX,@,TEX,TEX,MIN,https://www.baseball-reference.com/teams/MIN/2025-schedule-scores.shtml#all_team_schedule
TOR202509240,2025-09-24,0,BOS,TOR,@,TOR,TOR,BOS,https://www.baseball-reference.com/teams/BOS/2025-schedule-scores.shtml#all_team_schedule
ANA202509250,2025-09-25,0,KCR,LAA,@,LAA,ANA,KCR,https://www.baseball-reference.com/teams/KCR/2025-schedule-scores.shtml#all_team_schedule
ARI202509250,2025-09-25,0,ARI,LAD,,ARI,ARI,ARI,https://www.baseball-reference.com/teams/ARI/2025-schedule-scores.shtml#all_team_schedule
ATH202509250,2025-09-25,0,ATH,HOU,,ATH,ATH,ATH,https://www.baseball-reference.com/teams/ATH/2025-schedule-scores.shtml#all_team_schedule
BAL202509250,2025-09-25,0,BAL,TBR,,BAL,BAL,BAL,https://www.baseball-reference.com/teams/BAL/2025-schedule-scores.shtml#all_team_schedule
CHN202509250,2025-09-25,0,CHC,NYM,,CHC,CHN,CHC,https://www.baseball-reference.com/teams/CHC/2025-schedule-scores.shtml#all_team_schedule
CIN202509250,2025-09-25,0,CIN,PIT,,CIN,CIN,CIN,https://www.baseball-reference.com/teams/CIN/2025-schedule-scores.shtml#all_team_schedule
CLE202509250,2025-09-25,0,CLE,DET,,CLE,CLE,CLE,https://www.baseball-reference.com/teams/CLE/2025-schedule-scores.shtml#all_team_schedule
NYA202509250,2025-09-25,0,CHW,NYY,@,NYY,NYA,CHW,https://www.baseball-reference.com/teams/CHW/2025-schedule-scores.shtml#all_team_schedule
PHI202509250,2025-09-25,0,MIA,PHI,@,PHI,PHI,MIA,https://www.baseball-reference.com/teams/MIA/2025-schedule-scores.shtml#all_team_schedule
SEA202509250,2025-09-25,0,COL,SEA,@,SEA,SEA,COL,https://www.baseball-reference.com/teams/COL/2025-schedule-scores.shtml#all_team_schedule
TEX202509250,2025-09-25,0,MIN,TEX,@,TEX,TEX,MIN,https://www.baseball-reference.com/teams/MIN/2025-schedule-scores.shtml#all_team_schedule
TOR202509250,2025-09-25,0,BOS,TOR,@,TOR,TOR,BOS,https://www.baseball-reference.com/teams/BOS/2025-schedule-scores.shtml#all_team_schedule
ANA202509260,2025-09-26,0,HOU,LAA,@,LAA,ANA,HOU,https://www.baseball-reference.com/teams/HOU/2025-schedule-scores.shtml#all_team_schedule
ATH202509260,2025-09-26,0,ATH,KCR,,ATH,ATH,ATH,https://www.baseball-reference.com/teams/ATH/2025-schedule-scores.shtml#all_team_schedule
ATL202509260,2025-09-26,0,ATL,PIT,,ATL,ATL,ATL,https://www.baseball-reference.com/teams/ATL/2025-schedule-scores.shtml#all_team_schedule
BOS202509260,2025-09-26,0,BOS,DET,,BOS,BOS,BOS,https://www.baseball-reference.com/teams/BOS/2025-schedule-scores.shtml#all_team_schedule
CHN202509260,2025-09-26,0,CHC,STL,,CHC,CHN,CHC,https://www.baseball-reference.com/teams/CHC/2025-schedule-scores.shtml#all_team_schedule
CLE202509260,2025-09-26,0,CLE,TEX,,CLE,CLE,CLE,https://www.baseball-reference.com/teams/CLE/2025-schedule-scores.shtml#all_team_schedule
MIA202509260,2025-09-26,0,MIA,NYM,,MIA,MIA,MIA,https://www.baseball-reference.com/teams/MIA/2025-schedule-scores.shtml#all_team_schedule
MIL202509260,2025-09-26,0,CIN,MIL,@,MIL,MIL,CIN,https://www.baseball-reference.com/teams/CIN/2025-schedule-scores.shtml#all_team_schedule
NYA202509260,2025-09-26,0,BAL,NYY,@,NYY,NYA,BAL,https://www.baseball-reference.com/teams/BAL/2025-schedule-scores.shtml#all_team_schedule
PHI202509260,2025-09-26,0,MIN,PHI,@,PHI,PHI,MIN,https://www.baseball-reference.com/teams/MIN/2025-schedule-scores.shtml#all_team_schedule
SDN202509260,2025-09-26,0,ARI,SDP,@,SDP,SDN,ARI,https://www.baseball-reference.com/teams/ARI/2025-schedule-scores.shtml#all_team_schedule
SEA202509260,2025-09-26,0,LAD,SEA,@,SEA,SEA,LAD,https://www.baseball-reference.com/teams/LAD/2025-schedule-scores.shtml#all_team_schedule
SFN202509260,2025-09-26,0,COL,SFG,@,SFG,SFN,COL,https://www.baseball-reference.com/teams/COL/2025-schedule-scores.shtml#all_team_schedule
TOR202509260,2025-09-26,0,TBR,TOR,@,TOR,TOR,TBR,https://www.baseball-reference.com/teams/TBR/2025-schedule-scores.shtml#all_team_schedule
WAS202509260,2025-09-26,0,CHW,WSN,@,WSN,WAS,CHW,https://www.baseball-reference.com/teams/CHW/2025-schedule-scores.shtml#all_team_schedule
ANA202509270,2025-09-27,0,HOU,LAA,@,LAA,ANA,HOU,https://www.baseball-reference.com/teams/HOU/2025-schedule-scores.shtml#all_team_schedule
ATH202509270,2025-09-27,0,ATH,KCR,,ATH,ATH,ATH,https://www.baseball-reference.com/teams/ATH/2025-schedule-scores.shtml#all_team_schedule
ATL202509270,2025-09-27,0,ATL,PIT,,ATL,ATL,ATL,https://www.baseball-reference.com/teams/ATL/2025-schedule-scores.shtml#all_team_schedule
BOS202509270,2025-09-27,0,BOS,DET,,BOS,BOS,BOS,https://www.baseball-reference.com/teams/BOS/2025-schedule-scores.shtml#all_team_schedule
CHN202509270,2025-09-27,0,CHC,STL,,CHC,CHN,CHC,https://www.baseball-reference.com/teams/CHC/2025-schedule-scores.shtml#all_team_schedule
CLE202509270,2025-09-27,0,CLE,TEX,,CLE,CLE,CLE,https://www.baseball-reference.com/teams/CLE/2025-schedule-scores.shtml#all_team_schedule
MIA202509270,2025-09-27,0,MIA,NYM,,MIA,MIA,MIA,https://www.baseball-reference.com/teams/MIA/2025-schedule-scores.shtml#all_team_schedule
MIL202509270,2025-09-27,0,CIN,MIL,@,MIL,MIL,CIN,https://www.baseball-reference.com/teams/CIN/2025-schedule-scores.shtml#all_team_schedule
NYA202509270,2025-09-27,0,BAL,NYY,@,NYY,NYA,BAL,https://www.baseball-reference.com/teams/BAL/2025-schedule-scores.shtml#all_team_schedule
PHI202509270,2025-09-27,0,MIN,PHI,@,PHI,PHI,MIN,https://www.baseball-reference.com/teams/MIN/2025-schedule-scores.shtml#all_team_schedule
SDN202509270,2025-09-27,0,ARI,SDP,@,SDP,SDN,ARI,https://www.baseball-reference.com/teams/ARI/2025-schedule-scores.shtml#all_team_schedule
SEA202509270,2025-09-27,0,LAD,SEA,@,SEA,SEA,LAD,https://www.baseball-reference.com/teams/LAD/2025-schedule-scores.shtml#all_team_schedule
SFN202509270,2025-09-27,0,COL,SFG,@,SFG,SFN,COL,https://www.baseball-reference.com/teams/COL/2025-schedule-scores.shtml#all_team_schedule
TOR202509270,2025-09-27,0,TBR,TOR,@,TOR,TOR,TBR,https://www.baseball-reference.com/teams/TBR/2025-schedule-scores.shtml#all_team_schedule
WAS202509270,2025-09-27,0,CHW,WSN,@,WSN,WAS,CHW,https://www.baseball-reference.com/teams/CHW/2025-schedule-scores.shtml#all_team_schedule
ANA202509280,2025-09-28,0,HOU,LAA,@,LAA,ANA,HOU,https://www.baseball-reference.com/teams/HOU/2025-schedule-scores.shtml#all_team_schedule
ATH202509280,2025-09-28,0,ATH,KCR,,ATH,ATH,ATH,https://www.baseball-reference.com/teams/ATH/2025-schedule-scores.shtml#all_team_schedule
ATL202509280,2025-09-28,0,ATL,PIT,,ATL,ATL,ATL,https://www.baseball-reference.com/teams/ATL/2025-schedule-scores.shtml#all_team_schedule
BOS202509280,2025-09-28,0,BOS,DET,,BOS,BOS,BOS,https://www.baseball-reference.com/teams/BOS/2025-schedule-scores.shtml#all_team_schedule
CHN202509280,2025-09-28,0,CHC,STL,,CHC,CHN,CHC,https://www.baseball-reference.com/teams/CHC/2025-schedule-scores.shtml#all_team_schedule
CLE202509280,2025-09-28,0,CLE,TEX,,CLE,CLE,CLE,https://www.baseball-reference.com/teams/CLE/2025-schedule-scores.shtml#all_team_schedule
MIA202509280,2025-09-28,0,MIA,NYM,,MIA,MIA,MIA,https://www.baseball-reference.com/teams/MIA/2025-schedule-scores.shtml#all_team_schedule
MIL202509280,2025-09-28,0,CIN,MIL,@,MIL,MIL,CIN,https://www.baseball-reference.com/teams/CIN/2025-schedule-scores.shtml#all_team_schedule
NYA202509280,2025-09-28,0,BAL,NYY,@,NYY,NYA,BAL,https://www.baseball-reference.com/teams/BAL/2025-schedule-scores.shtml#all_team_schedule
PHI202509280,2025-09-28,0,MIN,PHI,@,PHI,PHI,MIN,https://www.baseball-reference.com/teams/MIN/2025-schedule-scores.shtml#all_team_schedule
SDN202509280,2025-09-28,0,ARI,SDP,@,SDP,SDN,ARI,https://www.baseball-reference.com/teams/ARI/2025-schedule-scores.shtml#all_team_schedule
SEA202509280,2025-09-28,0,LAD,SEA,@,SEA,SEA,LAD,https://www.baseball-reference.com/teams/LAD/2025-schedule-scores.shtml#all_team_schedule
SFN202509280,2025-09-28,0,COL,SFG,@,SFG,SFN,COL,https://www.baseball-reference.com/teams/COL/2025-schedule-scores.shtml#all_team_schedule
TOR202509280,2025-09-28,0,TBR,TOR,@,TOR,TOR,TBR,https://www.baseball-reference.com/teams/TBR/2025-schedule-scores.shtml#all_team_schedule
WAS202509280,2025-09-28,0,CHW,WSN,@,WSN,WAS,CHW,https://www.baseball-reference.com/teams/CHW/2025-schedule-scores.shtml#all_team_schedule
